Date,Close,High,Low,Open,Volume
1999-01-22,0.03760489076375961,0.04476720030332596,0.03557501920987287,0.040111514837721254,2714688000
1999-01-25,0.041544511914253235,0.042021264241855726,0.03760487558208047,0.04058916973413708,510480000
1999-01-26,0.038320936262607574,0.04285743164847312,0.03772407517378723,0.04202127896502816,343200000
1999-01-27,0.038201745599508286,0.03939546433568518,0.0362910640268942,0.03844012184164067,244368000
1999-01-28,0.03808163106441498,0.038440112394532586,0.03784325488086634,0.038201736210983946,227520000
1999-01-29,0.03629106283187866,0.038201744341576596,0.03629106283187866,0.038081639169445285,244032000
1999-02-01,0.037008024752140045,0.03724640098067382,0.036291061956603324,0.036291061956603324,154704000
1999-02-02,0.03414291515946388,0.037246399849691324,0.033068386346017074,0.03629106085462959,264096000
1999-02-03,0.03485895320773125,0.03533662428448895,0.03342594339293185,0.0336652383125257,75120000
1999-02-04,0.03676873818039894,0.03772407733448584,0.03485896838862965,0.0353366396734107,181920000
1999-02-05,0.03784327208995819,0.03820175358309397,0.03641117681236277,0.037365600743109885,136848000
1999-02-08,0.036530353128910065,0.03820174299830211,0.036530353128910065,0.03808163783039401,154080000
1999-02-09,0.035097334533929825,0.037484771274571366,0.03461966343330634,0.03724639169002368,86976000
1999-02-10,0.034739766269922256,0.03605267093001956,0.034142905416586725,0.035097332207569304,148224000
1999-02-11,0.037724073976278305,0.03915616894030585,0.03485896528547489,0.03485896528547489,132240000
1999-02-12,0.03987312689423561,0.04011150308442512,0.03820173727523719,0.03820173727523719,109728000
1999-02-16,0.04011151194572449,0.04226057318242255,0.0360526844779394,0.04058918319418631,211008000
1999-02-17,0.03796243295073509,0.03963382215711901,0.037246385794379264,0.039156151132104966,67728000
1999-02-18,0.03855930641293526,0.039633835173797954,0.03748477765207256,0.03915616399190552,70704000
1999-02-19,0.03987312689423561,0.04058917422736143,0.03772406613230088,0.03820173727523719,75360000
1999-02-22,0.04011151194572449,0.04106685444264813,0.03796245070902642,0.04058918319418631,205248000
1999-02-23,0.042021263390779495,0.04285741576432314,0.038679403352968364,0.041066839992449304,138096000
1999-02-24,0.04536404460668564,0.0501398334869239,0.044289516016949505,0.04822915247911859,612768000
1999-02-25,0.043931957334280014,0.04870683165903367,0.0432149911754564,0.04727473345118836,149136000
1999-02-26,0.0419020801782608,0.045841716727673405,0.04154451420510508,0.044409622140986045,172608000
1999-03-01,0.0421413779258728,0.04393195751266321,0.04011150677976465,0.04297661513877809,92160000
1999-03-02,0.04178289696574211,0.04226056815740617,0.041066849559571524,0.04202127318024863,55248000
1999-03-03,0.03891780227422714,0.042021287968234976,0.03867942597583205,0.042021287968234976,61392000
1999-03-04,0.03808163106441498,0.04106684422622612,0.037724065081354966,0.040827549280145786,57360000
1999-03-05,0.04023069888353348,0.040349885288655546,0.03844011919482216,0.03844011919482216,78768000
1999-03-08,0.04082755744457245,0.042021276126091064,0.03844012008153522,0.0391561675379033,75888000
1999-03-09,0.0421413779258728,0.04273823892662777,0.04070836778051962,0.04070836778051962,143184000
1999-03-10,0.04142442345619202,0.04273824746570869,0.04082756233618448,0.04273824746570869,235344000
1999-03-11,0.03963383659720421,0.04142441622937065,0.03963383659720421,0.04070836881213204,54288000
1999-03-12,0.03891780227422714,0.039873144993756174,0.03820175461606754,0.039873144993756174,90768000
1999-03-15,0.04058917984366417,0.04106685105269558,0.039633837425601344,0.03987313241145926,108816000
1999-03-16,0.03927627205848694,0.04130522798614158,0.03891779066261527,0.04082755676889627,79152000
1999-03-17,0.03951464220881462,0.04034987585858707,0.03855930000382145,0.03963382858608194,51360000
1999-03-18,0.039992302656173706,0.04058915997691709,0.038679394838228416,0.039633818026455395,46320000
1999-03-19,0.04011151194572449,0.04130523068549891,0.03987313570287371,0.03987313570287371,105312000
1999-03-22,0.03891780227422714,0.04106686401168029,0.03891780227422714,0.04094675880724627,36672000
1999-03-23,0.036530353128910065,0.03915616666460119,0.03581430568851202,0.03915616666460119,163968000
1999-03-24,0.03629106283187866,0.036530354413414054,0.03485896448525151,0.03629106283187866,60864000
1999-03-25,0.03676873818039894,0.03820174861926689,0.03605268721916722,0.036171877057392554,40320000
1999-03-26,0.039992302656173706,0.04011148900168624,0.03724638191253587,0.03724638191253587,88272000
1999-03-29,0.041186027228832245,0.04214136591495714,0.04046997661834993,0.041186027228832245,65952000
1999-03-30,0.037724073976278305,0.04166371156373909,0.03748478238924973,0.04130523014909549,69504000
1999-03-31,0.040349893271923065,0.04082756458056273,0.03712722148137606,0.03891779810888009,153600000
1999-04-01,0.039156150072813034,0.04058916310908784,0.03844010293582844,0.04034986822188923,30432000
1999-04-05,0.03796243295073509,0.03963382215711901,0.03772405681939331,0.0386793988694214,98640000
1999-04-06,0.037008024752140045,0.03844011964875282,0.036291061956603324,0.038320933242223305,69696000
1999-04-07,0.04011151194572449,0.04034988818857527,0.037008026974863044,0.037246403217713824,89280000
1999-04-08,0.04082755744457245,0.042021276126091064,0.039873133756986805,0.04034988621942191,130128000
1999-04-09,0.04011151194572449,0.04106685444264813,0.03987313570287371,0.04106685444264813,48624000
1999-04-12,0.03844011202454567,0.039633830455862704,0.03772406471826002,0.039633830455862704,33312000
1999-04-13,0.03688790649175644,0.039156153200932124,0.036291049077273034,0.039156153200932124,36144000
1999-04-14,0.0358143076300621,0.03760488741721217,0.0358143076300621,0.03676873476357688,48288000
1999-04-15,0.03676873818039894,0.03676873818039894,0.03581431095819175,0.03676873818039894,35856000
1999-04-16,0.03796243295073509,0.0385592937491567,0.036530338638023435,0.036530338638023435,38928000
1999-04-19,0.03629106283187866,0.03844012057585958,0.03581430694783789,0.03844012057585958,31296000
1999-04-20,0.0355750136077404,0.03772407124548801,0.035216528803572095,0.03629106103792055,67680000
1999-04-21,0.03617187589406967,0.03629106572846175,0.03533663853694987,0.03557501820573402,37488000
1999-04-22,0.03461967408657074,0.03629106407183987,0.03426210801519186,0.03629106407183987,227184000
1999-04-23,0.03294918313622475,0.034619656947198145,0.03270989166498099,0.03450046717725491,126048000
1999-04-26,0.03127781301736832,0.033425955497010065,0.030560846761391702,0.03294919959456763,123504000
1999-04-27,0.03461967408657074,0.034858965676282036,0.031516189121218716,0.03199386036883256,226944000
1999-04-28,0.03438127785921097,0.03485894541369429,0.033306746159629017,0.03485894541369429,120096000
1999-04-29,0.03438127785921097,0.03461965396307682,0.03366523078538884,0.03450046420340742,48144000
1999-04-30,0.03485895320773125,0.03629105109104808,0.03450047191729232,0.03473976683688618,99312000
1999-05-03,0.035097334533929825,0.03521652091072978,0.034142907679684864,0.03521652091072978,33840000
1999-05-04,0.03318757191300392,0.03509733772675445,0.03247152457816741,0.03509733772675445,96048000
1999-05-05,0.03390362486243248,0.03390362486243248,0.03151618750923414,0.03342595363925049,144576000
1999-05-06,0.03324715793132782,0.0343812829716505,0.03223222266839786,0.03366523579135335,35616000
1999-05-07,0.0334259457886219,0.0336652407253664,0.03223222739238697,0.03223222739238697,25008000
1999-05-10,0.0334259457886219,0.03414290842088558,0.03318756961437326,0.03318756961437326,19680000
1999-05-11,0.03521652892231941,0.036291061160291106,0.034142915447032636,0.03485896287962724,171744000
1999-05-12,0.03629106283187866,0.036411168004009974,0.035097344135009305,0.0355750153663025,168480000
1999-05-13,0.03629106283187866,0.03724640187899022,0.03617187300699976,0.03629106283187866,69936000
1999-05-14,0.03438127785921097,0.03629104297681149,0.033903606889254694,0.03629104297681149,28464000
1999-05-17,0.036052681505680084,0.036052681505680084,0.03378443404229322,0.033903623861629824,35760000
1999-05-18,0.037724073976278305,0.038201745218536934,0.035336636527733514,0.03641116883986579,151536000
1999-05-19,0.036052681505680084,0.040827556071127015,0.03545582389273655,0.03939546120656674,451728000
1999-05-20,0.03318757191300392,0.03629105620566846,0.031874663630973306,0.03629105620566846,178176000
1999-05-21,0.03247153386473656,0.03270991012366905,0.0315161913033621,0.03270991012366905,303504000
1999-05-24,0.032351430505514145,0.03342595954924421,0.03187467454527451,0.03270991196922374,162624000
1999-05-25,0.03259071707725525,0.03294919848543896,0.03223223566907154,0.03247153066726288,130080000
1999-05-26,0.03247153386473656,0.034142920550255564,0.03247153386473656,0.03247153386473656,104736000
1999-05-27,0.032232239842414856,0.032709911137913356,0.032232239842414856,0.032709911137913356,82320000
1999-05-28,0.03259071707725525,0.03270990690272245,0.03223223566907154,0.03270990690272245,88656000
1999-06-01,0.032709911465644836,0.032709911465644836,0.03199386389664813,0.03247153519693258,98544000
1999-06-02,0.0315161794424057,0.032709897813462716,0.0315161794424057,0.032709897813462716,130128000
1999-06-03,0.032351430505514145,0.032590722125294985,0.031993864389203264,0.032351430505514145,41568000
1999-06-04,0.03259071707725525,0.03270990690272245,0.032351425494538746,0.03259071707725525,78912000
1999-06-07,0.03294918313622475,0.033425938800524455,0.03270989166498099,0.032769484842215986,125136000
1999-06-08,0.033784423023462296,0.034381283857213604,0.03294918604425912,0.03306837582472183,153312000
1999-06-09,0.03438127785921097,0.035097324933033094,0.033903606889254694,0.033903606889254694,95184000
1999-06-10,0.03450048342347145,0.03461967324954097,0.03414291736073776,0.034381297012876795,36096000
1999-06-11,0.033784423023462296,0.03461966000266547,0.03259070477143323,0.03450047022220276,61008000
1999-06-14,0.03247153386473656,0.033903628943976,0.03223223884298182,0.0338440323176365,51648000
1999-06-15,0.03247153386473656,0.03270991012366905,0.03199386258404933,0.03247153386473656,49296000
1999-06-16,0.0334259457886219,0.03438128801060819,0.03247152232913147,0.032949190024650646,64416000
1999-06-17,0.03247153386473656,0.03366525268504351,0.03247153386473656,0.03318758140435628,74928000
1999-06-18,0.03127781301736832,0.03270990800379615,0.03127781301736832,0.03270990800379615,158736000
1999-06-21,0.03294918313622475,0.03294918313622475,0.031366729486331305,0.032232220653850764,83472000
1999-06-22,0.032351430505514145,0.03294920358900458,0.031635379510018304,0.03294920358900458,193056000
1999-06-23,0.03294918313622475,0.03294918313622475,0.03163535987277729,0.03199384452943753,210912000
1999-06-24,0.032232239842414856,0.033187582433411855,0.03199386357609097,0.033187582433411855,115200000
1999-06-25,0.032709911465644836,0.033068392923835496,0.03199386389664813,0.03199386389664813,73536000
1999-06-28,0.03318757191300392,0.03378442944472383,0.03247152457816741,0.03378442944472383,109152000
1999-06-29,0.03354605659842491,0.03402280902747398,0.033187575221724296,0.03366524641342445,92688000
1999-06-30,0.036530353128910065,0.036530353128910065,0.03390362424599871,0.03461967168639675,269232000
1999-07-01,0.03461967408657074,0.03653035566155117,0.032709907858874,0.03653035566155117,88992000
1999-07-02,0.037127211689949036,0.037127211689949036,0.034381293169336975,0.03509734056201784,224880000
1999-07-06,0.03724639117717743,0.03748477075844286,0.03676872349860485,0.03748477075844286,198096000
1999-07-07,0.036530353128910065,0.03748478021068384,0.036530353128910065,0.03748478021068384,63120000
1999-07-08,0.03736557811498642,0.03796243553862227,0.035575002428605305,0.03676872069135058,186048000
1999-07-09,0.04052957892417908,0.04082754829253856,0.03724639305074593,0.03724639305074593,211728000
1999-07-12,0.04237976297736168,0.04417033937783986,0.041305230652142914,0.04297662063902943,401040000
1999-07-13,0.04249894618988037,0.043095807222066754,0.04058918010418151,0.042857427581888576,138864000
1999-07-14,0.04082755744457245,0.04345428980154266,0.04058918121335489,0.042498947351241594,137952000
1999-07-15,0.04106685146689415,0.042498946345748016,0.04106685146689415,0.04118604128742037,137040000
1999-07-16,0.0419020801782608,0.042260561498448763,0.041066843088707214,0.041782890382050894,103872000
1999-07-19,0.04082755744457245,0.042141381296677875,0.04058918121335489,0.042021276126091064,43632000
1999-07-20,0.04011151194572449,0.04082755943703709,0.03867941696309929,0.04082755943703709,178752000
1999-07-21,0.03891780227422714,0.03963384993238674,0.037724083256303026,0.03963384993238674,112080000
1999-07-22,0.037127211689949036,0.03867941163521509,0.03676873032002899,0.03867941163521509,213264000
1999-07-23,0.037127211689949036,0.03820174045254995,0.03700802187720394,0.03700802187720394,80256000
1999-07-26,0.03724639117717743,0.03808162822764816,0.03724639117717743,0.03808162822764816,60528000
1999-07-27,0.03736557811498642,0.03748476789651912,0.03676872069135058,0.03724638833345373,98592000
1999-07-28,0.03796243295073509,0.03844010397574914,0.037127199436445046,0.037246385794379264,244224000
1999-07-29,0.038320936262607574,0.038440122678531134,0.03700802766904333,0.03724640391636546,388800000
1999-07-30,0.03844011202454567,0.03939545427460844,0.0382017358432914,0.03832092564165557,452304000
1999-08-02,0.03879859670996666,0.03891778309268252,0.03820173578744367,0.03844011196834945,313344000
1999-08-03,0.03784327208995819,0.0387986147836548,0.03748479059682241,0.0387986147836548,255216000
1999-08-04,0.03784327208995819,0.03820175358309397,0.03772408223624566,0.03808164838190759,89952000
1999-08-05,0.03844011202454567,0.03844011202454567,0.037246393593228636,0.03784325451662418,240576000
1999-08-06,0.03844011202454567,0.038559301822909835,0.0382017358432914,0.03832092564165557,183984000
1999-08-09,0.03844011202454567,0.03891778314957705,0.0382017358432914,0.038559301822909835,31056000
1999-08-10,0.039156150072813034,0.04082753923398084,0.03844010293582844,0.038679397823027054,212064000
1999-08-11,0.04178289696574211,0.04226056815740617,0.03939545977007281,0.03987313096173688,197712000
1999-08-12,0.0438118502497673,0.044886378970438776,0.0417828945481677,0.042021270748881685,239616000
1999-08-13,0.04333510622382164,0.04428953346443785,0.042976624770351524,0.043454296064345914,84672000
1999-08-16,0.04166371375322342,0.04369266989374899,0.04023070336661582,0.04369266989374899,223440000
1999-08-17,0.04178289696574211,0.0424989443719127,0.040708368182898,0.04178289696574211,193536000
1999-08-18,0.04273822158575058,0.043214973816610734,0.040469971732351694,0.04130520860636267,279888000
1999-08-19,0.051810313016176224,0.05419866537813768,0.044170330816126153,0.04572253067307688,1966992000
1999-08-20,0.05133357271552086,0.052287996552242415,0.04942289093183508,0.05193043385728161,353088000
1999-08-23,0.0482291616499424,0.05061659887052914,0.04655777184299956,0.05061659887052914,507984000
1999-08-24,0.047990769147872925,0.04846843676695721,0.045125661702875554,0.04751309811331522,398064000
1999-08-25,0.04775150492787361,0.04858765775839522,0.045841738325042104,0.04810998641695257,350352000
1999-08-26,0.04703543335199356,0.048468443231317444,0.046319386085830375,0.047751480618156754,275376000
1999-08-27,0.04966217651963234,0.05157194272412483,0.047751494967867285,0.04799078997014601,552384000
1999-08-30,0.04948246106505394,0.051452738558469095,0.04739391254769227,0.05049739640448733,158640000
1999-08-31,0.05372099205851555,0.053959368245365485,0.048706826687241155,0.049662165544255614,786864000
1999-09-01,0.05121345818042755,0.05372100064828268,0.05037822092262026,0.05372100064828268,565344000
1999-09-02,0.050616584718227386,0.050855876215502395,0.04846843966243841,0.04954205280913104,341088000
1999-09-03,0.050975073128938675,0.05228797795655888,0.05061659179860909,0.051571930642957856,258864000
1999-09-07,0.050736699253320694,0.051810312599033084,0.05049740429621305,0.051810312599033084,124416000
1999-09-08,0.050616584718227386,0.05121344214875657,0.050616584718227386,0.050855876215502395,170064000
1999-09-09,0.04990054666996002,0.05145274651176689,0.04894520436830642,0.051094265165740796,209472000
1999-09-10,0.050616584718227386,0.05133354727859593,0.05037820515240885,0.05073668984806675,167424000
1999-09-13,0.04894520714879036,0.05085588844516549,0.04846845131797819,0.05085588844516549,174432000
1999-09-14,0.04751310497522354,0.04894519952337289,0.047274725389218585,0.04894519952337289,250368000
1999-09-15,0.04787159338593483,0.04846845095553114,0.04655776967344408,0.04691625103715409,212736000
1999-09-16,0.04667696729302406,0.04775149621677581,0.04608010620810049,0.04727474030976916,158112000
1999-09-17,0.04655776172876358,0.04679705665643404,0.044886372284914385,0.04637897875098804,171648000
1999-09-20,0.044886376708745956,0.04631939012861809,0.044886376708745956,0.04572252918657217,229104000
1999-09-21,0.04058917984366417,0.04417033576737313,0.03999232223078334,0.043931959544199636,737328000
1999-09-22,0.041544511914253235,0.041782888078054484,0.03820173304630227,0.04058916973413708,375984000
1999-09-23,0.03808163106441498,0.04178289153940374,0.037724065081354966,0.041663701739892374,379584000
1999-09-24,0.03461967408657074,0.03915616937928935,0.03199386036883256,0.038201745646820294,684912000
1999-09-27,0.03676873818039894,0.037484785726155455,0.03461967678029927,0.03688792460314907,432000000
1999-09-28,0.04011151194572449,0.04058918319418631,0.03676873538472695,0.036828328591570904,413184000
1999-09-29,0.03688790649175644,0.04249893179031667,0.036291049077273034,0.04094673227532939,594048000
1999-09-30,0.03676873818039894,0.039395467449804454,0.03629106689561789,0.03820174861926689,342528000
1999-10-01,0.036530353128910065,0.03748478021068384,0.03461967168639675,0.03617187173510093,347760000
1999-10-04,0.03724639117717743,0.03784325206185657,0.03676872349860485,0.03772406227122386,177600000
1999-10-05,0.04082755744457245,0.04106685243850543,0.037246401400016595,0.037246401400016595,478080000
1999-10-06,0.045722536742687225,0.04775149267735935,0.04058918068200835,0.04094674673189123,1508736000
1999-10-07,0.04273822158575058,0.04763228034248378,0.04249892670805135,0.04763228034248378,487296000
1999-10-08,0.044886376708745956,0.04620020032652955,0.041066845114190065,0.0427382347227651,398928000
1999-10-11,0.04369266703724861,0.04536405698234278,0.042498948328286566,0.04524486715625646,544464000
1999-10-12,0.04309580475091934,0.044409628491786445,0.04297661493766469,0.043931957307079196,322992000
1999-10-13,0.0419020801782608,0.04261812747160448,0.041066843088707214,0.04261812747160448,280368000
1999-10-14,0.04106685146689415,0.042021275131898836,0.04058918025304497,0.042021275131898836,192336000
1999-10-15,0.04082755744457245,0.04106685243850543,0.038917791306685746,0.039036981130031914,210720000
1999-10-18,0.03867941349744797,0.04094674559739709,0.0384401185132776,0.04094674559739709,215184000
1999-10-19,0.037127211689949036,0.0398731302105611,0.03641116429726817,0.0398731302105611,308928000
1999-10-20,0.03844011202454567,0.03891778314957705,0.037127207210338534,0.03772406471826002,348720000
1999-10-21,0.04023069888353348,0.04023069888353348,0.03724640054083951,0.03832093278970009,382128000
1999-10-22,0.041186027228832245,0.04237974547464024,0.04011149534739227,0.04011149534739227,286752000
1999-10-25,0.039156150072813034,0.04154450513327105,0.039156150072813034,0.040946729004163955,213840000
1999-10-26,0.04297661408782005,0.04440962761360456,0.040589176974132,0.04082755318045302,481248000
1999-10-27,0.04106685146689415,0.043454288773446384,0.04034988526477353,0.04321499378517495,214128000
1999-10-28,0.039156150072813034,0.04202125738305704,0.038917773947920044,0.041305210246072435,222768000
1999-10-29,0.04226056858897209,0.04297661600245497,0.03939546017238018,0.039633836389321005,330528000
1999-11-01,0.044886376708745956,0.046557766317320996,0.041544516254147436,0.041544516254147436,782544000
1999-11-02,0.04775150492787361,0.04799079998006449,0.04536406698359945,0.04572254847267841,837504000
1999-11-03,0.052407167851924896,0.05372099144447861,0.04930368364562674,0.049662164976611516,2011680000
1999-11-04,0.05574994534254074,0.05718295527669082,0.053004942549077345,0.053004942549077345,1260336000
1999-11-05,0.053959380835294724,0.05777982863862641,0.05133356711710668,0.05730216080640567,616368000
1999-11-08,0.055511582642793655,0.05706378275003728,0.05061660267069681,0.052287989187648584,470016000
1999-11-09,0.054675426334142685,0.05563076879473981,0.052527283941887125,0.05539239256095319,272352000
1999-11-10,0.054198671132326126,0.054914718560287776,0.053124142316781496,0.054855125358716214,144048000
1999-11-11,0.05801819637417793,0.06088330109335641,0.05300494621046318,0.05419866470302098,562704000
1999-11-12,0.061122599989175797,0.0611225999891758,0.05706377651582085,0.060525745827636965,501504000
1999-11-15,0.05992887169122696,0.0633908368282718,0.05897352954010521,0.06153974571130154,362208000
1999-11-16,0.06565910577774048,0.06685282101001475,0.061122603995744026,0.06136098363569272,723792000
1999-11-17,0.06816571950912476,0.07162768512611642,0.06589746894983743,0.0668528112334023,786384000
1999-11-18,0.06840410083532333,0.0701955992393611,0.06780724664732507,0.06959782287321829,235968000
1999-11-19,0.0818944126367569,0.08475952473675812,0.07640257492241204,0.07664186992439125,2165184000
1999-11-22,0.0817752331495285,0.08404347754208676,0.07688024925829719,0.08398388433110096,540192000
1999-11-23,0.0759257897734642,0.07676102330639145,0.07258301128610639,0.07341824481903364,553248000
1999-11-24,0.07353747636079788,0.07640258189117886,0.06792736023919055,0.07556734792267221,406848000
1999-11-26,0.07306070625782013,0.07353746554057161,0.07067235360080981,0.07282141126922416,71760000
1999-11-29,0.07043399661779404,0.07377677027679228,0.06876260637281945,0.07282142763312069,298608000
1999-11-30,0.06613586097955704,0.07186607823234487,0.06613586097955704,0.07067235611943322,314688000
1999-12-01,0.06947865337133408,0.07043399600671722,0.06613587291038645,0.06613587291038645,223536000
1999-12-02,0.07461197674274445,0.07556731894597542,0.06971791004354995,0.06971791004354995,309888000
1999-12-03,0.07282140105962753,0.07664185489275381,0.07186606559552144,0.0753280312541494,342768000
1999-12-06,0.07485126703977585,0.07520882614877714,0.07306068446824356,0.07306068446824356,178608000
1999-12-07,0.07234375178813934,0.07556734549235253,0.06947864634990296,0.07544815224248536,186384000
1999-12-08,0.075567327439785,0.07628337479145345,0.07186606676583654,0.07210535489383152,201696000
1999-12-09,0.07329907268285751,0.07735789913020469,0.07067234085808968,0.07544812996378172,214944000
1999-12-10,0.07246293127536774,0.07497047721698534,0.07115002960536954,0.0746119958162505,98304000
1999-12-13,0.07222457230091095,0.07413433538359779,0.07067236850929148,0.07162771113981699,183840000
1999-12-14,0.07103080302476883,0.07413428637812779,0.07031475590665237,0.07234371090943251,273888000
1999-12-15,0.06876255571842194,0.07091161228663993,0.06709116670468726,0.07055313107635305,205968000
1999-12-16,0.06828490644693375,0.07019559102947373,0.0680465336708717,0.06912106235017271,132576000
1999-12-17,0.07186605036258698,0.07294057881838456,0.06983709516112978,0.07019557642869494,262080000
1999-12-20,0.07783560454845428,0.07923836092815786,0.0694786594909626,0.0719861993157691,402432000
1999-12-21,0.08117835968732834,0.08129754609117776,0.07497047491076349,0.07783557998679287,388368000
1999-12-22,0.08308812975883484,0.08404346535264688,0.07831325516040948,0.08141673989684779,251184000
1999-12-23,0.08857996761798859,0.08881834042864054,0.08284975056399094,0.08320731661091828,280224000
1999-12-27,0.08523718267679214,0.09060891800897934,0.08428184030516736,0.09048972477997444,202416000
1999-12-28,0.08499789237976074,0.08834067210175148,0.08475951957053193,0.08523718736715455,179184000
1999-12-29,0.0878630056977272,0.08881834130611417,0.08475952091394111,0.08481911411719284,132144000
1999-12-30,0.08857996761798859,0.08917682865373837,0.08643090311659081,0.08786300482969174,139776000
1999-12-31,0.08965358883142471,0.08977369059432093,0.0881023005793236,0.08840027344926421,127344000
2000-01-03,0.08941521495580673,0.09096741865565901,0.08428185816301224,0.09025137110654241,300912000
2000-01-04,0.08702777326107025,0.08810230220875961,0.08261046422156214,0.08786301402584155,300480000
2000-01-05,0.08416265994310379,0.08595323623860006,0.08296893785880662,0.08452114134109541,188352000
2000-01-06,0.07867081463336945,0.0841626515574566,0.07544813693051443,0.0841626515574566,120480000
2000-01-07,0.07998460531234741,0.08081983873958887,0.07711949480772405,0.0783132162801568,71184000
2000-01-10,0.08261045813560486,0.08595323798115921,0.07879092582302068,0.08022302074955867,239856000
2000-01-11,0.07926767319440842,0.08308812743959765,0.07926767319440842,0.08213278504150269,148128000
2000-01-12,0.07723871618509293,0.07938778058270211,0.07616418740176287,0.07926767200500626,123552000
2000-01-13,0.08046139776706696,0.08117836055413723,0.07616419094979357,0.07711953337805738,132192000
2000-01-14,0.0839233547449112,0.08726613411614557,0.08141673130551953,0.08165602626780422,604560000
2000-01-18,0.08750541508197784,0.08786298103205865,0.08117833870591507,0.08499786986559868,261648000
2000-01-19,0.08666926622390747,0.08786298806767537,0.08595321891943528,0.08786298806767537,164688000
2000-01-20,0.08643089234828949,0.09216110868836767,0.08571484499642505,0.08738623465916297,179568000
2000-01-21,0.08547554165124893,0.086550070161302,0.08332647780019545,0.08619158887563627,544272000
2000-01-24,0.08165603876113892,0.08822148993794209,0.08117836411060513,0.08822148993794209,256944000
2000-01-25,0.08093906193971634,0.08284974671064675,0.07831325193914118,0.08201359072496416,237120000
2000-01-26,0.0775962844491005,0.08308812858535392,0.07616418959487517,0.08093906412586342,232464000
2000-01-27,0.07353747636079788,0.07819315842924761,0.07067236399946648,0.07819315842924761,458208000
2000-01-28,0.07138931751251221,0.07306070740822168,0.06852421235858636,0.0725830396016781,194448000
2000-01-31,0.07079244405031204,0.07329906712322977,0.06685280428550383,0.0717468640566564,182400000
2000-02-01,0.07246293127536774,0.07306070766932163,0.068284917610255,0.0709116499593884,92976000
2000-02-02,0.07449278235435486,0.07592579905196799,0.07246291160301029,0.07282139290642399,149040000
2000-02-03,0.07568654417991638,0.07843246364434418,0.07520886941759243,0.07688025975008675,108240000
2000-02-04,0.0774771049618721,0.07807396603926006,0.07592582356617425,0.07807396603926006,123696000
2000-02-07,0.07270224392414093,0.0778356012833272,0.07258305748768101,0.0778356012833272,217488000
2000-02-08,0.07616417855024338,0.07879091041898903,0.0725830265867827,0.07449278895423153,468816000
2000-02-09,0.07807397097349167,0.08034222218180517,0.07795478455231851,0.07902931353041352,589056000
2000-02-10,0.09407086670398712,0.09550387658331101,0.08284973032585925,0.08284973032585925,970080000
2000-02-11,0.09550390392541885,0.09884668380782369,0.0885799713399413,0.0987265752192805,423792000
2000-02-14,0.11078387498855591,0.11078387498855591,0.09478694463114318,0.09574228713670227,650112000
2000-02-15,0.10648663341999054,0.11114232050332816,0.10195013954385929,0.11102313412706954,450480000
2000-02-16,0.11138074845075607,0.11508201734930117,0.1064866861896407,0.1076804085615647,1019568000
2000-02-17,0.1153203472495079,0.11603730995108982,0.10959013088856637,0.1112615205573897,535776000
2000-02-18,0.12869147956371307,0.1303628625959281,0.11281373695273428,0.11364897079523338,960864000
2000-02-22,0.12510938942432404,0.12630311140824305,0.12033451515054579,0.12463264383799784,542496000
2000-02-23,0.12582632899284363,0.1271392371316112,0.12212507564072461,0.12367727187575145,511392000
2000-02-24,0.12463262677192688,0.12737762955363358,0.11937916327497877,0.12654239588288035,244320000
2000-02-25,0.11687251180410385,0.12475179025640813,0.11173916463846818,0.12475179025640813,278736000
2000-02-28,0.11603732407093048,0.11746941895413601,0.11412664604067724,0.11627569688175787,517872000
2000-02-29,0.12224429845809937,0.12367730874568972,0.11532036588225854,0.11532036588225854,306048000
2000-03-01,0.11866312474012375,0.12224427680384993,0.11675335548825669,0.12224427680384993,383568000
2000-03-02,0.11066468060016632,0.11961848477650379,0.11030712135956254,0.11961848477650379,191040000
2000-03-03,0.11245526373386383,0.11364897905559936,0.1098294466016292,0.11078387374921753,273696000
2000-03-06,0.11173920333385468,0.12176754208306836,0.11078386094936228,0.11317221349511872,432096000
2000-03-07,0.15913309156894684,0.16665388317514054,0.13704747592427372,0.14325535935461953,1952208000
2000-03-08,0.16044604778289795,0.16187905811280848,0.1475535178882301,0.15904329856100197,668736000
2000-03-09,0.19157440960407257,0.20628776990189832,0.1618790550780668,0.16235581438578045,952944000
2000-03-10,0.22538815438747406,0.2769600830897812,0.20007985779605256,0.20151286790619766,2161200000
2000-03-13,0.28507861495018005,0.2865107094577886,0.20246726563355577,0.20437794999364123,2415168000
2000-03-14,0.21034657955169678,0.28352646987385366,0.2062877525023483,0.28352646987385366,1567776000
2000-03-15,0.2017512321472168,0.23123846774203471,0.19482730119103195,0.22541839067352648,995616000
2000-03-16,0.17987465858459473,0.21536074028923036,0.17692061482220137,0.20819750692775224,750384000
2000-03-17,0.19076849520206451,0.2043779858058797,0.17569664873642157,0.1757269098397012,557616000
2000-03-20,0.19064933061599731,0.20461638200266427,0.18456063199685854,0.19828931056617916,365280000
2000-03-21,0.18121784925460815,0.19267826983874914,0.16617626241283215,0.19100688677859223,536640000
2000-03-22,0.1825316846370697,0.18814179352990779,0.17954646388636805,0.18265087105136818,230592000
2000-03-23,0.18575431406497955,0.1957826521485453,0.18050177907064524,0.1808602535930122,309408000
2000-03-24,0.17799510061740875,0.19291749513284975,0.17190640451125072,0.18456055582338637,231600000
2000-03-27,0.16629546880722046,0.18336692899044707,0.1647441873146034,0.1776367043477421,388944000
2000-03-28,0.15388061106204987,0.16235582566878898,0.1508953901751454,0.16056524234504535,393312000
2000-03-29,0.14373302459716797,0.15805855960787635,0.13752514156755843,0.1544773944455162,469440000
2000-03-30,0.1428968459367752,0.15614877311736328,0.1346600085105494,0.13943488119547573,361920000
2000-03-31,0.161371111869812,0.1678476301256515,0.14994093977515868,0.15265659715986715,962976000
2000-04-03,0.14874732494354248,0.1604461393602581,0.14456839332958793,0.1599088711828224,329952000
2000-04-04,0.14325536787509918,0.1592522874188873,0.10887407821888573,0.15662556922584514,513792000
2000-04-05,0.17513002455234528,0.18623196793640187,0.1372867645988991,0.14468836985790712,639600000
2000-04-06,0.18324777483940125,0.19255914048610975,0.1745332567505753,0.18324777483940125,404592000
2000-04-07,0.19590190052986145,0.20055758969153623,0.1843222776713575,0.19243993368144688,318576000
2000-04-10,0.1785919964313507,0.21082422134321074,0.17489072916245363,0.19924460301408609,395280000
2000-04-11,0.167966827750206,0.18145713295415322,0.1528060548744032,0.1661459972217975,457584000
2000-04-12,0.15053781867027283,0.17190647743503246,0.1499409576109106,0.16820613833071732,313440000
2000-04-13,0.14409054815769196,0.15710317186679518,0.1415839326261429,0.15173143911047796,313296000
2000-04-14,0.13140717148780823,0.14528530074428217,0.12510943070961858,0.13489848428971365,421920000
2000-04-17,0.13812199234962463,0.1432553538238363,0.12033449174726443,0.12033449174726443,294096000
2000-04-18,0.16259507834911346,0.17142877929524672,0.1475534931545689,0.15202948598187296,477504000
2000-04-19,0.15483497083187103,0.16999665514438628,0.1528060154627207,0.16772841168208075,278352000
2000-04-20,0.15399974584579468,0.16199821209170862,0.15185068863608706,0.1590139075527708,153936000
2000-04-24,0.14635887742042542,0.15161232813202463,0.13871888435483726,0.1451651554007894,205968000
2000-04-25,0.16235578060150146,0.16713156982456875,0.15256674472913997,0.1529252192361745,249696000
2000-04-26,0.16068443655967712,0.17763669584884795,0.16044605006700782,0.17369706840056603,254112000
2000-04-27,0.17381618916988373,0.17548757171972412,0.14910475875592694,0.14994090770432345,280992000
2000-04-28,0.1702350676059723,0.1833668832121134,0.1702350676059723,0.17656213812187413,179040000
2000-05-01,0.17572695016860962,0.1805018254764143,0.17154800697276518,0.17668137055699895,119424000
2000-05-02,0.16892214119434357,0.1859935952875178,0.16402715225472378,0.17572688555589952,234000000
2000-05-03,0.16617625951766968,0.17333947993157453,0.15280605596898947,0.16784764254870735,329184000
2000-05-04,0.16820602118968964,0.17524913526327332,0.1643855693267929,0.1658176632682693,241200000
2000-05-05,0.17596526443958282,0.1800240908527149,0.16522087981069372,0.1674891234562201,170592000
2000-05-08,0.16951905190944672,0.17763669317656172,0.16927975007307905,0.17142880789256668,185136000
2000-05-09,0.16713158786296844,0.17381623167378682,0.1623557981244534,0.17238413686144563,176832000
2000-05-10,0.15065699815750122,0.1655793983174196,0.14922398793728522,0.1654602119128552,274080000
2000-05-11,0.1571032851934433,0.1598492043961889,0.15077621279051406,0.1528060844227003,245904000
2000-05-12,0.15232835710048676,0.16999667315532022,0.15232835710048676,0.1614013592347723,187824000
2000-05-15,0.16283345222473145,0.1654601840667539,0.14421070260274618,0.15161230823477087,282096000
2000-05-16,0.17954643070697784,0.1846797929939992,0.16808599785406236,0.16999668250461172,366432000
2000-05-17,0.21106263995170593,0.21894192173225824,0.1889779339601486,0.1890971203688804,1290624000
2000-05-18,0.19673709571361542,0.21571832324961523,0.1954241872300316,0.21225635708452067,509904000
2000-05-19,0.1950656622648239,0.20151283364356587,0.18957474159010257,0.19100683610960792,521184000
2000-05-22,0.2077207714319229,0.2077207714319229,0.1758461014601648,0.19291755841974695,517152000
2000-05-23,0.20604942739009857,0.22526903145447238,0.19912549372102833,0.20246735877917407,778560000
2000-05-24,0.20342262089252472,0.20915284383965999,0.17620455713738356,0.20581006464479334,739632000
2000-05-25,0.20055755972862244,0.21870355428458563,0.19805092904712346,0.2064069703296667,569184000
2000-05-26,0.20157243311405182,0.20712294677315732,0.18909706015834468,0.20157243311405182,183456000
2000-05-30,0.2098688930273056,0.21512142780694254,0.20604935459334323,0.20700377469734577,303648000
2000-05-31,0.21798653900623322,0.22156860623444688,0.20915283885535418,0.20915283885535418,469536000
2000-06-01,0.22407524287700653,0.22646268678788226,0.2184642196048258,0.22443373106724973,418992000
2000-06-02,0.25129416584968567,0.2540391681596585,0.22873086547225155,0.22873086547225155,592176000
2000-06-05,0.256695419549942,0.2693202207308937,0.24090753247433414,0.2509358615508518,491904000
2000-06-06,0.24389268457889557,0.2671711148381441,0.24257884693337806,0.257621364430081,375888000
2000-06-07,0.2330290526151657,0.24413101141638463,0.22944698495526136,0.24210205563437698,332352000
2000-06-08,0.23481962084770203,0.23923692202050742,0.22538814388192396,0.23899764755559383,460704000
2000-06-09,0.24150419235229492,0.2521294023402377,0.23565479789052096,0.23923686446355394,467280000
2000-06-12,0.2350580096244812,0.24460868729198992,0.22968628795826596,0.24257880249032593,380016000
2000-06-13,0.24245958030223846,0.24257876668261055,0.2272988104105062,0.2284925322320779,447840000
2000-06-14,0.24222123622894287,0.24830900511438597,0.23902790428859372,0.24699612408074315,275088000
2000-06-15,0.2485482394695282,0.2485482394695282,0.22849249729277243,0.24150419431245737,338592000
2000-06-16,0.28603309392929077,0.2865107685332774,0.24759296654977317,0.24765258707293408,987840000
2000-06-19,0.3039397597312927,0.3270998982170136,0.2781537774472851,0.28531701025446365,1052160000
2000-06-20,0.29988089203834534,0.3127743328367471,0.2960613813853641,0.30919319492898967,610272000
2000-06-21,0.33032259345054626,0.3361729183363029,0.2952252618572151,0.2952252618572151,614880000
2000-06-22,0.31229671835899353,0.3356952592800833,0.3091932543540816,0.3288905139507829,614352000
2000-06-23,0.2828104794025421,0.3077603077385756,0.2826903912916682,0.30393986638465,607392000
2000-06-26,0.3169524371623993,0.31874302022007944,0.28388405789257837,0.2884205459185422,618288000
2000-06-27,0.27218520641326904,0.3194599326810763,0.2638282514174319,0.31420646882739484,604608000
2000-06-28,0.2616802453994751,0.2884206627303579,0.2540393610954573,0.2779155602575075,586608000
2000-06-29,0.22395604848861694,0.25714362432967247,0.21965793371904352,0.25714362432967247,1184880000
2000-06-30,0.24281807243824005,0.24687688517620418,0.22300069963014904,0.2344611178649216,1209192000
2000-07-03,0.23350673913955688,0.2521294917184777,0.2311183933492193,0.24448951210435907,232680000
2000-07-05,0.2084367573261261,0.23302898627170607,0.2015128138046754,0.23255131180926966,777936000
2000-07-06,0.22109098732471466,0.22873096755028624,0.2036610537180254,0.2086752168215536,603936000
2000-07-07,0.222284734249115,0.23302910914075867,0.21774823163909535,0.22920866775944798,346560000
2000-07-10,0.2337450236082077,0.23923685885775806,0.21631601333056807,0.21846415480779416,351264000
2000-07-11,0.2526070475578308,0.2645451368308391,0.22801479459504906,0.23064153928086994,755304000
2000-07-12,0.2597694396972656,0.27290125503721613,0.254756179290872,0.26311220531706214,388152000
2000-07-13,0.2841232120990753,0.28555530633530823,0.26478351882038037,0.2652611932353583,458736000
2000-07-14,0.28197434544563293,0.2953445377375109,0.275050411942803,0.28985360105222424,280200000
2000-07-17,0.27887076139450073,0.2865107399449606,0.2779154122818531,0.2862723671712866,105552000
2000-07-18,0.27337896823883057,0.2865107854347157,0.2635899171351789,0.2635899171351789,183672000
2000-07-19,0.2559499442577362,0.2654996937976684,0.2504581066775709,0.2635899242267519,189504000
2000-07-20,0.2628738582134247,0.2693201156195772,0.2549945769733487,0.2557106243857691,142992000
2000-07-21,0.2662166655063629,0.2712298993426622,0.25976947875152445,0.26358991951034827,251928000
2000-07-24,0.24353425204753876,0.2683648984748572,0.2330291498583108,0.266455128293245,281112000
2000-07-25,0.23446112871170044,0.24926434039015222,0.23398345415134697,0.24735457115772203,335304000
2000-07-26,0.21703211963176727,0.23446113465888346,0.2105858627497369,0.23446113465888346,380064000
2000-07-27,0.20151285827159882,0.21297329087813882,0.19864775353543807,0.21010818614197807,331560000
2000-07-28,0.20628777146339417,0.22132935901115833,0.19100689574364352,0.20246733052758756,512664000
2000-07-31,0.2292085736989975,0.22968624821727346,0.2062877108643395,0.2177481422816685,371232000
2000-08-01,0.2246720939874649,0.2311183644036273,0.2230007111833481,0.22920859516060682,350616000
2000-08-02,0.2292085736989975,0.23290892545005804,0.2179865286982512,0.22156859575707877,345432000
2000-08-03,0.23923686146736145,0.244489422372466,0.20628768030436975,0.20628768030436975,368664000
2000-08-04,0.24353425204753876,0.24830911468248473,0.2397138099986762,0.24496727644083194,194784000
2000-08-07,0.26263463497161865,0.26478370686086755,0.2442502774669269,0.2452056269753399,246936000
2000-08-08,0.2569044232368469,0.27122996616713363,0.25595000273789426,0.2569044232368469,128112000
2000-08-09,0.24926429986953735,0.26191843847382296,0.24568316208630828,0.26024706961257044,136248000
2000-08-10,0.2521294355392456,0.2578596443943621,0.2387592487723428,0.2435341085946753,156432000
2000-08-11,0.2461608648300171,0.25451691863324677,0.2344611435404269,0.2526071492800313,131928000
2000-08-14,0.2485482394695282,0.2516517299292678,0.24066896076864477,0.24926428665119374,108576000
2000-08-15,0.27200642228126526,0.27696006206323254,0.24902596451925813,0.24974201184639655,443328000
2000-08-16,0.27887076139450073,0.2867491127186346,0.27051380650506723,0.2867491127186346,266232000
2000-08-17,0.2841232120990753,0.28555530633530823,0.27409489105821183,0.27505023988816774,129816000
2000-08-18,0.29415076971054077,0.29749356317785136,0.2824519762316877,0.28292962354738216,204720000
2000-08-21,0.29868727922439575,0.3101477280282235,0.2979712317187199,0.304895164637928,464472000
2000-08-22,0.2705138027667999,0.289375854275003,0.26788798625676924,0.28316797047032627,658872000
2000-08-23,0.28627246618270874,0.28674921189494607,0.2607248744548541,0.2662167129147514,352800000
2000-08-24,0.293912410736084,0.29677752969882415,0.2793484977435792,0.2846010336832732,332616000
2000-08-25,0.28651073575019836,0.29701583247582164,0.2850786411111699,0.29080885036141524,153048000
2000-08-28,0.29797112941741943,0.3017915964846968,0.2846009428428573,0.2879437354006144,189264000
2000-08-29,0.2972550392150879,0.29988085512478774,0.2941506471799105,0.29916480796839234,149376000
2000-08-30,0.29988089203834534,0.3039397317692055,0.2908088199106547,0.2939123106428896,178080000
2000-08-31,0.30322372913360596,0.31516182268966203,0.29844884145574885,0.3044174510530702,388896000
2000-09-01,0.30370137095451355,0.312296670605622,0.3003585783368724,0.3094315798298496,204144000
2000-09-05,0.30417904257774353,0.3111030011236844,0.3020299989020447,0.3108646010261589,246144000
2000-09-06,0.2831679582595825,0.3053727470017829,0.2807805146228829,0.3053727470017829,230136000
2000-09-07,0.2984488308429718,0.29892650539557186,0.2755279663612986,0.2874660868166318,239760000
2000-09-08,0.2807804346084595,0.3017915228685404,0.27982508582245763,0.295105966707628,222648000
2000-09-11,0.2693201005458832,0.27887077788644926,0.25881503036899756,0.2771993813449603,285888000
2000-09-12,0.2676486670970917,0.28364557032023896,0.2635898276158221,0.26955843596803974,125976000
2000-09-13,0.2675294876098633,0.2719467879855672,0.26120239099032283,0.2669326267592965,239976000
2000-09-14,0.2650229036808014,0.2807805356191146,0.2616801107358851,0.26884244218156944,216336000
2000-09-15,0.2708126902580261,0.2745726353414255,0.2616800952236524,0.26358986436082643,242592000
2000-09-18,0.25499463081359863,0.2731406411726044,0.25212953887368766,0.2714692441846651,163488000
2000-09-19,0.2628738582134247,0.2635899056258451,0.2406690383271202,0.24329578418477196,301104000
2000-09-20,0.2542784810066223,0.26072476450565785,0.25021966842295384,0.2557105755580056,227568000
2000-09-21,0.26520171761512756,0.2709915209958976,0.25594993445205716,0.25618830726085884,346824000
2000-09-22,0.26979777216911316,0.2731405652154001,0.2387592802308865,0.23899765301604103,387264000
2000-09-25,0.2891373932361603,0.29319623253983296,0.27600558107464074,0.2781537225821612,467568000
2000-09-26,0.2960614562034607,0.2994042222107492,0.2788707985847002,0.2922409882523487,337344000
2000-09-27,0.31229671835899353,0.3261446091324275,0.29367399434004876,0.29367399434004876,676128000
2000-09-28,0.321847528219223,0.32375729836021994,0.30179177217718606,0.30943175442679255,333816000
2000-09-29,0.3127744793891907,0.32471260410644043,0.30752194277716244,0.3127744793891907,373872000
2000-10-02,0.3053727447986603,0.32948732979825207,0.29749349229484207,0.3170715628138642,340584000
2000-10-03,0.2888982892036438,0.30943171758877,0.28651084455926795,0.3070442729443942,300264000
2000-10-04,0.28555548191070557,0.29033127266442066,0.2774378262147822,0.28125829487494153,419568000
2000-10-05,0.27887076139450073,0.28770446183128223,0.2729012502777104,0.28770446183128223,525048000
2000-10-06,0.2614409029483795,0.28149665475234814,0.2576213634735093,0.279586885014913,1027176000
2000-10-09,0.26717105507850647,0.27122986818473693,0.23684858303712605,0.25475618832594,665256000
2000-10-10,0.24687688052654266,0.2688424221534651,0.24448946421296514,0.255949882231893,415944000
2000-10-11,0.24902592599391937,0.2626344844925511,0.22252299819536206,0.23183527339581603,535776000
2000-10-12,0.23923686146736145,0.26932002326906784,0.23684851655358824,0.2545168424113758,401616000
2000-10-13,0.24878668785095215,0.25594992154854096,0.23834121047604606,0.24090743407774062,578976000
2000-10-16,0.24305641651153564,0.24878662495250498,0.23732620807056634,0.24878662495250498,339216000
2000-10-17,0.22538815438747406,0.243056471878924,0.2227623513141906,0.24210205170660481,463248000
2000-10-18,0.22180701792240143,0.2347004621048589,0.20079591947142753,0.21082425857678413,416952000
2000-10-19,0.2432957887649536,0.2463992802832555,0.23255138866384384,0.23613255480244605,294888000
2000-10-20,0.26597726345062256,0.27218514604323385,0.23589410108547734,0.23756549717869174,387360000
2000-10-23,0.2600087821483612,0.26979780607568316,0.2516518258061865,0.26812643666628677,182112000
2000-10-24,0.2516517639160156,0.26311218175800544,0.2506973438811571,0.25881499640266153,193968000
2000-10-25,0.22968631982803345,0.24830904681323526,0.22801492299741652,0.24472790764679503,385512000
2000-10-26,0.23947526514530182,0.24830893638010465,0.21488300927102302,0.23111831203269537,265776000
2000-10-27,0.23398348689079285,0.2456236431990094,0.22538817161439792,0.2397137243988536,210960000
2000-10-30,0.21750980615615845,0.23535690354098973,0.21727050435227055,0.23016396149571677,192120000
2000-10-31,0.23738586902618408,0.24114671643806868,0.21918119804318498,0.22610513016112882,299256000
2000-11-01,0.2373262494802475,0.24066901510396574,0.2234783867815647,0.23159604003944714,304536000
2000-11-02,0.2554723024368286,0.26168018827755823,0.24162443564546784,0.2456832771358793,192888000
2000-11-03,0.27218520641326904,0.27696006669555717,0.25021969058588855,0.25212945982652374,268632000
2000-11-06,0.29319629073143005,0.3056111291790213,0.2769600559330898,0.2786314523320667,635040000
2000-11-07,0.27337896823883057,0.2884205549542521,0.2635899171351789,0.2884205549542521,258240000
2000-11-08,0.26526132225990295,0.27648337029232584,0.26120248127139956,0.27648337029232584,187080000
2000-11-09,0.23756559193134308,0.26168015573076414,0.22586585559810296,0.24926438559353178,564528000
2000-11-10,0.2246720939874649,0.2578596695556827,0.21870351179620173,0.24568320338716076,805248000
2000-11-13,0.22562746703624725,0.250219717428645,0.20628775205201821,0.2134509859147833,530040000
2000-11-14,0.2669326961040497,0.2688424655202239,0.2387592937175681,0.24066903580994606,470736000
2000-11-15,0.26341110467910767,0.27051381572182387,0.2514134178523076,0.2621577895566655,423864000
2000-11-16,0.24687688052654266,0.26263451129095083,0.24448946421296514,0.255949882231893,235536000
2000-11-17,0.2421019971370697,0.26144079148529276,0.23398341626729421,0.24878662554897119,178776000
2000-11-20,0.22347840666770935,0.2332674299466266,0.22085167449168133,0.23314824354696537,298752000
2000-11-21,0.21918125450611115,0.23493889226516243,0.20772083140002673,0.23302912230932554,382512000
2000-11-22,0.2077207714319229,0.21679284553627653,0.19864776831850192,0.2101082017779099,409752000
2000-11-24,0.21965795755386353,0.22777652706891424,0.21010820853882517,0.21010820853882517,165072000
2000-11-27,0.2122563272714615,0.2368485751998933,0.20348221985422804,0.2354164805115189,363864000
2000-11-28,0.19643907248973846,0.21774813111031277,0.1917237924172627,0.21547988768344395,382344000
2000-11-29,0.18432223796844482,0.19960221090489563,0.16951903797095816,0.19936382443541356,636408000
2000-11-30,0.15471580624580383,0.16856366903965994,0.13895817418695522,0.16856366903965994,981624000
2000-12-01,0.16999666392803192,0.18623196910799894,0.1633111059068715,0.164266454958698,784080000
2000-12-04,0.17262254655361176,0.17668137440623818,0.15949072723917776,0.17107126501021253,474264000
2000-12-05,0.18384452164173126,0.1914844989782465,0.16760921800785225,0.18479985694068535,997224000
2000-12-06,0.1575809121131897,0.18527665156092737,0.15662557663125654,0.18026339107833356,950928000
2000-12-07,0.15471580624580383,0.16307274768632882,0.14182327892704663,0.14994093224071994,785184000
2000-12-08,0.19005241990089417,0.19100683993002598,0.1547753834081565,0.17071270874803346,853392000
2000-12-11,0.19005241990089417,0.19387194437333227,0.17906966298479085,0.18384453649526403,757632000
2000-12-12,0.18479984998703003,0.18861937400715234,0.17859196731654997,0.18527660910258115,409512000
2000-12-13,0.1704743653535843,0.18718733403475596,0.1671315858155373,0.1840829409547188,675072000
2000-12-14,0.15877468883991241,0.17071278657463926,0.15471586075312638,0.16927977602618416,569016000
2000-12-15,0.1430170089006424,0.15805859445861015,0.1423000461649027,0.14874721870363608,1094424000
2000-12-18,0.14773228764533997,0.15280604317798308,0.1456428097017956,0.1489855891459541,658872000
2000-12-19,0.1365698128938675,0.16331111793994227,0.1337047081980942,0.14994092992139743,946200000
2000-12-20,0.12176753580570221,0.14850792673549673,0.11508197698421402,0.1296458875713877,1105392000
2000-12-21,0.10648663341999054,0.13656979940445393,0.10505362354010249,0.12009612187933205,845256000
2000-12-22,0.13394400477409363,0.14612048532468008,0.1150819789497321,0.1150819789497321,949080000
2000-12-26,0.12845221161842346,0.13704754284135642,0.11985689405739287,0.1356154475882471,343824000
2000-12-27,0.13704749941825867,0.1423000483691034,0.1217675408304293,0.12702007611937602,339456000
2000-12-28,0.13776347041130066,0.14134553611733075,0.1294074483521415,0.13155650470642746,419232000
2000-12-29,0.12516896426677704,0.14206163886784504,0.12224426659607054,0.13752515171439664,495168000
2001-01-02,0.11436591297388077,0.12773610729200588,0.11388824526270382,0.12606472456093837,290808000
2001-01-03,0.1494632363319397,0.15065695807824597,0.10791872487307534,0.11078383603503622,910368000
2001-01-04,0.16665393114089966,0.1704743857370416,0.14277772592749235,0.14683655334824813,815448000
2001-01-05,0.14170323312282562,0.16593791792503218,0.1384805542791653,0.16522095494668462,432768000
2001-01-08,0.15519344806671143,0.16140133080545807,0.13776350785343366,0.13776350785343366,573768000
2001-01-09,0.15829701721668243,0.16140142490028478,0.14970168613726248,0.15734259673366532,302904000
2001-01-10,0.16927970945835114,0.16999667212435154,0.14659814693105644,0.1501792988727987,392928000
2001-01-11,0.18336686491966248,0.19053008381641645,0.16235577077931632,0.16522087526861345,447648000
2001-01-12,0.17954643070697784,0.19769242231162576,0.17763666140354933,0.18647036224325703,669000000
2001-01-16,0.1654602289199829,0.1805018170305424,0.162595109870371,0.1805018170305424,414984000
2001-01-17,0.17142875492572784,0.18336686080351552,0.1707127076562327,0.17811431280761772,592584000
2001-01-18,0.20431838929653168,0.20915285662767097,0.16760925345748015,0.17142877842915935,948168000
2001-01-19,0.1988861858844757,0.2177482151382007,0.19578269399063508,0.21010823464001538,1018704000
2001-01-22,0.19100691378116608,0.20055757984180092,0.18551599087360127,0.19291759893409013,377712000
2001-01-23,0.2100486010313034,0.21392773290020076,0.18766500271943976,0.18861942288285985,433632000
2001-01-24,0.20915283262729645,0.21201793711632191,0.19697635372379793,0.20986887991279726,451728000
2001-01-25,0.18814173340797424,0.20246726912812102,0.18384453446399762,0.20199050996137874,440016000
2001-01-26,0.19411133229732513,0.1963795768508891,0.176323823183719,0.17763671827519778,259248000
2001-01-29,0.1950656622648239,0.19530495036210255,0.18145708927967058,0.18814173172360793,354168000
2001-01-30,0.19936378300189972,0.203541795668156,0.1943496213265599,0.19817007485575208,243720000
2001-01-31,0.1972147822380066,0.2072431221201531,0.19291758196310152,0.19960222653725154,358344000
2001-02-01,0.19822973012924194,0.1996022319356741,0.1886194577803993,0.1972147875718586,371856000
2001-02-02,0.1790696680545807,0.2029449379680111,0.17763664445695657,0.19840845074605445,320520000
2001-02-05,0.17883042991161346,0.18002415216322784,0.16832534347940564,0.17883042991161346,367584000
2001-02-06,0.17978568375110626,0.18336683494047917,0.17507040412462235,0.17548755638446706,250440000
2001-02-07,0.17142875492572784,0.1800240818625706,0.16187900796585733,0.17859198732358028,720384000
2001-02-08,0.1704743653535843,0.1821731715586345,0.1697574026090203,0.1723841347496686,384288000
2001-02-09,0.16927970945835114,0.17023505855623938,0.16307274101085834,0.1690413366883598,259608000
2001-02-12,0.16474410891532898,0.16927968016102427,0.15662554199197604,0.16736991130473394,354336000
2001-02-13,0.1697574257850647,0.17763669427365933,0.16593788647143548,0.1678476561282501,467736000
2001-02-14,0.18217317759990692,0.18718734024230932,0.16044603206019475,0.16760926597512454,690888000
2001-02-15,0.21559910476207733,0.21918117214731808,0.20581006876224486,0.20724307878575907,1108512000
2001-02-16,0.22729888558387756,0.23302909650232273,0.20437802824819631,0.2046164010877763,1081176000
2001-02-20,0.20461638271808624,0.22634352954872114,0.20437800989990648,0.22156865477383103,701304000
2001-02-21,0.2139277160167694,0.2225230298777087,0.1948273054478415,0.19697636274984234,646512000
2001-02-22,0.2230006903409958,0.22920857373804604,0.2062877108994832,0.21273398071315675,815304000
2001-02-23,0.2076006978750229,0.22538820582098565,0.20055757815390435,0.22180705274912246,1034664000
2001-02-26,0.20294496417045593,0.20724309284743875,0.1941112766948551,0.20151286939686205,751824000
2001-02-27,0.19076849520206451,0.20581008056442782,0.1895747732335945,0.19793079968908925,533832000
2001-02-28,0.17071272432804108,0.2005575206017573,0.16713157228382813,0.18933547455941505,784056000
2001-03-01,0.18420211970806122,0.18718732626615114,0.15280604112811808,0.1685636736146444,915288000
2001-03-02,0.1664751023054123,0.1831284748553484,0.16426645195590642,0.17095109450785073,1413504000
2001-03-05,0.168085977435112,0.1723841054450684,0.1590139049129257,0.1599683249441887,742296000
2001-03-06,0.18432223796844482,0.19029083458721163,0.17369705150552534,0.17668134298395943,834408000
2001-03-07,0.19912545382976532,0.19960221311210286,0.18503828744646197,0.1883810671823437,938280000
2001-03-08,0.20581009984016418,0.20795915752640462,0.1933952453892122,0.1933952453892122,829344000
2001-03-09,0.1912461519241333,0.19602102603112304,0.1733394620912742,0.19506569053563524,1216776000
2001-03-12,0.18432223796844482,0.1933952414785454,0.1762045837068939,0.18479991259271966,762144000
2001-03-13,0.20628777146339417,0.2091528904058049,0.18575434617931924,0.1867096954965144,1082352000
2001-03-14,0.21798653900623322,0.21870350166010563,0.19697635958927004,0.19697635958927004,1351128000
2001-03-15,0.22873088717460632,0.24347450358650344,0.22300067859766906,0.231357632382795,1875984000
2001-03-16,0.22777649760246277,0.2339834524923032,0.21846420724974802,0.22514976570553202,1225200000
2001-03-19,0.24090737104415894,0.24257873988773568,0.21422656553892444,0.22658182274443878,943896000
2001-03-20,0.21846428513526917,0.25308489629776065,0.21583846764927872,0.2380423775784335,1990560000
2001-03-21,0.23470041155815125,0.24114666775651517,0.21774814389239344,0.21894186569246263,1877352000
2001-03-22,0.2583374083042145,0.2592927576675816,0.23493886294687918,0.23684863266439377,1697760000
2001-03-23,0.2559499442577362,0.2678880396989509,0.2430564995264891,0.26311224958173574,1509672000
2001-03-26,0.26979777216911316,0.27122986689808154,0.25594990906124593,0.25594990906124593,1542960000
2001-03-27,0.2600087821483612,0.27385664699654505,0.2487867069791583,0.2645452703847858,1702152000
2001-03-28,0.2601874768733978,0.266932627485547,0.25212941818819595,0.25284546540905795,1433280000
2001-03-29,0.26406747102737427,0.2731404705388789,0.25260705577956777,0.2579191821653462,1632960000
2001-03-30,0.24801105260849,0.26717107261579853,0.2463992764919859,0.26215781170253305,1423176000
2001-04-02,0.23756559193134308,0.2533232265791199,0.23446117123055962,0.24735461601477035,1265160000
2001-04-03,0.24544386565685272,0.2518910504759415,0.23374504844078625,0.23398342118288423,1991616000
2001-04-04,0.22013559937477112,0.23661019340796718,0.2055716762081534,0.23613251886037437,3362472000
2001-04-05,0.24043060839176178,0.24425014635641082,0.22825322853844002,0.23470039975971635,1724760000
2001-04-06,0.23947526514530182,0.25212940300942455,0.23326735525094885,0.23732619460326074,1547664000
2001-04-09,0.22783337533473969,0.2500280995322962,0.22405143392912283,0.24410719664129873,1097160000
2001-04-10,0.2493404597043991,0.25671364946503344,0.23115688325178468,0.23329587198246984,1186416000
2001-04-11,0.26439210772514343,0.27428660001285804,0.2570959443052294,0.2646974237994363,1426872000
2001-04-12,0.2683647871017456,0.2798252068065473,0.25453615936066953,0.2595026691183008,1440264000
2001-04-16,0.2618323564529419,0.26912945030447166,0.2570189959613465,0.2635899325216373,764112000
2001-04-17,0.2746679484844208,0.27676933922709995,0.25785963689339103,0.2579742328700225,1112448000
2001-04-18,0.29514455795288086,0.3224203699570109,0.2862430128048955,0.2862430128048955,2301864000
2001-04-19,0.32050973176956177,0.32559083743238376,0.2954884033421201,0.2968251380591092,1632264000
2001-04-20,0.3321993350982666,0.3437743766746834,0.30828555194646967,0.31665166001382544,1773840000
2001-04-23,0.31466490030288696,0.32528552299743796,0.3113413977602018,0.3249793052211922,1239000000
2001-04-24,0.29239407181739807,0.3372804520254692,0.287466089057657,0.3137865527697989,1828320000
2001-04-25,0.3058403730392456,0.31626937371915603,0.2920502723503335,0.29315781505226723,1423728000
2001-04-26,0.28173598647117615,0.312487534087709,0.27887086705663633,0.312487534087709,1486008000
2001-04-27,0.3017916679382324,0.30305230596955973,0.28693069182295816,0.2926233044074066,915672000
2001-04-30,0.3182176351547241,0.33598129831805545,0.3034336864047793,0.3100046217474493,1583280000
2001-05-01,0.3479386568069458,0.34877938263691244,0.31420647628441156,0.3193636785350931,1867368000
2001-05-02,0.33995479345321655,0.35699232339337394,0.3354082242855864,0.35699232339337394,1547784000
2001-05-03,0.33846500515937805,0.3399924599127058,0.327615190916316,0.32967805542048384,960504000
2001-05-04,0.3431253135204315,0.34851170844392415,0.32700462798116525,0.3285320556064019,953520000
2001-05-07,0.3585208058357239,0.36100361010709414,0.337815022625123,0.3418261835636635,975600000
2001-05-08,0.3325817286968231,0.3639833313994101,0.3295259169939158,0.36383020883010747,1620144000
2001-05-09,0.31699562072753906,0.3289905525256404,0.3147796328194273,0.3219997023725446,1319040000
2001-05-10,0.3063373863697052,0.3300219581743688,0.30255544434009657,0.32616391935725286,998904000
2001-05-11,0.2985056936740875,0.307521835070091,0.29239407151413044,0.305573566630883,921216000
2001-05-14,0.3010655343532562,0.3046182563929805,0.28861216745628315,0.2993849569033029,702432000
2001-05-15,0.31187674403190613,0.3247124495671306,0.30026320429706416,0.3037013567856537,1242600000
2001-05-16,0.3265838027000427,0.32853207155479003,0.30278460964928683,0.3047328785040342,957096000
2001-05-17,0.33235251903533936,0.3419031699175075,0.32261114804663704,0.32765372755104644,919056000
2001-05-18,0.3296779990196228,0.33999240174727097,0.3231840632159172,0.33124488174017813,575832000
2001-05-21,0.3445765972137451,0.3514528480541211,0.32234336430416244,0.32895282563971273,1064688000
2001-05-22,0.35489097237586975,0.3583290977854163,0.33617289071398254,0.3496191746164734,1049976000
2001-05-23,0.3518737554550171,0.3820146907121964,0.347633375379048,0.36883519378750207,2244912000
2001-05-24,0.3570685386657715,0.3661222791027018,0.3390380835782145,0.3495431548648445,1680576000
2001-05-25,0.35030683875083923,0.3550826281739889,0.3438129018052072,0.34988692667683424,947952000
2001-05-29,0.33594372868537903,0.3483970954371054,0.331206465459233,0.34832099866372507,920568000
2001-05-30,0.3296779990196228,0.3446911645674473,0.32623987388500336,0.3280359485535928,3308904000
2001-05-31,0.32704222202301025,0.3342622902242337,0.3199752763962535,0.33231402132216387,1262928000
2001-06-01,0.3451496958732605,0.3479387180300487,0.3273860295020877,0.3292967281332624,1022472000
2001-06-04,0.3398016691207886,0.34721245441376397,0.335256001662534,0.3453787822783973,621552000
2001-06-05,0.3576415479183197,0.3611942974362957,0.3388464635709487,0.3394194709399074,987168000
2001-06-06,0.35916993021965027,0.3638686944537414,0.3537450087318857,0.3589792101101289,698976000
2001-06-07,0.37945473194122314,0.3804861502106613,0.3533634673936889,0.3559993656938486,1141152000
2001-06-08,0.3695988059043884,0.3788817632055899,0.3656637701983537,0.3783087559925131,712680000
2001-06-11,0.35878753662109375,0.3705541723969856,0.35305730027731247,0.37013335867781033,581928000
2001-06-12,0.37074482440948486,0.37609271834556035,0.35049838865823907,0.35126211588195444,1102728000
2001-06-13,0.3582916259765625,0.37911110421930494,0.3550826916520417,0.37345696308709886,938712000
2001-06-14,0.35752683877944946,0.36363938906002063,0.34858769713234455,0.3536688016866061,946152000
2001-06-15,0.3631049692630768,0.3694082142748318,0.34679266179877355,0.3533636253842894,1094544000
2001-06-18,0.3487410247325897,0.3680706497921083,0.34476838933078424,0.36218824433043806,856656000
2001-06-19,0.3296779990196228,0.36360086646974926,0.32261105602204215,0.3553117850063041,1513128000
2001-06-20,0.34385138750076294,0.34763332839743555,0.31688089071667913,0.3236040193860855,1759200000
2001-06-21,0.3503453731536865,0.35641939863517536,0.33330783796768176,0.34247620151654934,1484568000
2001-06-22,0.34877946972846985,0.35790930805086224,0.3441953009493105,0.3485878479104773,761184000
2001-06-25,0.3480917811393738,0.35412727946833744,0.3379295701206154,0.3526759487974036,640032000
2001-06-26,0.35813841223716736,0.3598574886383744,0.3390380156954302,0.34037475026905895,757920000
2001-06-27,0.3470602333545685,0.3571829858429083,0.34098621025806786,0.3564192586858026,895752000
2001-06-28,0.3511476218700409,0.35622872820195545,0.34763339878983046,0.3517206565819554,909336000
2001-06-29,0.3543180525302887,0.35985757016895575,0.348435621218839,0.3524082829489761,730920000
2001-07-02,0.3386171758174896,0.3431637455996767,0.3334985004672634,0.34029865468612835,1040016000
2001-07-03,0.34293460845947266,0.34648733050392827,0.3345684990291442,0.3362875483873722,406296000
2001-07-05,0.31806546449661255,0.3409478049825953,0.3176446233869057,0.3388464411088702,1020096000
2001-07-06,0.3082856237888336,0.3157349110603085,0.3021730714030833,0.3132897043041764,802824000
2001-07-09,0.29820021986961365,0.31164742640078835,0.29529660385465795,0.3042742412769426,1014072000
2001-07-10,0.3006455898284912,0.3061841775033858,0.29701584239675227,0.3021730172323367,1221744000
2001-07-11,0.3000725507736206,0.3048859375627586,0.290789619812919,0.29949954349984825,904632000
2001-07-12,0.315810889005661,0.31802687557967874,0.3065664316304448,0.31420640881906786,981552000
2001-07-13,0.30927857756614685,0.3169194874849437,0.302746139640519,0.3134813608228342,690144000
2001-07-16,0.2844094932079315,0.3094317615381732,0.2828820650580848,0.30580291401929166,1191696000
2001-07-17,0.300301730632782,0.3030898228328938,0.27696002788046037,0.27963445311448604,1169904000
2001-07-18,0.28991034626960754,0.30125616816363826,0.2837602253037613,0.2931577788913107,840984000
2001-07-19,0.29457154870033264,0.3068341934908789,0.28960503957500977,0.29411311011146973,840024000
2001-07-20,0.2860908508300781,0.2937693292211992,0.2769600853791727,0.2872368927888096,742464000
2001-07-23,0.259005606174469,0.2868929418755117,0.2586617910169663,0.2865106275082083,1547976000
2001-07-24,0.27654018998146057,0.2767693819701189,0.25694285411385775,0.2624823436012975,1365312000
2001-07-25,0.27386578917503357,0.27657871433445586,0.26465985547999943,0.2760432772078742,1245888000
2001-07-26,0.3017916679382324,0.3037014374195942,0.2698931566704802,0.27126841803105334,1714152000
2001-07-27,0.30943161249160767,0.3127551421872519,0.2922409567272651,0.301218599136517,1094688000
2001-07-30,0.30205845832824707,0.31107460100978174,0.2987349282468817,0.30981396297497305,582288000
2001-07-31,0.3090492784976959,0.31038694207751394,0.2914772109983322,0.30247924529582454,1187760000
2001-08-01,0.32792142033576965,0.32952587359868485,0.312945849228276,0.31512333712725826,1204944000
2001-08-02,0.3357144892215729,0.33689810127302666,0.32085351556182673,0.3320847419539423,1097928000
2001-08-03,0.33307862281799316,0.3382357979244374,0.3260877478053618,0.33235249295646846,820344000
2001-08-06,0.3431639075279236,0.3465635353989566,0.3271569118907606,0.3307096350435924,1292568000
2001-08-07,0.3380827009677887,0.3447682598569018,0.3340715405066102,0.34308678082324084,1088616000
2001-08-08,0.32948729395866394,0.34381282847860584,0.3279974370570481,0.3351414055504066,1125696000
2001-08-09,0.3237188160419464,0.33441551309915557,0.31783638269901276,0.3279591704916391,1643616000
2001-08-10,0.3233371376991272,0.3277681813695207,0.31363336846534773,0.32356632961311305,1036488000
2001-08-13,0.33689823746681213,0.34056558375572876,0.32398645598602216,0.32887594136813536,1514784000
2001-08-14,0.3279590606689453,0.3329255436548354,0.3237957061045483,0.3307865820282127,2321160000
2001-08-15,0.3283412456512451,0.3393047516950594,0.3254376286581985,0.33537061803274804,1816392000
2001-08-16,0.34217002987861633,0.3426669678859539,0.32100676070551537,0.3223058982486435,1026096000
2001-08-17,0.3200138211250305,0.3378535872433869,0.31730089529793953,0.33349863742972113,1668840000
2001-08-20,0.3177977502346039,0.3212358762382872,0.3080563795622695,0.3179884430111475,1183320000
2001-08-21,0.31111210584640503,0.32700452329021007,0.31061609710230453,0.31859988969615716,1186656000
2001-08-22,0.32391029596328735,0.3242541113184961,0.30656654225563573,0.3166132296876229,1498104000
2001-08-23,0.3167278468608856,0.3269661294513119,0.31516189254641724,0.3228018730024237,1013592000
2001-08-24,0.32578161358833313,0.33231405163798045,0.318256228560858,0.3201284008510838,1110936000
2001-08-27,0.33705124258995056,0.34136769165583813,0.317263214207045,0.31848535287428786,1279608000
2001-08-28,0.33265766501426697,0.34362209911951225,0.330060293262986,0.3361343161915488,1178760000
2001-08-29,0.3219619691371918,0.33567597234665203,0.3191729748900583,0.33357460868600025,1435800000
2001-08-30,0.32093045115470886,0.32318403516247757,0.3084761869174913,0.3159254710577726,1431312000
2001-08-31,0.3236040472984314,0.32654616433391315,0.3145888067916901,0.318790660108273,887904000
2001-09-04,0.30110403895378113,0.32272574233154816,0.2988495524342711,0.32272574233154816,1856136000
2001-09-05,0.307521790266037,0.30981387366337365,0.28861208857611476,0.300836232800227,2395584000
2001-09-06,0.2949530780315399,0.3109601011669964,0.2935778435656811,0.3014479466519654,1950768000
2001-09-07,0.2980473041534424,0.30255540291766475,0.2888028709413265,0.29033122757560764,1970256000
2001-09-10,0.28941434621810913,0.30007253789655725,0.28341641858996247,0.2955259681461867,1872360000
2001-09-17,0.25969332456588745,0.2780300207819655,0.25839416023003053,0.2713829619142366,1138596000
2001-09-18,0.2440311163663864,0.2666457405451102,0.23814778329861694,0.26473597094076184,894372000
2001-09-19,0.24105137586593628,0.248232916507793,0.20674617230979075,0.2454063244531313,1561908000
2001-09-20,0.22065182030200958,0.23646720388744283,0.21392776131621866,0.22813869143929028,1470696000
2001-09-21,0.20605850219726562,0.21606758930987127,0.19872382674501465,0.20361330981814954,1226304000
2001-09-24,0.2292085736989975,0.23257060226705306,0.21255244140798535,0.22240841980431192,1507500000
2001-09-25,0.22026944160461426,0.23982826189740508,0.21958181108549607,0.2298962005627921,941724000
2001-09-26,0.21232326328754425,0.22386070830490218,0.2101081915551194,0.22309606557019293,430812000
2001-09-27,0.20055755972862244,0.21392776405953384,0.19490344598161918,0.21155956940615642,907296000
2001-09-28,0.20987893640995026,0.2201162991961773,0.19750167015533035,0.20628768893896676,1044876000
2001-10-01,0.19207681715488434,0.21316401125241935,0.18871478801788555,0.20972588534396852,972804000
2001-10-02,0.1824500411748886,0.1994114773008144,0.17312858364563427,0.19177149870414295,1123032000
2001-10-03,0.21835966408252716,0.22989619162598895,0.1815331794341557,0.1815331794341557,1798824000
2001-10-04,0.24670450389385223,0.25824194683304924,0.22202699576954946,0.2299722893526924,1980576000
2001-10-05,0.2513657510280609,0.25740127695222753,0.23371668289195877,0.24296111539152807,1078212000
2001-10-08,0.25701892375946045,0.2665695726023179,0.24143272257607507,0.24143272257607507,765900000
2001-10-09,0.24586482346057892,0.2628262671793129,0.23853015764990204,0.2577066603336523,917556000
2001-10-10,0.2616802453994751,0.2635900156326483,0.2399054383357831,0.2415098923388725,968124000
2001-10-11,0.2900249660015106,0.29078962236971023,0.2742095716437088,0.27566183128172234,918000000
2001-10-12,0.30889710783958435,0.30943161590571283,0.2816973634623111,0.2826903101509476,1253100000
2001-10-15,0.307521790266037,0.31707153663157306,0.2914771791608909,0.2998808838277586,908568000
2001-10-16,0.33846500515937805,0.34090928250927055,0.30079778841936866,0.30713953179936154,1383852000
2001-10-17,0.3185998797416687,0.34610490670689564,0.3170715236443622,0.3459517841973881,1695540000
2001-10-18,0.3320472538471222,0.33517916264423836,0.3178363085318483,0.31860003611283794,1020864000
2001-10-19,0.3389233648777008,0.3438128478423756,0.3231840693211718,0.32730982502541256,1059264000
2001-10-22,0.34694579243659973,0.35145296268784443,0.32891440637533315,0.33640222076995896,970824000
2001-10-23,0.3408333361148834,0.35764165761368805,0.33311632811156655,0.35137693724610236,953028000
2001-10-24,0.3558848798274994,0.3567247040346152,0.33082412218792834,0.3346445900525609,1212144000
2001-10-25,0.3767429292201996,0.3830837448562409,0.342284612017176,0.3476334097766063,1152396000
2001-10-26,0.3498483896255493,0.3853757124132423,0.34763330449183283,0.37414448648521786,1097124000
2001-10-29,0.32142651081085205,0.3571830530276718,0.32104512532682616,0.3510714312513428,1004796000
2001-10-30,0.3208920955657959,0.335714573733002,0.30828563219063876,0.31554419954419105,1153380000
2001-10-31,0.3274630010128021,0.3419031346734835,0.32280180755435073,0.33288699284736706,989292000
2001-11-01,0.35542649030685425,0.3580999873327547,0.3266222888171125,0.33166489575798774,1093776000
2001-11-02,0.3603920340538025,0.3647469825156638,0.340757100123644,0.3538220001568184,1087248000
2001-11-05,0.3616912066936493,0.3766658775420909,0.3593991225786727,0.36665771682834075,933456000
2001-11-06,0.3865217864513397,0.38820326540008604,0.35909377966772493,0.3610035489139538,1415376000
2001-11-07,0.38682791590690613,0.4017264843318719,0.38132692704521687,0.383541984534317,1419144000
2001-11-08,0.3801039159297943,0.39683613156958863,0.36864349800168744,0.39164135962653795,1915188000
2001-11-09,0.40646296739578247,0.4067691851760992,0.38957855562337573,0.3969132187677786,2270484000
2001-11-12,0.41738879680633545,0.42777929658706076,0.3925581655802609,0.4049354328150419,1458636000
2001-11-13,0.41395074129104614,0.41876412835810367,0.4079913122864792,0.4186880315887747,1446516000
2001-11-14,0.4024141728878021,0.42098006079394557,0.39118294696445666,0.4170064984088304,1150224000
2001-11-15,0.40455320477485657,0.4100542227180301,0.3927874687811632,0.39783004806955835,874944000
2001-11-16,0.4010390341281891,0.4092135226610544,0.39561411225310045,0.4049355719333834,496128000
2001-11-19,0.39225202798843384,0.40875505433933546,0.3705542288523289,0.40501161230623406,1943052000
2001-11-20,0.3812499940395355,0.40103895145907986,0.37689504574153,0.3941627000472011,937884000
2001-11-21,0.3763605058193207,0.3863695940634331,0.36520540301083304,0.3748321494066954,728412000
2001-11-23,0.38163238763809204,0.3820147295701661,0.37131800838326245,0.3778119466115414,254016000
2001-11-26,0.4089081287384033,0.4094426367741972,0.3869801838502866,0.3880501289308313,1215780000
2001-11-27,0.41326311230659485,0.4225075719365429,0.4011150622559449,0.40867894453833414,1183992000
2001-11-28,0.39240512251853943,0.41479145239314574,0.391488272606856,0.4079912977792166,740844000
2001-11-29,0.4095957577228546,0.42304297195396257,0.40799130450569887,0.4209030816584114,5135472000
2001-11-30,0.417464941740036,0.42044465608434306,0.403407123148882,0.40944264860279056,1034028000
2001-12-03,0.41112422943115234,0.4137976993588959,0.4037895377431208,0.4086790225320705,851496000
2001-12-04,0.44420626759529114,0.4446647062265393,0.41318701137830816,0.41318701137830816,1384644000
2001-12-05,0.4800388514995575,0.4809556740011109,0.44733904931862384,0.44772043480103074,1707036000
2001-12-06,0.4724748730659485,0.4775174777588759,0.46047994963404615,0.4762953394619089,1138944000
2001-12-07,0.4580349028110504,0.47323966594179745,0.4498603882938079,0.4689608142298353,807036000
2001-12-10,0.46261903643608093,0.4730865084423526,0.4519232468123188,0.45574278524144174,695868000
2001-12-11,0.47919902205467224,0.49012400280106533,0.46605715282986604,0.4707183183773862,792252000
2001-12-12,0.49409765005111694,0.49432684203874405,0.47354496512345207,0.4828664229435547,1004628000
2001-12-13,0.4798866808414459,0.4905824702567074,0.4779759826551561,0.48439384976693,881400000
2001-12-14,0.5015084743499756,0.5038766825661578,0.4775946863815112,0.47980977203396485,754680000
2001-12-17,0.5195398330688477,0.5267974702493121,0.49768795575938485,0.49768795575938485,1080960000
2001-12-18,0.5061684846878052,0.5153368160403424,0.501890509320815,0.5081552515777084,886968000
2001-12-19,0.49234020709991455,0.5080024835262632,0.4904304372973235,0.49784119881989686,854652000
2001-12-20,0.4729335606098175,0.5032660938751692,0.47117691348742335,0.49432694865858834,951228000
2001-12-21,0.4934099316596985,0.49661883750594776,0.47767066380544704,0.48324772249309983,723972000
2001-12-24,0.5057101249694824,0.5082314000895698,0.4929514465804011,0.49318069315319013,265308000
2001-12-26,0.5180875658988953,0.5267213932231277,0.5081554757891763,0.508231545233862,642156000
2001-12-27,0.530083417892456,0.5324515711672304,0.5218319051723785,0.5225956052304142,730152000
2001-12-28,0.517323911190033,0.5367305308934367,0.5122052344280132,0.5332154333098331,757680000
2001-12-31,0.5111352801322937,0.5241240854486306,0.5099892106822522,0.5211443704556418,737580000
2002-01-02,0.5141909718513489,0.5229779216819079,0.5004384688166469,0.5133511476985808,1298904000
2002-01-03,0.5478847622871399,0.5501007771220475,0.5149557578465511,0.5152610193411578,1414752000
2002-01-04,0.5319170355796814,0.5551431887656517,0.5225955781943445,0.5551431887656517,936288000
2002-01-07,0.5176292657852173,0.5348199265801169,0.5104476962321325,0.5340561716638669,973068000
2002-01-08,0.5237415432929993,0.536194906021898,0.5148024021978512,0.5165599775191179,774360000
2002-01-09,0.5165601372718811,0.5405499931281311,0.509225446723274,0.5310002717192318,1141188000
2002-01-10,0.5041830539703369,0.520838280989257,0.49967500822356714,0.513809832567269,992508000
2002-01-11,0.4818725883960724,0.5076970162013817,0.4798866950729706,0.5075439483093067,1380852000
2002-01-14,0.45658355951309204,0.4841647186319502,0.45658355951309204,0.48080356380374806,1369560000
2002-01-15,0.49921637773513794,0.49952169384582,0.47507339835395374,0.4756079064761269,1838808000
2002-01-16,0.4797336757183075,0.49562519752818407,0.47790003017907573,0.49241629051072894,1115388000
2002-01-17,0.49654194712638855,0.49661894558213304,0.47767076775805467,0.49562512449187746,1121544000
2002-01-18,0.48745059967041016,0.4908887527868676,0.47751763514589657,0.47782382559191916,803676000
2002-01-22,0.4752253293991089,0.49333279984694256,0.46972428698124036,0.4920345376606466,1085028000
2002-01-23,0.48416465520858765,0.48760275339674386,0.4700307130146668,0.47950436377285366,889164000
2002-01-24,0.5015084743499756,0.5065510812622015,0.4786637026526243,0.48897810849430584,1137684000
2002-01-25,0.5002092719078064,0.5126635666879914,0.48821434475898157,0.49432684150779477,817752000
2002-01-28,0.5194628834724426,0.5195399365902028,0.5049466772100392,0.5099892299676295,924288000
2002-01-29,0.49402061104774475,0.5222132451725339,0.48592216693079743,0.5206857905420307,1381932000
2002-01-30,0.4999801814556122,0.5003624960644197,0.4847762901579277,0.4966190261769794,1218456000
2002-01-31,0.5022721886634827,0.5103714535522536,0.4855399158597506,0.5064749163354582,973980000
2002-02-01,0.48997190594673157,0.5067802487387723,0.4870683153740636,0.5014323806147841,688272000
2002-02-04,0.46689796447753906,0.5008208420617307,0.46613426432717575,0.48890198284206415,1104864000
2002-02-05,0.46231386065483093,0.4678148523502634,0.44413028049908937,0.4637652463520483,1474620000
2002-02-06,0.473850280046463,0.48202566861330975,0.46529345131038996,0.47453791065525586,1242528000
2002-02-07,0.45849335193634033,0.47446181551371225,0.45627826644023756,0.47446181551371225,964476000
2002-02-08,0.44099730253219604,0.4641473847067025,0.4235013598141107,0.4615499851062203,1871292000
2002-02-11,0.46536964178085327,0.4660572724877284,0.43870533072093126,0.4403097841544411,1249224000
2002-02-12,0.4752253293991089,0.48401227521386225,0.4530691028798271,0.45834089876524153,1216500000
2002-02-13,0.46911391615867615,0.4894364799220223,0.4645297485584243,0.4813380352071507,1230432000
2002-02-14,0.47492021322250366,0.4847761788368083,0.46712713938261274,0.47308651342938457,1225692000
2002-02-15,0.4381707012653351,0.4557427687725385,0.4335865339678976,0.4530692723057993,3988548000
2002-02-19,0.40913742780685425,0.42380678363951735,0.40577539815899805,0.4194518344232674,1972524000
2002-02-20,0.430529922246933,0.4351140906190899,0.401115115096914,0.4018788425971534,1838736000
2002-02-21,0.4011151194572449,0.4247997163995316,0.4005806112993225,0.42464752283856505,1531044000
2002-02-22,0.3814030587673187,0.3976768622380775,0.3762843565485233,0.39309269532505137,2585616000
2002-02-25,0.41127637028694153,0.41425608498782485,0.383083703956597,0.3831607297400929,1599564000
2002-02-26,0.42021551728248596,0.4274741117779913,0.4091374109133449,0.42029254307152053,1902672000
2002-02-27,0.40608155727386475,0.4315998242091815,0.4049355152959373,0.4297661515797384,1723224000
2002-02-28,0.3897307217121124,0.4106657208047444,0.38629256871996975,0.4034071276193697,1585440000
2002-03-01,0.4273979961872101,0.42785640754079557,0.39232907679525575,0.3934751188411184,1311396000
2002-03-04,0.45123568177223206,0.4561251660127834,0.42457046990998665,0.4286962266908147,1484724000
2002-03-05,0.45008960366249084,0.46216062791671064,0.4439009826492042,0.4442823681820418,1379448000
2002-03-06,0.435954749584198,0.44107345264559267,0.4265571949360295,0.43664238019910206,1446060000
2002-03-07,0.4324404299259186,0.4435946288233418,0.4203684796216255,0.44214329847538114,1346532000
2002-03-08,0.4453522562980652,0.45452061797031656,0.43855210229649094,0.4406919923640647,1270356000
2002-03-11,0.44015660881996155,0.44535231040657036,0.43282194591482015,0.44046285391408424,810540000
2002-03-12,0.41708365082740784,0.4290024835841611,0.41410393580726956,0.4267103993107932,1255032000
2002-03-13,0.40951958298683167,0.4161666412263688,0.4079912268285363,0.41318692734821694,1031616000
2002-03-14,0.38682791590690613,0.4064628443214557,0.3859871902863439,0.4064628443214557,1139460000
2002-03-15,0.40317782759666443,0.40363626611970105,0.38216676326805665,0.389578450187104,1248288000
2002-03-18,0.40317782759666443,0.41937556067127246,0.398593660956606,0.4105125160797887,1236996000
2002-03-19,0.3946211338043213,0.4068452808928111,0.39225202408954235,0.40608155347642466,846072000
2002-03-20,0.35542649030685425,0.3888909568305426,0.3541273256782019,0.38812630034048357,2292588000
2002-03-21,0.3742976486682892,0.3785765002314206,0.351911291199982,0.36146196834031746,1721712000
2002-03-22,0.37108874320983887,0.38102083395394076,0.3682621511062233,0.38102083395394076,1249140000
2002-03-25,0.35191139578819275,0.3697896876951712,0.35145298435248107,0.3693312762594595,884160000
2002-03-26,0.3590937852859497,0.3680329011975473,0.34625810504611265,0.348243971089239,1123512000
2002-03-27,0.3476333022117615,0.360774297140486,0.3415207788146355,0.35359273040581335,1068012000
2002-03-28,0.3389233648777008,0.3522174544474587,0.3198990666419947,0.3500014677368416,3124080000
2002-04-01,0.33334535360336304,0.3359436548169796,0.3098899833584832,0.32012826232059977,2365344000
2002-04-02,0.32463541626930237,0.3414446562431686,0.32272564733931297,0.3233371810678461,1438008000
2002-04-03,0.33074796199798584,0.33494981460755413,0.3193636410166256,0.32608769814358257,1094640000
2002-04-04,0.3291434347629547,0.3403746580098152,0.32371854315904336,0.32822661248001245,1130964000
2002-04-05,0.3216557502746582,0.336631320300813,0.3182946231276329,0.3312825238046209,1026900000
2002-04-08,0.33242854475975037,0.33242854475975037,0.30668108996659027,0.30675718672635693,1151316000
2002-04-09,0.311418354511261,0.33846497381448737,0.31065372552019416,0.3357144789557193,1380768000
2002-04-10,0.2942277491092682,0.316307861009753,0.27199451466801716,0.3139396804725029,3689724000
2002-04-11,0.28131499886512756,0.2956029363016052,0.2781060930214293,0.291858593478061,1437288000
2002-04-12,0.2802460491657257,0.2898727962961132,0.27145909890538705,0.28758071234488775,1376880000
2002-04-15,0.2915533781051636,0.2963667658562009,0.28498244163272946,0.2856700723577061,1157208000
2002-04-16,0.30423590540885925,0.30775105680711545,0.2982764767308754,0.3046182199288238,854856000
2002-04-17,0.3078272342681885,0.31233530618362654,0.29820045813800267,0.3078272342681885,944484000
2002-04-18,0.3027084469795227,0.3079802450031419,0.2960614151174332,0.3046943129497236,693156000
2002-04-19,0.28207966685295105,0.2960614158399708,0.2816973523367516,0.29247016771192275,1125672000
2002-04-22,0.2834550440311432,0.28918525569349995,0.27887087470125776,0.278946971496812,808176000
2002-04-23,0.27199453115463257,0.28895596848508787,0.2694732279237906,0.28567003616064657,773508000
2002-04-24,0.2481568306684494,0.2791761168628624,0.24746922731034404,0.2751264568706194,1582956000
2002-04-25,0.2577836215496063,0.2627492028577354,0.24708690073419035,0.24716299751428367,1168296000
2002-04-26,0.23203526437282562,0.26091556770665003,0.23203526437282562,0.26061025153302825,1191120000
2002-04-29,0.27069538831710815,0.2745919258117457,0.25075423484233195,0.25946415986339083,3930852000
2002-04-30,0.2659580707550049,0.2807805464173591,0.26015176432936266,0.27711320130753864,1776504000
2002-05-01,0.27077141404151917,0.27451575700043435,0.2548038280370919,0.26160308007229766,1718904000
2002-05-02,0.2598465085029602,0.2787938159677588,0.2597695100309515,0.2720706853674676,1125084000
2002-05-03,0.2502197027206421,0.2621385607244658,0.24892053823602053,0.26015176561288594,852756000
2002-05-06,0.24066905677318573,0.2551853166319394,0.23868228872608013,0.2437248684422933,1102044000
2002-05-07,0.24670450389385223,0.2511364772546503,0.2346334819865188,0.24601687339855718,1412448000
2002-05-08,0.27505022287368774,0.2793290727426642,0.2551851764034727,0.2635136842443326,1688688000
2002-05-09,0.26328471302986145,0.279863815177105,0.2628262742038493,0.2742096998912128,1230840000
2002-05-10,0.2435726374387741,0.26970243671398114,0.24066901977450234,0.2687085883386383,1321548000
2002-05-13,0.2583179771900177,0.2591587299875104,0.24403097227460055,0.2460938359064597,800892000
2002-05-14,0.28398948907852173,0.28689310716580496,0.27008386158381315,0.2748211524596337,1526112000
2002-05-15,0.2895665168762207,0.2949153127473622,0.27573789201682203,0.279634455763506,1504548000
2002-05-16,0.2901020050048828,0.29606143398951035,0.2837602614806186,0.2896435663723768,985560000
2002-05-17,0.2992704510688782,0.30011027554234565,0.2905605236894594,0.2979712861079217,934404000
2002-05-20,0.30247926712036133,0.3044651058463307,0.2953737963703112,0.29674903026387955,953412000
2002-05-21,0.27940526604652405,0.31057764269883603,0.2790999773065078,0.3063757897999101,1382604000
2002-05-22,0.2907125651836395,0.29239404394576984,0.281162818327161,0.2816212295654369,1547988000
2002-05-23,0.272987425327301,0.2921648480249671,0.2643535985719546,0.2915533142141443,2556780000
2002-05-24,0.26763948798179626,0.2691669424141214,0.2614508684460695,0.26779168148449833,737784000
2002-05-28,0.25701892375946045,0.27016082051201323,0.2516710292837252,0.2700076979835316,1367088000
2002-05-29,0.266722708940506,0.26779172502089366,0.24899661677143234,0.25289318093092117,1311012000
2002-05-30,0.2628261148929596,0.2691669555649754,0.25617908383052995,0.2612977587009376,1066080000
2002-05-31,0.2556436359882355,0.26549959985017607,0.2551852247833568,0.264353558176085,674112000
2002-06-03,0.2405928373336792,0.25060102052289784,0.2375361255376049,0.2494549790205939,901248000
2002-06-04,0.25274109840393066,0.25403933435461806,0.23868234491980023,0.23906465960045642,1095432000
2002-06-05,0.2490738332271576,0.2533517861654958,0.24028687717932803,0.253275689343516,1114308000
2002-06-06,0.24914979934692383,0.2525118289525936,0.2463993037014999,0.2464754004835599,739356000
2002-06-07,0.24678164720535278,0.24983745934605128,0.22882635663052336,0.22890336876889042,1371300000
2002-06-10,0.2447187602519989,0.2570190348922681,0.24410725353016183,0.25006665704011843,749148000
2002-06-11,0.23371662199497223,0.2498373294142,0.23310508828115137,0.2487673844981642,859308000
2002-06-12,0.2135462909936905,0.2322643859823971,0.20376642295704658,0.22813863010003893,2267544000
2002-06-13,0.21133030951023102,0.2191233965610296,0.2046071675100006,0.21515076310561423,1265892000
2002-06-14,0.215302973985672,0.21690742718641276,0.19666097378351938,0.20353723886898636,1116444000
2002-06-17,0.21721366047859192,0.22294387004750352,0.2134693033101006,0.2201163491424175,1054140000
2002-06-18,0.2160675823688507,0.22233231261869024,0.21201792346063375,0.21453921251620534,1008300000
2002-06-19,0.18222081661224365,0.20552399351128348,0.1806163499584357,0.20552399351128348,2593620000
2002-06-20,0.1805402636528015,0.18756872176455597,0.1781711679019395,0.1826031416631782,1425048000
2002-06-21,0.17312857508659363,0.18657578816134673,0.16946124400424423,0.1796234268355005,1484364000
2002-06-24,0.17633748054504395,0.1817623867963503,0.1635018023093795,0.16869750294831218,1379592000
2002-06-25,0.16174520552158356,0.17954647040709776,0.16067526013400923,0.17954647040709776,1172232000
2002-06-26,0.15334059298038483,0.1587655012598376,0.13943495091546015,0.14340851456104264,2067828000
2002-06-27,0.13049578666687012,0.16021680571066169,0.12835681181337136,0.158994667081373,3182808000
2002-06-28,0.13126040995121002,0.13668440072089286,0.12553018781276007,0.12835679283189047,1991184000
2002-07-01,0.13095423579216003,0.13446938817583468,0.12820373998656773,0.1306489332988528,1164372000
2002-07-02,0.12270267307758331,0.12988514048622324,0.11934156031182712,0.1294267293028601,1368180000
2002-07-03,0.1333233118057251,0.13355251745378982,0.1218628791216202,0.12193897588860599,1073304000
2002-07-05,0.14508910477161407,0.14516520156895,0.13874735889208917,0.14287311685034293,739524000
2002-07-08,0.14944398403167725,0.1546396846162645,0.14325535059094988,0.14340845944658578,1587180000
2002-07-09,0.14210933446884155,0.1517360947783904,0.13890041436565861,0.1498263254765578,1075080000
2002-07-10,0.13821280002593994,0.1466935194160334,0.1372198668740744,0.1455474773629315,926988000
2002-07-11,0.1522706300020218,0.15280606717706083,0.1362260266250133,0.13744909453831688,1143948000
2002-07-12,0.15211844444274902,0.1610575898629366,0.1489856203841216,0.16044605587410798,1344900000
2002-07-15,0.16724622249603271,0.16732231928012464,0.1456235877033674,0.1524998543243356,1495272000
2002-07-16,0.1627381294965744,0.1784004180611033,0.160063730684761,0.16312045775598202,1773432000
2002-07-17,0.1489095538854599,0.1623558586387993,0.1425678076927303,0.15922394929049927,1922364000
2002-07-18,0.14508910477161407,0.15509818346852977,0.14470677642808705,0.1464643528703978,1243188000
2002-07-19,0.13851810991764069,0.14623511591030178,0.1375251903743684,0.14065801424661742,845772000
2002-07-22,0.13210025429725647,0.1418040409960859,0.12644705646503412,0.1379074900314209,1290744000
2002-07-23,0.12224429845809937,0.13370473303168848,0.11773714222021363,0.1328649087531636,1409652000
2002-07-24,0.13003741204738617,0.13202418027012067,0.12048766160522564,0.12056375839118004,1175100000
2002-07-25,0.11506269872188568,0.12537708841987008,0.1108608529146507,0.12499477393090237,1796448000
2002-07-26,0.11238830536603928,0.121175240845589,0.10925639761977288,0.11842474591911405,1221900000
2002-07-29,0.1155211329460144,0.11766010781706233,0.1117776980849093,0.11704948933999858,1227720000
2002-07-30,0.12392575293779373,0.1297320590125314,0.11460429550351321,0.11498661001926723,1818012000
2002-07-31,0.08457797020673752,0.09214185905263325,0.08358504401713088,0.0903081865454045,4837140000
2002-08-01,0.07647957652807236,0.08526560441352073,0.07640256441077217,0.08526560441352073,1725708000
2002-08-02,0.07143698632717133,0.079459286329912,0.06952630173900404,0.07892385609833531,1795260000
2002-08-05,0.0657067522406578,0.07052013093490152,0.06486601299691291,0.0703670220981533,1330716000
2002-08-06,0.06914488971233368,0.07174228249007329,0.06769263020042816,0.06876257522332932,1168800000
2002-08-07,0.06754042208194733,0.07288831588723337,0.06494211425609386,0.07220069226338549,892980000
2002-08-08,0.07197152823209763,0.073193667338235,0.06647051557142554,0.06822809194110852,755424000
2002-08-09,0.0702909454703331,0.07258302926712104,0.06883867897985521,0.07006173299208518,581304000
2002-08-12,0.0702909454703331,0.0729644284478838,0.06769263708146124,0.06952630275270189,592800000
2002-08-13,0.0688386932015419,0.07418750461778333,0.06876259641908904,0.0707493713813539,654420000
2002-08-14,0.07349987328052521,0.07411048500402248,0.0695263100953641,0.07013783716606237,632688000
2002-08-15,0.07861857861280441,0.08014694246505505,0.07548575411194453,0.07625039712727578,1140120000
2002-08-16,0.08167436718940735,0.08442486938176105,0.07212461822209114,0.07441670224389435,1657428000
2002-08-19,0.09664992243051529,0.10276154431012599,0.08503638176875551,0.08518949746887207,2243928000
2002-08-20,0.09237109869718552,0.09932345626311008,0.09114895957890011,0.09741369311701231,1429488000
2002-08-21,0.09726053476333618,0.09848359552450098,0.09206575585909138,0.09657291103659889,1194876000
2002-08-22,0.09397551417350769,0.09817736677880914,0.09336398723439922,0.0943578354904314,1358496000
2002-08-23,0.08778690546751022,0.09191266249237827,0.08725239731213774,0.09130113537867042,919932000
2002-08-26,0.08847453445196152,0.09007899472663324,0.08434877750824862,0.08946746762495436,698568000
2002-08-27,0.08343189209699631,0.09046126299850184,0.08289737743521969,0.0900028450706412,686712000
2002-08-28,0.07823620736598969,0.0831266051774875,0.07793090502719238,0.08297348950370262,700356000
2002-08-29,0.07923009246587753,0.08282041931647939,0.07663178350455549,0.07724331747635,815520000
2002-08-30,0.07716722041368484,0.08175138900064427,0.0756388568252808,0.07846545612686824,1065888000
2002-09-03,0.07242993265390396,0.07388127721214108,0.07120778695083675,0.0734998779667813,847284000
2002-09-04,0.07197152823209763,0.07456891538018975,0.0688387038204599,0.07265915225307501,930552000
2002-09-05,0.06922098994255066,0.07158917721504723,0.068762578671562,0.07128386798579234,714312000
2002-09-06,0.07074935734272003,0.07273522339459054,0.06967941220231984,0.0721246117305932,746460000
2002-09-09,0.07067234814167023,0.07288833528117619,0.06807495497161498,0.07021392999348122,578040000
2002-09-10,0.0807574987411499,0.0844248358165633,0.07021390550320468,0.07029092442492942,2317632000
2002-09-11,0.0847310796380043,0.09091970681379946,0.08327881325118398,0.08327881325118398,1657536000
2002-09-12,0.0820566788315773,0.08717536121147229,0.08113984259946178,0.0826682058250333,1294932000
2002-09-13,0.0807574987411499,0.08511245938353254,0.08022298400890691,0.08121591672944489,796872000
2002-09-16,0.07563884556293488,0.07984069208259063,0.07372907616452697,0.07953538964785932,925464000
2002-09-17,0.07449278235435486,0.08091062164451789,0.07403437111729837,0.07900085944626928,884052000
2002-09-18,0.07242993265390396,0.07479811361851889,0.0702139384175795,0.07334676222933208,811692000
2002-09-19,0.06998471915721893,0.07334674800299176,0.06960331315488699,0.0708254517899584,618492000
2002-09-20,0.07036705315113068,0.07197151342392684,0.06883868965686897,0.07052016205544585,687312000
2002-09-23,0.06731121987104416,0.06990861248067816,0.06685280182176481,0.06922098199128544,521676000
2002-09-24,0.06784575432538986,0.07105467476883671,0.06532445773955323,0.06654659655533221,624444000
2002-09-25,0.07158917188644409,0.07296441925894251,0.06899177917178514,0.07181837750487793,896616000
2002-09-26,0.06776963919401169,0.07372906028475196,0.06669969422024939,0.07296441767996492,739560000
2002-09-27,0.06540054082870483,0.06937410325245737,0.06532444406851813,0.06761652766816678,650688000
2002-09-30,0.06540054082870483,0.06822806145263305,0.06379608094276118,0.06517133520111915,584124000
2002-10-01,0.0689157024025917,0.06952631416180229,0.0635668912136576,0.06593598751304452,888360000
2002-10-02,0.0688386932015419,0.07296444352192728,0.0688386932015419,0.06945022033399495,749100000
2002-10-03,0.06547755002975464,0.06914488772498975,0.06532444116915126,0.06799884597603147,590568000
2002-10-04,0.06219160556793213,0.06738730525770116,0.061122576141562995,0.06532442779940001,529788000
2002-10-07,0.0591358058154583,0.0625739377937353,0.058677394593905655,0.06135179932335282,493068000
2002-10-08,0.057378243654966354,0.06127478729376173,0.055010059786545516,0.061122593767404435,714252000
2002-10-09,0.05630921572446823,0.0602057663190572,0.05531536737409862,0.05653842478388371,573132000
2002-10-10,0.059211935847997665,0.06104560204605682,0.055773802334079796,0.055773802334079796,538032000
2002-10-11,0.06731121987104416,0.06838024947774547,0.06112258645219412,0.061503992400450125,994140000
2002-10-14,0.06532446295022964,0.06731124473637531,0.06394921512531108,0.06532446295022964,611484000
2002-10-15,0.07212459295988083,0.07518040335686473,0.07113074484548672,0.07258301096986677,852768000
2002-10-16,0.06608816981315613,0.06784574553761909,0.06494212792193124,0.06723421853532952,578124000
2002-10-17,0.07113076746463776,0.07449279661466825,0.07006173760962355,0.07181839128280344,585792000
2002-10-18,0.07181838154792786,0.07258302421230797,0.06807494686846591,0.07074935183781905,498372000
2002-10-21,0.07831322401762009,0.0809106095129547,0.06922097443988405,0.07082543402185558,930624000
2002-10-22,0.08091065287590027,0.08557092528103158,0.07464592685985935,0.0747220236464122,1272168000
2002-10-23,0.08419565856456757,0.08534170050540466,0.0809867383978442,0.0821327803386813,925428000
2002-10-24,0.07991771399974823,0.08679397294258659,0.0786946530282339,0.08587713659528834,1055172000
2002-10-25,0.08480719476938248,0.08518951618372396,0.07915307439202805,0.08022301967908223,745956000
2002-10-28,0.08526559174060822,0.08939134078101758,0.0847310769037298,0.08870371707944066,1070544000
2002-10-29,0.08152219653129578,0.08602935371905258,0.07724332973024618,0.0854187418286465,772728000
2002-10-30,0.08587714284658432,0.08862764525774845,0.08381426433047379,0.08411957362971402,1139496000
2002-10-31,0.09091971814632416,0.09153032983786015,0.08625853819062614,0.08648774385013457,1255476000
2002-11-01,0.10772807151079178,0.1090272294896961,0.08939137543555148,0.0895444911905565,2128836000
2002-11-04,0.11949373036623001,0.12614077319234962,0.11391662537129962,0.11422192765135383,2688132000
2002-11-05,0.11475741118192673,0.12117525145479514,0.1096378132076898,0.11918847001721208,2034540000
2002-11-06,0.12361954897642136,0.12377267154803831,0.11399279383093597,0.11865398125671489,1646016000
2002-11-07,0.11116615682840347,0.12041058740093911,0.11047852632735736,0.12041058740093911,1660560000
2002-11-08,0.08679398894309998,0.09955266071162881,0.084119583013843,0.09397555165592932,3798900000
2002-11-11,0.0800698921084404,0.0838903388265796,0.07808402624736678,0.08266820026889306,1378452000
2002-11-12,0.08717533946037292,0.09015505305580648,0.08129293119347902,0.08198056161146934,1381188000
2002-11-13,0.08992589265108109,0.09244718970311143,0.08343195378733075,0.0851125110959053,1802112000
2002-11-14,0.09588532149791718,0.09771898769999576,0.09298261837085081,0.09588532149791718,1138728000
2002-11-15,0.10291466116905212,0.10627669010820491,0.09970574111095444,0.10085178301299667,2054328000
2002-11-18,0.10673511028289795,0.11154849046238798,0.10642889251491305,0.11116617592596925,1982472000
2002-11-19,0.1082625761628151,0.11368748426083256,0.10497755873049894,0.10612360084439022,1971948000
2002-11-20,0.11368745565414429,0.11460429184693767,0.11009621447581157,0.1115484808739405,1292796000
2002-11-21,0.12331421673297882,0.12896834283151876,0.11804241880468842,0.1182716244402888,2053920000
2002-11-22,0.12010527402162552,0.12255047977133429,0.11460427150325761,0.1158264098737233,1251900000
2002-11-25,0.12446033209562302,0.12751614491213206,0.12079299877391549,0.1256824714203261,1230084000
2002-11-26,0.12109823524951935,0.12751607530566647,0.120716836071111,0.1250717979905039,1084332000
2002-11-27,0.13049578666687012,0.13263567686744634,0.12461337015203083,0.1262178369598726,1088556000
2002-11-29,0.13087809085845947,0.13584458610435576,0.1298851579480823,0.13393390169509317,519396000
2002-12-02,0.12988519668579102,0.13958806910192273,0.1292736763944162,0.1378304930324697,1167504000
2002-12-03,0.12132744491100311,0.1277452851795628,0.12109823925753258,0.12743998275731175,1046220000
2002-12-04,0.10681119561195374,0.11460428942404453,0.10642888111648054,0.1127706239081721,2206548000
2002-12-05,0.10780411958694458,0.11445117104536547,0.10520672698110425,0.11368744380301692,1594872000
2002-12-06,0.10795722901821136,0.11002010683249566,0.10146329321093704,0.10314384972853047,1159224000
2002-12-09,0.09932340681552887,0.10612356740613739,0.09848358961591905,0.10444301082898205,969792000
2002-12-10,0.10765194892883301,0.10963781505270519,0.1005464847445699,0.10184472023409974,1389888000
2002-12-11,0.10704042762517929,0.1100201354866806,0.10329699231834287,0.10688731189866515,1364208000
2002-12-12,0.10528285056352615,0.11231222510784096,0.10505364489628814,0.11101306738491686,1302552000
2002-12-13,0.10115710645914078,0.10337309380732632,0.10039337897897241,0.10337309380732632,707724000
2002-12-16,0.10711649805307388,0.10772802496867814,0.10199780949387607,0.10467221425364698,1056972000
2002-12-17,0.10696431994438171,0.11269452941335338,0.10612358046339312,0.10902719808559092,1077744000
2002-12-18,0.09878891706466675,0.10375541347754595,0.0985597113883139,0.10360229774662119,1126836000
2002-12-19,0.09664992243051529,0.10215093269657623,0.09565607413957812,0.09703132841383037,1100604000
2002-12-20,0.09794817864894867,0.10077569288026107,0.09313479141397997,0.09970574767475641,804576000
2002-12-23,0.09863579273223877,0.10100488857249645,0.09741365410341274,0.0977189565083758,498648000
2002-12-24,0.09664992243051529,0.10115708440563906,0.09611449223099554,0.09917121851783706,300336000
2002-12-26,0.09489237517118454,0.09970575597595153,0.09405163555880051,0.09825440461157776,719760000
2002-12-27,0.09130114316940308,0.09771898494196612,0.09046132564367279,0.09748977923478187,702528000
2002-12-30,0.08809220045804977,0.09267637494454666,0.08602932228067361,0.09168344191329712,784740000
2002-12-31,0.08793999254703522,0.09015506389783594,0.08549479340539004,0.08717534994406259,825396000
2003-01-02,0.09405165165662766,0.09512159713434393,0.08855064603275911,0.09168347032716377,1302540000
2003-01-03,0.09405165165662766,0.09741368850341478,0.09244719111375344,0.09435787634775426,1037496000
2003-01-06,0.1016925647854805,0.10322000650463506,0.09626764860355415,0.09634375223312178,1033428000
2003-01-07,0.10138631612062454,0.10604750351118694,0.10024027401270041,0.10367840033647281,1498272000
2003-01-08,0.09130114316940308,0.10169254874565813,0.09061351921689999,0.09878893035317446,1852524000
2003-01-09,0.09290558844804764,0.09512157569537381,0.0919887521070604,0.09412864258019386,1436076000
2003-01-10,0.09451006352901459,0.09588531825730731,0.09046132513956492,0.09168346411718992,924492000
2003-01-13,0.09374631941318512,0.09894202087651566,0.09328790128475348,0.09810128138686286,849120000
2003-01-14,0.09443395584821701,0.09535079222797238,0.09160735676248996,0.09405163443574976,868524000
2003-01-15,0.09153034538030624,0.09527470333378679,0.09153034538030624,0.09451006044558419,904584000
2003-01-16,0.0853416696190834,0.09130108965320967,0.08411953135100503,0.09015504812714073,2039976000
2003-01-17,0.08213279396295547,0.08419567253103422,0.08106376396147467,0.08304962356914053,1058832000
2003-01-21,0.0800698921084404,0.08541870194942965,0.07984067965034272,0.08366113319942986,967356000
2003-01-22,0.08014688640832901,0.08220976391813466,0.07961145633497858,0.07984066191120302,550992000
2003-01-23,0.08236199617385864,0.08366115399244971,0.08014692413510455,0.08228589939490369,918456000
2003-01-24,0.07770171016454697,0.0820566788527449,0.07632646264696732,0.08167435750174495,897108000
2003-01-27,0.07655566185712814,0.07999379402409112,0.07464589961866079,0.07602114702068771,889116000
2003-01-28,0.07930616289377213,0.08075751387457875,0.07304143921123987,0.07556272837291562,1785480000
2003-01-29,0.08091065287590027,0.08152218687225189,0.07716722379162502,0.07716722379162502,1022040000
2003-01-30,0.07762560248374939,0.08320270902784302,0.07678486996574466,0.08251508536574605,743064000
2003-01-31,0.07884778082370758,0.0809867562917472,0.07464592667399172,0.0753335506242337,949656000
2003-02-03,0.08037612587213516,0.08190356699181923,0.07869464685879493,0.08029910692530709,755556000
2003-02-04,0.0767848789691925,0.08022300451376392,0.07563883712100203,0.07984068317169628,627720000
2003-02-05,0.07747252285480499,0.08060534681325494,0.07716722037476922,0.07846545608729791,581508000
2003-02-06,0.0780840516090393,0.08297352960585802,0.07678490052232313,0.08282042068902053,1226184000
2003-02-07,0.07456887513399124,0.07999378807254627,0.0744166816277501,0.07961146678211492,915156000
2003-02-10,0.07548573613166809,0.07602116645197515,0.07128388243090034,0.07449280296377207,982632000
2003-02-11,0.0741104856133461,0.07831325450456739,0.07372907955821872,0.0760972603913123,850716000
2003-02-12,0.07449278235435486,0.07724329076237989,0.07349985629211458,0.07411046787447799,641400000
2003-02-13,0.07540962100028992,0.07617334146942153,0.07372906436463406,0.07579194232383962,889164000
2003-02-14,0.09198874980211258,0.09206576875251872,0.08366114666054578,0.08572402496060325,3548844000
2003-02-18,0.09726053476333618,0.0990942071425664,0.09435783950218107,0.09550388132372592,1740516000
2003-02-19,0.09817739576101303,0.09878892288064578,0.09558000223709139,0.0966499475673676,1141212000
2003-02-20,0.09817739576101303,0.10115711071472061,0.09779598967850134,0.09855971719079896,978132000
2003-02-21,0.09825438261032104,0.09848359507214603,0.09473923822221232,0.0981012737407235,913260000
2003-02-24,0.09947653114795685,0.10306777265691759,0.09687914486317582,0.09741365977067541,1137012000
2003-02-25,0.09886498749256134,0.09932340555404355,0.09473923177016895,0.09626759481378595,1239204000
2003-02-26,0.09405165165662766,0.09917125797637692,0.09382244593519595,0.0975667974335027,746892000
2003-02-27,0.09603840857744217,0.0964968267314254,0.09344101537455685,0.09496846337941058,675312000
2003-02-28,0.09642074257135391,0.09664994826285007,0.09030820371096432,0.09305870616366757,1653336000
2003-03-03,0.09481627494096756,0.09932343094293289,0.09359321395607804,0.09756677718199207,702036000
2003-03-04,0.09405165165662766,0.09603843368197226,0.09313481510899932,0.09512159713434393,538392000
2003-03-05,0.09557999670505524,0.09611451166561925,0.09290559120779267,0.09313479688437339,522156000
2003-03-06,0.09397551417350769,0.0957330897163833,0.09359319285658398,0.0948162535657487,548064000
2003-03-07,0.09542689472436905,0.09573311937777805,0.09168345903454046,0.09252419185632148,581148000
2003-03-10,0.09275337308645248,0.09489234770936002,0.09260026422688027,0.09443392964667455,344796000
2003-03-11,0.09344101697206497,0.09496846500303262,0.09237107175574114,0.09344101697206497,417144000
2003-03-12,0.09603840857744217,0.09626761423895931,0.09336400325594374,0.09420474279245819,493920000
2003-03-13,0.10558903962373734,0.10619965113023366,0.09840655860433173,0.09886497661537853,1362732000
2003-03-14,0.10253232717514038,0.10696430753420806,0.1017686067272353,0.10597045928857418,1094220000
2003-03-17,0.10849174857139587,0.11055462647595478,0.10062256509752977,0.1008517707176151,1307808000
2003-03-18,0.10765194892883301,0.10933250579416261,0.1054359618003343,0.10811036707474496,932280000
2003-03-19,0.10818645358085632,0.10895017408190537,0.10436600671959843,0.10788114435127942,712992000
2003-03-20,0.10917939990758896,0.1114714838691978,0.10535986792603799,0.10818646681836211,780060000
2003-03-21,0.10818645358085632,0.11330513580847625,0.10329697698897247,0.11292373664695489,1681800000
2003-03-24,0.10413681715726852,0.10696433850364,0.10314388397114468,0.10375541791186037,839016000
2003-03-25,0.10711649805307388,0.10872095783954265,0.10406068733804272,0.10444300864027181,672828000
2003-03-26,0.11009620875120163,0.11192988104144398,0.10864486460653164,0.10948559716276911,1107840000
2003-03-27,0.10696431994438171,0.11093696051589842,0.10665809535352683,0.10864487672830976,1392732000
2003-03-28,0.10260932147502899,0.10734568804263503,0.1009278498308553,0.10696428897383368,1290684000
2003-03-31,0.0984066054224968,0.10069869656822164,0.09794819402430192,0.09947655079595542,680508000
2003-04-01,0.10131021589040756,0.10238016118125606,0.09825440426844975,0.1004694762809596,533808000
2003-04-02,0.10505364835262299,0.10681121746784829,0.10337309136046671,0.1047483390710396,771900000
2003-04-03,0.10642892122268677,0.1069643516184718,0.10421384206175127,0.1069643516184718,702780000
2003-04-04,0.10230313986539841,0.10688730772917987,0.10184472171283047,0.10673511418674572,513840000
2003-04-07,0.10337308794260025,0.11002013426281039,0.10238015483856018,0.1091794015363974,671256000
2003-04-08,0.10238014906644821,0.10482442647112333,0.10169252527266463,0.10428991839351809,475032000
2003-04-09,0.10184472799301147,0.10551206660874977,0.10169253444119242,0.1027615643546834,694260000
2003-04-10,0.10238014906644821,0.10337308211450749,0.10138630067125673,0.10321996639832917,364104000
2003-04-11,0.10123410075902939,0.10436600859123858,0.10024025242641484,0.10352618448128777,374184000
2003-04-14,0.10299075394868851,0.10329697852989161,0.0994004280166666,0.09970573725079793,445776000
2003-04-15,0.10245624929666519,0.10375540699002042,0.09978184396928433,0.1023031404062633,490212000
2003-04-16,0.10245624929666519,0.10505364250526357,0.10161550975830151,0.1048244300122933,671988000
2003-04-17,0.1042899340391159,0.10451913972777967,0.10108101341212462,0.10321998188341254,520740000
2003-04-21,0.10696431994438171,0.10726962235718746,0.1034491753185233,0.10444302367946508,597144000
2003-04-22,0.1083395928144455,0.10841568959866325,0.10467225379830751,0.10642891459031914,787392000
2003-04-23,0.11078387498855591,0.11147149890359001,0.10734574175148547,0.1081864814096972,606204000
2003-04-24,0.10749883204698563,0.11086086087476227,0.10604748094707173,0.11086086087476227,660912000
2003-04-25,0.10352621227502823,0.10872099958429676,0.10253236367559458,0.1068873266494442,884652000
2003-04-28,0.10665809363126755,0.10856877820877146,0.10352618576036335,0.1047483244008495,674988000
2003-04-29,0.10994403809309006,0.1114714861442057,0.10826256580008325,0.10910330536206124,670344000
2003-04-30,0.10948561877012253,0.11231222452126213,0.10887409171400457,0.10933250987703552,466620000
2003-05-01,0.11017325520515442,0.11124228513316008,0.1081103767788587,0.10872098851980425,733368000
2003-05-02,0.12148059159517288,0.1222443192239013,0.11101309525925313,0.11162462247211362,1691088000
2003-05-05,0.12446033209562302,0.13019055834204063,0.12041067037781221,0.12262667226572148,1576164000
2003-05-06,0.12461339682340622,0.1278223174640079,0.12262662873557086,0.12384876762643757,1143864000
2003-05-07,0.12262658774852753,0.1256823847970033,0.12048761315215421,0.12277969660620042,897372000
2003-05-08,0.12270267307758331,0.12759305724562,0.11957076590350868,0.12109820661202479,1957452000
2003-05-09,0.16327263414859772,0.1644956882550071,0.13981725898944855,0.14386691883353184,9230856000
2003-05-12,0.158688485622406,0.16732231446967452,0.15739023626980145,0.16365496873408616,3007860000
2003-05-13,0.15570873022079468,0.15815392275114726,0.15234761684151624,0.1532644393755951,1824108000
2003-05-14,0.15555648505687714,0.15815387024929745,0.15356970445310938,0.15624410172917033,965580000
2003-05-15,0.16090446710586548,0.16120976956940644,0.1570079158222969,0.15784865544299975,1105656000
2003-05-16,0.16243283450603485,0.16525944067108325,0.1586884901952563,0.15891769589486054,1028916000
2003-05-19,0.15326443314552307,0.16182124729525207,0.15135376238393017,0.16029289102300104,1220484000
2003-05-20,0.15433351695537567,0.15547955914026315,0.15280607549438127,0.15349370627007397,884124000
2003-05-21,0.15975837409496307,0.15983447084977753,0.1535697406156762,0.15441047996837404,905472000
2003-05-22,0.16029289364814758,0.161745153185119,0.1562441498046848,0.15998759125988135,888816000
2003-05-23,0.1594531238079071,0.16350186902825006,0.15876550669019585,0.16044605707961113,867612000
2003-05-27,0.17358706891536713,0.17419858928989804,0.15471585700365206,0.1577716691672057,1677408000
2003-05-28,0.17312857508659363,0.17496224745871636,0.16885062555759753,0.17305247832525963,1235556000
2003-05-29,0.18497134745121002,0.19085467989628596,0.17267018812431842,0.17305250267887004,2297736000
2003-05-30,0.19994598627090454,0.20346113768244076,0.19750170898194255,0.2024672893342985,2142312000
2003-06-02,0.18886791169643402,0.20537093920823266,0.1876457728598041,0.20514171986686958,1566144000
2003-06-03,0.19276440143585205,0.19849460990498718,0.18443679355763323,0.18672887694528728,1596804000
2003-06-04,0.19734860956668854,0.19750171845201134,0.1891731934815616,0.19215290797468593,1175604000
2003-06-05,0.2030027061700821,0.20369033674002882,0.19215289254828496,0.1947512076402037,1204404000
2003-06-06,0.19681409001350403,0.21201795035427928,0.19528571996699093,0.21094800525177085,1378836000
2003-06-09,0.19444501399993896,0.20063364934580905,0.191465299167272,0.19559105606451874,720588000
2003-06-10,0.19727249443531036,0.19742468795933413,0.192305998960011,0.194444973743564,563304000
2003-06-11,0.19742470979690552,0.19918228561776083,0.19253522588982927,0.1960494621843911,943836000
2003-06-12,0.19444501399993896,0.2009398671513486,0.19383440908333396,0.19879997657772183,1046688000
2003-06-13,0.17931723594665527,0.19138918971899613,0.17801900041248966,0.1860412943334492,1826808000
2003-06-16,0.1831376999616623,0.1854297840620953,0.16946127847397804,0.18145713611740721,1904868000
2003-06-17,0.18749263882637024,0.18871477749918553,0.18183851240365947,0.18733952994483918,999852000
2003-06-18,0.19467420876026154,0.19841856621140036,0.18413061142804973,0.18565898165210082,1122072000
2003-06-19,0.18283240497112274,0.19650791269175277,0.18183855635969476,0.19551497942765614,1190532000
2003-06-20,0.18092162907123566,0.18489519082783556,0.1780189411833974,0.18481817873355344,937848000
2003-06-23,0.17450383305549622,0.18168631579245184,0.17091351386506146,0.18076947955111483,734784000
2003-06-24,0.17412243783473969,0.1772543458066093,0.16854442180886922,0.17343480722264015,1008816000
2003-06-25,0.1752685010433197,0.1816863419964035,0.17389325331391572,0.17458088400956714,1060620000
2003-06-26,0.17549771070480347,0.17786590530032717,0.17030200846216756,0.17580302682844715,960540000
2003-06-27,0.17236481606960297,0.17916498262212224,0.17152409046139452,0.17756051617612775,709104000
2003-06-30,0.17503930628299713,0.17809511804911632,0.17267020990813475,0.17465699168021326,544128000
2003-07-01,0.18222081661224365,0.18245002223081752,0.17121879663984801,0.17282326329365597,977016000
2003-07-02,0.18168634176254272,0.18627052362448687,0.17916505198489757,0.1839014137385409,846828000
2003-07-03,0.17962343990802765,0.18428371793883142,0.17710215045928804,0.17748354964075455,420912000
2003-07-07,0.19138921797275543,0.19238215121541177,0.1819916750104167,0.18206777179437897,832200000
2003-07-08,0.18925021588802338,0.1917715192094046,0.18565898100547187,0.18611739233923305,602856000
2003-07-09,0.1936051845550537,0.19673709285936314,0.18886790752085608,0.18917320997098086,755352000
2003-07-10,0.18565905094146729,0.19001401490026493,0.18237403260877647,0.1875688210929334,644568000
2003-07-11,0.18665190041065216,0.18902099634981337,0.18504743353643555,0.1878749544376146,495000000
2003-07-14,0.18520057201385498,0.1925352354181814,0.18428373567283957,0.19138919340738675,694344000
2003-07-15,0.1791650801897049,0.18879184312241876,0.17740750394504232,0.18795110339447668,1143456000
2003-07-16,0.17694906890392303,0.18336691000260993,0.17267020305571598,0.1825261703868639,880476000
2003-07-17,0.168085977435112,0.17381619999641554,0.16579389387534885,0.17160112854252457,853764000
2003-07-18,0.16243283450603485,0.16533553745518026,0.1563963922135134,0.1648010156099746,1280832000
2003-07-21,0.15998761355876923,0.16388415076281135,0.15616715946374535,0.16334964267208954,985140000
2003-07-22,0.16266202926635742,0.16571784092550185,0.161745192867699,0.16449570206367425,582444000
2003-07-23,0.1648010015487671,0.16579393470846185,0.15761944671828473,0.16250891742449033,605328000
2003-07-24,0.15838313102722168,0.16900282372743308,0.15700788354126172,0.16778068511539057,1116828000
2003-07-25,0.16090446710586548,0.1618212898437411,0.15280606207518732,0.15868847971644987,1002084000
2003-07-28,0.15593799948692322,0.16258504754279038,0.15525036864387073,0.1622036482293219,703752000
2003-07-29,0.14570055902004242,0.15402816795174407,0.14027565222416533,0.14180402223285762,2794788000
2003-07-30,0.14409616589546204,0.14684666198882868,0.14317932931037247,0.14516519606945769,788724000
2003-07-31,0.145852729678154,0.1495970860146281,0.14432528891789373,0.14745719619806605,897600000
2003-08-01,0.15066616237163544,0.15188921650838863,0.14447752729308405,0.14592980076237133,767556000
2003-08-04,0.15632030367851257,0.15907081320460967,0.1495971592797081,0.15051399578840713,1428852000
2003-08-05,0.15586183965206146,0.16403725502115316,0.15456268894653677,0.1603699102240784,1063488000
2003-08-06,0.14952018857002258,0.15586193543793492,0.14577674470996213,0.15379905613729977,1025868000
2003-08-07,0.1474572867155075,0.15127774214803288,0.1454714198754256,0.14913876636536236,1040340000
2003-08-08,0.11842478066682816,0.1269815976764778,0.11659110773655186,0.12644707582846143,3767580000
2003-08-11,0.1248425841331482,0.12644703721070422,0.11957078631507082,0.1203344999687532,1675752000
2003-08-12,0.12736383080482483,0.1276691330947957,0.1243841176150541,0.12644699492628833,764160000
2003-08-13,0.12820376455783844,0.13026664363835017,0.12468954050987743,0.12789846200601754,693552000
2003-08-14,0.12377266585826874,0.12575944752794696,0.12239740445206976,0.12392577476094768,1527696000
2003-08-15,0.123390331864357,0.1241549746567884,0.12224428985385295,0.12300893264628436,217716000
2003-08-18,0.12705768644809723,0.12705768644809723,0.12316113513247073,0.12537712254011782,717684000
2003-08-19,0.13676147162914276,0.13752519919274067,0.12980819270525074,0.12988520483855545,1403976000
2003-08-20,0.13485077023506165,0.13737206001186694,0.13187105544126518,0.13485077023506165,870348000
2003-08-21,0.13851810991764069,0.1398172746036246,0.1359968199978388,0.1381367106649159,644748000
2003-08-22,0.13951194286346436,0.14883247138729358,0.13943491708935754,0.14684660539356895,1002396000
2003-08-25,0.13874733448028564,0.14218546095327747,0.1375251955386746,0.14218546095327747,434028000
2003-08-26,0.13653221726417542,0.13905350644706627,0.1327878605338629,0.1369906285112844,768984000
2003-08-27,0.1406579464673996,0.1421092903543,0.13599675446472193,0.13744902736035136,567816000
2003-08-28,0.13699065148830414,0.14279697178126521,0.13538619819241696,0.14203324436176004,828312000
2003-08-29,0.13882434368133545,0.13943494863464698,0.13622602792853958,0.13676146510870213,532884000
2003-09-02,0.13760125637054443,0.1424916415538651,0.13691362579084823,0.1412685875844988,711456000
2003-09-03,0.13492777943611145,0.1400464693175081,0.13424016241836892,0.1396641547474716,849972000
2003-09-04,0.13622604310512543,0.13943496416873027,0.13446939582263637,0.13546232915475662,740064000
2003-09-05,0.14272087812423706,0.14592979844793733,0.1348507640305822,0.13645523102338145,1198740000
2003-09-08,0.14929088950157166,0.15097235469594436,0.14325536433732833,0.14501293995523953,1508712000
2003-09-09,0.15845924615859985,0.1640372761833063,0.14317928752930706,0.1451651537088978,2489436000
2003-09-10,0.1476103663444519,0.15807786813388933,0.14638822742696767,0.15395211098298756,1380624000
2003-09-11,0.14570055902004242,0.15395207118896895,0.13981724095340115,0.14959710946912358,2612736000
2003-09-12,0.1478395015001297,0.15104842067954208,0.1428730207228279,0.1444774734815874,1162404000
2003-09-15,0.14539434015750885,0.14982631395312743,0.14485983212807707,0.149061671281129,596028000
2003-09-16,0.14990240335464478,0.15036082826127237,0.1457005507460206,0.1457005507460206,620736000
2003-09-17,0.15165996551513672,0.15456266722996378,0.1495970877720975,0.1508192261964249,902784000
2003-09-18,0.15280602872371674,0.15288212548617988,0.14913869758694867,0.15081924745240527,603492000
2003-09-19,0.1515829861164093,0.15555654895619997,0.15020773854500877,0.15456270057269159,648096000
2003-09-22,0.1456235647201538,0.14890949711289778,0.14440142596910274,0.148603279330233,735504000
2003-09-23,0.1469988226890564,0.14783956229159062,0.14394302475412665,0.14585278062957888,628932000
2003-09-24,0.1358446180820465,0.14516516164999363,0.13561541240559555,0.14386692605301998,1600668000
2003-09-25,0.1339339315891266,0.13935883929085377,0.13332332669085345,0.1369136463323352,736776000
2003-09-26,0.12881521880626678,0.1339339078025728,0.12705765684275291,0.13355250864569065,895908000
2003-09-29,0.12186288088560104,0.1266762542122231,0.11995219623553839,0.12232129218836607,1944996000
2003-09-30,0.12201506644487381,0.12614082254762138,0.12033450290318343,0.12079292783787561,1020888000
2003-10-01,0.12300890684127808,0.12446025099121369,0.12193896182940459,0.12224426420925465,877224000
2003-10-02,0.12491867691278458,0.12667623880387247,0.1218628660627283,0.12224426520389366,857628000
2003-10-03,0.12820376455783844,0.13141268605397854,0.12614088547732671,0.1283568735075076,862812000
2003-10-06,0.12721076607704163,0.12973205537046367,0.12614082100931628,0.12843290466913568,377028000
2003-10-07,0.12835682928562164,0.12835682928562164,0.12545321134166573,0.12721078726483115,510588000
2003-10-08,0.12384875118732452,0.1295028642064321,0.1230850237771033,0.12835682224847322,739440000
2003-10-09,0.12560626864433289,0.13049575082761822,0.1246133359283208,0.125682365387934,852408000
2003-10-10,0.12782227993011475,0.12873911608133712,0.12606471804800795,0.12759307430778305,413976000
2003-10-13,0.12912052869796753,0.13179492672747564,0.12828070465339203,0.1292736375616381,434904000
2003-10-14,0.13148964941501617,0.13187104862639962,0.1269815782262408,0.12774529199618548,623556000
2003-10-15,0.12980817258358002,0.135462299523633,0.12896836202609333,0.13301709294526326,703488000
2003-10-16,0.1314125955104828,0.13187100669612678,0.1279744706324714,0.12996123788111807,446088000
2003-10-17,0.127286896109581,0.13317021566833473,0.1271347025454318,0.1306489257158958,459696000
2003-10-20,0.13011446595191956,0.13026665957268774,0.12659931246456108,0.12736395562082456,467388000
2003-10-21,0.13408705592155457,0.1366083596076713,0.13064892943528655,0.13248260235938958,758724000
2003-10-22,0.1317949742078781,0.1350799918434166,0.1311073570941448,0.13202417991245588,620952000
2003-10-23,0.13118338584899902,0.13370467461563068,0.12965593151836333,0.1298851371040765,451524000
2003-10-24,0.13072505593299866,0.1318710983555805,0.12866217683997067,0.12988523141161307,447084000
2003-10-27,0.1314125955104828,0.1329409515734855,0.130495759477301,0.1314125955104828,254460000
2003-10-28,0.13966411352157593,0.14042874243594664,0.13255864413566418,0.1331701641977737,956064000
2003-10-29,0.13966411352157593,0.14134557851753793,0.13546226123269928,0.1355383579853623,494004000
2003-10-30,0.13706675171852112,0.14333148349355707,0.1368375460507391,0.1432553867200251,581256000
2003-10-31,0.13507989048957825,0.139434850256522,0.13294091664375496,0.13828880893163628,598152000
2003-11-03,0.13760125637054443,0.14019955783740654,0.13378171796656393,0.13439233643512313,773724000
2003-11-04,0.13805973529815674,0.140963354253016,0.1371428986299453,0.14058102588931073,700896000
2003-11-05,0.13859514892101288,0.13997039685729729,0.1330171177163647,0.13523310537579472,882024000
2003-11-06,0.13882434368133545,0.14134563364259842,0.1363030400581726,0.1406580165596539,1175280000
2003-11-07,0.16617625951766968,0.16854444037059585,0.16197440593846807,0.1654886288298417,4292820000
2003-11-10,0.16571786999702454,0.16900288791664225,0.16472493664519863,0.16671080334885047,1210056000
2003-11-11,0.16159199178218842,0.16480091051601262,0.1586883889992649,0.1619743198153885,799140000
2003-11-12,0.16373105347156525,0.1642664906092667,0.1602929273437923,0.1610575701576322,617664000
2003-11-13,0.16380804777145386,0.1661001452691359,0.16281419938961422,0.1637310356563076,580332000
2003-11-14,0.1541043370962143,0.1642665385549349,0.15364592561013754,0.1642665385549349,888420000
2003-11-17,0.15249980986118317,0.15433346858516928,0.14974930128235966,0.15120157451167077,599880000
2003-11-18,0.1502847522497177,0.15815393688823035,0.14974931516371423,0.15624416756341258,991428000
2003-11-19,0.15448661148548126,0.155098131702483,0.15081926623021275,0.15135378799000793,567552000
2003-11-20,0.1503608375787735,0.15540341623088447,0.14974930377033838,0.1520413874598245,738852000
2003-11-21,0.15097233653068542,0.1524236942333111,0.14806873310229016,0.15219447496702485,543240000
2003-11-24,0.160063698887825,0.1604460134093856,0.1513537751389466,0.1524237202529596,940644000
2003-11-25,0.1628141701221466,0.16418943110591847,0.15891763376651263,0.1607512923083837,822804000
2003-11-26,0.16296730935573578,0.1660231066772763,0.159911498372299,0.16548859864810894,430032000
2003-11-28,0.1622035950422287,0.16334963696359067,0.1608283474689738,0.16289122565980482,206136000
2003-12-01,0.16449567675590515,0.16571781542970587,0.1621265808284647,0.16403726545805247,526980000
2003-12-02,0.16380804777145386,0.16716916140998472,0.16281419938961422,0.1635018300051086,574740000
2003-12-03,0.16212661564350128,0.16961440253200485,0.16174520271622952,0.1642665063815351,710028000
2003-12-04,0.16128677129745483,0.16556472154783386,0.15746631703926578,0.16266201897750435,521952000
2003-12-05,0.1560910940170288,0.1619744275556354,0.15479194290591758,0.15746634191432712,559848000
2003-12-08,0.15723715722560883,0.15884162470516927,0.1547158667999023,0.1560911148810238,340980000
2003-12-09,0.14906169474124908,0.15845925015580167,0.14898559796708222,0.1569318089274037,598128000
2003-12-10,0.152347594499588,0.15318740480130177,0.14898555260441088,0.14906164935540803,568656000
2003-12-11,0.160063698887825,0.1619743834723325,0.15196529530402572,0.15227059771302068,694872000
2003-12-12,0.15922388434410095,0.16327262870604808,0.15662558267271148,0.1622035988748063,700692000
2003-12-15,0.15601499378681183,0.16411339939591815,0.155556582385132,0.16388418003317795,622752000
2003-12-16,0.1581539809703827,0.1591469142940307,0.15234767292334853,0.15509816886188313,601728000
2003-12-17,0.15509817004203796,0.15739025456222455,0.15249986766407142,0.1568548309848062,499116000
2003-12-18,0.15861232578754425,0.1602167924627165,0.15525029723567746,0.1554034060990953,436728000
2003-12-19,0.16098055243492126,0.16503021233584775,0.1592238918866417,0.16258500577398344,916956000
2003-12-22,0.16120976209640503,0.1615920766685483,0.1570079085440756,0.15861236192288158,371184000
2003-12-23,0.16778069734573364,0.16938516424789135,0.16052211755176657,0.16059912966787138,722760000
2003-12-24,0.16655856370925903,0.16823912743149225,0.16610015238721618,0.16770460567626405,210852000
2003-12-26,0.17374014854431152,0.1747330817183887,0.16716918487205548,0.1678568155840583,363960000
2003-12-29,0.18107479810714722,0.18168631828419216,0.17618531442262333,0.17702513856246177,756624000
2003-12-30,0.18145714700222015,0.1848952733591077,0.17901195385425994,0.17916506276429514,550884000
2003-12-31,0.17725439369678497,0.18222089088194038,0.17435169059073727,0.18138015116027503,497268000
2004-01-02,0.17633748054504395,0.18252611405050254,0.17633748054504395,0.18008183709270348,436416000
2004-01-05,0.18206778168678284,0.18329083604240223,0.1774075023561403,0.1790119696615065,575292000
2004-01-06,0.18947945535182953,0.1920007452792373,0.18069250399912257,0.18153324364465165,1093344000
2004-01-07,0.19115999341011047,0.19207682977833218,0.18604130343938732,0.18733955269899488,673032000
2004-01-08,0.19184762239456177,0.1944450089140872,0.19001394967443558,0.19352817255402413,433752000
2004-01-09,0.19459813833236694,0.1969663330889657,0.18902103647003038,0.19054849155368975,766584000
2004-01-12,0.19681409001350403,0.19742469482492842,0.1934520475147656,0.19528571996699093,541980000
2004-01-13,0.18665190041065216,0.19773092034728296,0.18458902223631493,0.19582023570824236,865800000
2004-01-14,0.18527661263942719,0.19024309374286252,0.1835199526111465,0.1875686959663939,544872000
2004-01-15,0.18558290600776672,0.18711034739663754,0.18061640921738709,0.1839014266980931,609204000
2004-01-16,0.18840950727462769,0.1900139607518503,0.1857350948143018,0.18749267086111496,451728000
2004-01-20,0.1936812549829483,0.19398655737000517,0.188562566118393,0.19070154084562985,487764000
2004-01-21,0.18474219739437103,0.19284060411458429,0.18443689486713616,0.19207687646087307,494460000
2004-01-22,0.1804632991552353,0.18871481337371365,0.17824822703726284,0.18573509838794094,605724000
2004-01-23,0.1764145791530609,0.18313773759703794,0.17603226449597967,0.17954648814562574,482472000
2004-01-26,0.18336686491966248,0.18413057855987036,0.1761852980967748,0.17756054551925826,393684000
2004-01-27,0.17289933562278748,0.1826031052931374,0.17152408844375042,0.1796994884334227,934104000
2004-01-28,0.17244096100330353,0.17786588187653157,0.17152413839156247,0.17511537305561614,615204000
2004-01-29,0.1673983931541443,0.1738162338356916,0.16159207270357934,0.17297640962177888,929700000
2004-01-30,0.16999666392803192,0.17381620211750456,0.1660231015249354,0.16701694979921994,466464000
2004-02-02,0.17274723947048187,0.17610835404965716,0.16961441525927526,0.17137199151651242,560844000
2004-02-03,0.17213565111160278,0.17526847433383094,0.16984356735792475,0.17228875998929077,418032000
2004-02-04,0.16747541725635529,0.17106573706955835,0.1672462115717378,0.1696904892999541,436800000
2004-02-05,0.16999666392803192,0.17190643302276826,0.1673222658473011,0.16839221088137676,331980000
2004-02-06,0.1738932728767395,0.1763375508084853,0.1712949570175186,0.17221179349423077,471132000
2004-02-09,0.1726701706647873,0.17801898080848297,0.17259407390043877,0.1751914600299141,373992000
2004-02-10,0.17901194095611572,0.17916504985511914,0.17312860821327336,0.17320562033638234,509700000
2004-02-11,0.18527661263942719,0.18588813268924692,0.1806924323235995,0.1813039660353135,737808000
2004-02-12,0.17969952523708344,0.18527663916569204,0.17687293355366107,0.18428370620923348,974892000
2004-02-13,0.1780189722776413,0.18252612740024104,0.17343479138541187,0.17496224600543248,1747500000
2004-02-17,0.18000486493110657,0.18054028837675778,0.17626142289979566,0.17870661574711286,575976000
2004-02-18,0.18000486493110657,0.18145712469158026,0.1787827125191339,0.18054028837675778,320244000
2004-02-19,0.17992879450321198,0.18542979953567387,0.1795464662308945,0.18222087879491278,631032000
2004-02-20,0.1844368427991867,0.18489525413434785,0.17862960701763264,0.17962345547050354,618120000
2004-02-23,0.1780189722776413,0.1844368118648665,0.175573766132143,0.18413058046609934,853332000
2004-02-24,0.17091350257396698,0.1771782333086228,0.1690028181045025,0.17496224644854574,708384000
2004-02-25,0.1719064563512802,0.17519147331206972,0.17007278376749707,0.17198255312139804,652512000
2004-02-26,0.17305254936218262,0.17473311355445847,0.17091357371964927,0.1744277973748568,344976000
2004-02-27,0.16999666392803192,0.17358699649111037,0.1673983626070922,0.1734347893096323,595548000
2004-03-01,0.17251800000667572,0.1728233024516192,0.16930907963388434,0.1695382853043912,506628000
2004-03-02,0.16930906474590302,0.17396932916827607,0.16862143413294992,0.17274719048687395,813348000
2004-03-03,0.16709305346012115,0.16885062910786486,0.164342558506001,0.16885062910786486,552492000
2004-03-04,0.17076042294502258,0.17106572538791312,0.16739839369876813,0.16877364137446021,413352000
2004-03-05,0.16953831911087036,0.1734348572721644,0.16632939809820993,0.16694000310985346,354888000
2004-03-08,0.16365490853786469,0.17190641974593396,0.16235575797773202,0.16961433633522466,465168000
2004-03-09,0.16250889003276825,0.16518330195064942,0.15975839501200606,0.1650301930740131,371232000
2004-03-10,0.16014069318771362,0.16533547860773473,0.15899465143570005,0.16357881844375435,481692000
2004-03-11,0.1589176058769226,0.16365488074871395,0.15800076993594178,0.15800076993594178,526872000
2004-03-12,0.16227971017360687,0.16426649182099984,0.15929999537613054,0.16105757134569432,377952000
2004-03-15,0.15861232578754425,0.16197436800130657,0.1576194065428327,0.1612867374745334,421224000
2004-03-16,0.16541247069835663,0.16617619787893106,0.15952914012721037,0.16059908499275843,597504000
2004-03-17,0.16946125030517578,0.1710657034440181,0.1673983722253095,0.16808598914400052,524592000
2004-03-18,0.17137189209461212,0.17343475599783928,0.168085947201833,0.1685443720284671,528048000
2004-03-19,0.1693851798772812,0.17221177207948482,0.1683922467385837,0.1704551251391895,452964000
2004-03-22,0.168085977435112,0.16938514174162392,0.16426645295414508,0.1667877421375054,576708000
2004-03-23,0.16877363622188568,0.1722117621371008,0.1668638668307434,0.17037810317945817,576036000
2004-03-24,0.17633748054504395,0.17916500098131385,0.1680859692044325,0.16846829733593854,787344000
2004-03-25,0.18657581508159637,0.18749265139994425,0.17801899944193744,0.17832430187836354,997128000
2004-03-26,0.1860412359237671,0.18894393752792854,0.18351994707257424,0.1860412359237671,551604000
2004-03-29,0.19406357407569885,0.19658486335677056,0.18833336495421946,0.1887147641103226,985764000
2004-03-30,0.19986997544765472,0.20078681207749297,0.19261139286901868,0.19276451547473814,724956000
2004-03-31,0.20170357823371887,0.20384255328620565,0.19979380884313336,0.20086283869579544,604752000
2004-04-01,0.19811232388019562,0.20605852012434467,0.19306973150646248,0.2019327639696445,1319508000
2004-04-02,0.2009398639202118,0.20376646980465682,0.19635569573560677,0.2024673188581978,649740000
2004-04-05,0.2081214189529419,0.20896215849173225,0.19986990582080458,0.19986990582080458,576744000
2004-04-06,0.19971677660942078,0.20544699955120635,0.19864774686442868,0.20399564163060047,624096000
2004-04-07,0.19864773750305176,0.20132123391756082,0.1951325999897853,0.20124513715723163,447864000
2004-04-08,0.20430098474025726,0.20628776644534716,0.20155048920263355,0.2030788458768533,447096000
2004-04-12,0.20048141479492188,0.2068222423997233,0.19925836085543436,0.20590540620315856,443784000
2004-04-13,0.19582022726535797,0.20246728646379633,0.1948273079402786,0.20231509293506159,442704000
2004-04-14,0.19681409001350403,0.20048142125605795,0.19261130805331117,0.19482730868488296,512016000
2004-04-15,0.1864996999502182,0.19498041798272006,0.18565896048694652,0.19413967851944838,828084000
2004-04-16,0.18038713932037354,0.18581204556747438,0.18000482485105887,0.18573503346543296,654864000
2004-04-19,0.18015792965888977,0.18145708020968315,0.176949010174586,0.1802340264122567,522804000
2004-04-20,0.17251800000667572,0.18260317246606358,0.17244097422314364,0.18061639088214157,513804000
2004-04-21,0.17274723947048187,0.1787827531682732,0.1714480883058353,0.17320565090117132,688812000
2004-04-22,0.17374014854431152,0.17664376663508488,0.16755151312198394,0.17114274826286088,695520000
2004-04-23,0.17756056785583496,0.18054028236430128,0.17534458074554693,0.1758791024881273,443928000
2004-04-26,0.1706072837114334,0.17870658843936088,0.17014885879312405,0.1779419594473198,429912000
2004-04-27,0.16915594041347504,0.17717824738617796,0.16854442023662794,0.1725940797800032,494568000
2004-04-28,0.16846834123134613,0.17183037052349595,0.1671691766499456,0.16923205502259345,468768000
2004-04-29,0.16380804777145386,0.16862143475611968,0.16159206070369547,0.16747539283822732,645048000
2004-04-30,0.15677867829799652,0.16388413504489707,0.1561671444859576,0.16289121572959914,512928000
2004-05-03,0.1547919511795044,0.16006375100647488,0.1520414415759932,0.158459283655618,610668000
2004-05-04,0.16464781761169434,0.16663459837288724,0.1566255268327087,0.15700784124096875,772380000
2004-05-05,0.1660231649875641,0.1674754387316669,0.16342577802078975,0.16480102596674154,464280000
2004-05-06,0.1673983931541443,0.1686975440516847,0.16082835892524225,0.1643425817079132,711348000
2004-05-07,0.16869749128818512,0.1754976444056116,0.1677806552401659,0.17228872506849136,956772000
2004-05-10,0.16212661564350128,0.16594705671406954,0.1585362819564862,0.16418949425061485,669072000
2004-05-11,0.1661001294851303,0.16770458255295426,0.16350181446801318,0.16418944501816402,399936000
2004-05-12,0.16380804777145386,0.16541251465364157,0.15807783818199198,0.16518330900244255,482328000
2004-05-13,0.16434261202812195,0.167322327250415,0.1619744308115339,0.16243284223254784,347952000
2004-05-14,0.16434261202812195,0.16793384759421912,0.16350187231191,0.1650302428215437,459000000
2004-05-17,0.16174520552158356,0.16411340031343066,0.15930001225938087,0.16197442488560523,308340000
2004-05-18,0.16434261202812195,0.16625238182369606,0.1625850358079813,0.1631965698136863,204420000
2004-05-19,0.163960263133049,0.17037811785421417,0.16312045253160798,0.16800992327326392,498276000
2004-05-20,0.16159199178218842,0.16640537671387043,0.1607512526421098,0.16365486908692478,421488000
2004-05-21,0.16197441518306732,0.16373106222445633,0.15975842775572732,0.1635018565360648,282096000
2004-05-24,0.1614389568567276,0.16327262944731707,0.15952918749573786,0.16166816251507685,301620000
2004-05-25,0.16846834123134613,0.16923205502259345,0.1588415800462891,0.16212659721627184,681264000
2004-05-26,0.1719064563512802,0.17419854025006032,0.16747539744110068,0.16846833050311005,524568000
2004-05-27,0.17244096100330353,0.17733136014016082,0.17221175535036826,0.17473305851834844,556548000
2004-05-28,0.1791650801897049,0.18015801349520386,0.17320564966197205,0.17458091126800335,637980000
2004-06-01,0.17901194095611572,0.18084560001719735,0.17587911729774391,0.17610832297264176,318420000
2004-06-02,0.17763663828372955,0.18420760018546428,0.1774835294203228,0.18336686079533424,643800000
2004-06-03,0.16907985508441925,0.1780950956875388,0.16854443163829275,0.17771276747086023,700824000
2004-06-04,0.1673983931541443,0.17289939750091365,0.16724619960678958,0.17251799828533906,649608000
2004-06-07,0.1714480221271515,0.1733577775639705,0.16800988307649273,0.17014885780207928,571956000
2004-06-08,0.16839224100112915,0.17076042177224235,0.16587093767412853,0.17045511933144863,615000000
2004-06-09,0.16052214801311493,0.16961440208867534,0.1599876398346073,0.1693851963911285,498336000
2004-06-10,0.1589176058769226,0.16342567517894188,0.15746624839351267,0.16312037286817732,564516000
2004-06-14,0.15395215153694153,0.15807790977464725,0.15272909694998787,0.15807790977464725,424752000
2004-06-15,0.156244158744812,0.15861233924398288,0.1547918991247438,0.15654947481244405,394584000
2004-06-16,0.1537989228963852,0.1567786363783156,0.15318738924785896,0.15578570366661282,252576000
2004-06-17,0.15074317157268524,0.1565494919719482,0.14997852879201803,0.1528060498922344,482376000
2004-06-18,0.15097233653068542,0.15517418880980088,0.14898555551985707,0.15158295490633591,534336000
2004-06-21,0.1482979655265808,0.15356976369047542,0.14730503251505978,0.151201583141994,266568000
2004-06-22,0.15249980986118317,0.15318742675946687,0.14814484819113477,0.1491386964930272,430308000
2004-06-23,0.15509817004203796,0.15570878872471292,0.1516600432617581,0.15204144256289326,264660000
2004-06-24,0.153722882270813,0.15975840818125894,0.1525768403073751,0.1592238864276945,590652000
2004-06-25,0.15471580624580383,0.15654947874422115,0.15295823051396165,0.154791903012379,329124000
2004-06-28,0.1534166783094406,0.15746632477435046,0.15280605972983152,0.15693181663454453,299376000
2004-06-29,0.158688485622406,0.15891769131540534,0.15372290419611287,0.15433350914591987,363852000
2004-06-30,0.15639638900756836,0.1588415958546946,0.15448663300388507,0.15448663300388507,329268000
2004-07-01,0.1492147594690323,0.15838309199871503,0.14898554022627572,0.15815388641785158,505620000
2004-07-02,0.147151917219162,0.15089534514137817,0.14600587537801665,0.15081924837844776,294948000
2004-07-06,0.13851810991764069,0.14692273298193886,0.13691365642192121,0.14539437626730894,575388000
2004-07-07,0.1392057090997696,0.14317927171439115,0.13851807852208647,0.14027565419080174,344136000
2004-07-08,0.13492777943611145,0.14019957821496376,0.13469857376353062,0.13790749416535816,430056000
2004-07-09,0.12912052869796753,0.13492774966288773,0.12659922587023442,0.13477464079921717,1114500000
2004-07-12,0.12614081799983978,0.12912053215127325,0.12446025451873911,0.1255301995609376,676044000
2004-07-13,0.1259116381406784,0.12988518772526902,0.12453637676662098,0.12766920042698102,567108000
2004-07-14,0.12033452838659286,0.12484261361560368,0.11788933530771378,0.12148057047317762,901608000
2004-07-15,0.11949373036623001,0.12285575781931009,0.1187300033308521,0.12155660761045901,611352000
2004-07-16,0.11597955226898193,0.12331422896927817,0.11597955226898193,0.12316112008133262,464700000
2004-07-19,0.11727873235940933,0.11857696802636726,0.11468041666905379,0.11628488381450035,461088000
2004-07-20,0.11964686214923859,0.12010527333067632,0.11605561479810869,0.11720165641359674,341544000
2004-07-21,0.11238830536603928,0.12163366577459901,0.11200689937719598,0.12148054324131502,613416000
2004-07-22,0.11475741118192673,0.11536802968873625,0.11002012774610702,0.1136874660207388,521460000
2004-07-23,0.11170069873332977,0.11567426211186438,0.11093697807592852,0.11552115320767584,371496000
2004-07-26,0.10856878757476807,0.11414588855485498,0.10749884237237504,0.113152955471389,503208000
2004-07-27,0.1121591106057167,0.11246533522777746,0.10574126988169823,0.10910330597021245,789888000
2004-07-28,0.10933249443769455,0.11231220866114211,0.10619967134278119,0.11192988732505442,505116000
2004-07-29,0.11651407927274704,0.11934160040363788,0.11032544424696197,0.11086087453629397,747360000
2004-07-30,0.11781325191259384,0.11995222742305083,0.11483353668420491,0.11506274239518079,403956000
2004-08-02,0.11934158205986023,0.11979999332676125,0.11590344291051752,0.1178893088261818,420984000
2004-08-03,0.11315295100212097,0.11995219729052052,0.11223612155757873,0.11987610052176395,741540000
2004-08-04,0.11437509953975677,0.11544504472803824,0.1117777063605408,0.11192989990205793,507816000
2004-08-05,0.11124228686094284,0.11613267294782618,0.10925642052797309,0.11559724945922964,859920000
2004-08-06,0.07204760611057281,0.07793093189243516,0.07105467299513356,0.07724330805198977,5088948000
2004-08-09,0.07525652647018433,0.07693799877317989,0.07265913317320183,0.07388127195841253,1579212000
2004-08-10,0.08121596276760101,0.08198060568974119,0.07816015078298842,0.07945930874036727,2051916000
2004-08-11,0.07884778082370758,0.08014693193782818,0.0783132657935328,0.08014693193782818,963816000
2004-08-12,0.07701408863067627,0.07930617244682571,0.07686097974881526,0.0790769667975902,654384000
2004-08-13,0.08022302389144897,0.08075753888942387,0.07816014533404331,0.07884777607381178,815700000
2004-08-16,0.07945927232503891,0.08144513115077695,0.07884774543562299,0.0793061566427421,531732000
2004-08-17,0.08381425589323044,0.08427267405410231,0.08045222670571052,0.08121594730413931,744912000
2004-08-18,0.08939135074615479,0.08939135074615479,0.08350802549659514,0.08419565610577534,872424000
2004-08-19,0.08908606320619583,0.09046131782326111,0.08771080858913055,0.08885685751882648,724404000
2004-08-20,0.09435784816741943,0.09565608363144402,0.0883214071028482,0.08862763170251965,1199040000
2004-08-23,0.09642074257135391,0.0974136757806434,0.0953507972333785,0.09588531222872579,800028000
2004-08-24,0.09282952547073364,0.0982544350556381,0.09099585895211684,0.09779601671824599,939420000
2004-08-25,0.09680213779211044,0.09748976849984647,0.09313479906433343,0.09489237506546241,721308000
2004-08-26,0.09703133255243301,0.09764285953910193,0.09588529069048225,0.09664992655285012,612720000
2004-08-27,0.09886498749256134,0.100240241677008,0.09703132207758004,0.09710833418065341,565128000
2004-08-30,0.09557999670505524,0.09901812967041194,0.09550389992860207,0.09848361470984794,628056000
2004-08-31,0.0951976627111435,0.09642072354886667,0.09221795515479954,0.0959623054253641,587064000
2004-09-01,0.09703133255243301,0.0984065800543946,0.09275338285602788,0.0939755214822905,591744000
2004-09-02,0.10100487619638443,0.10176860345064792,0.09657290281095825,0.09748973892248143,770088000
2004-09-03,0.09794817864894867,0.09993495333787444,0.09710835445372953,0.09794817864894867,715056000
2004-09-07,0.09611450135707855,0.100622579107281,0.09481626589860907,0.09855970091550612,727332000
2004-09-08,0.09412865340709686,0.09703135631231985,0.09389944771096087,0.0961915319961208,834984000
2004-09-09,0.10352621227502823,0.10520676946223621,0.09596232849613677,0.09642074672984992,1299324000
2004-09-10,0.10749883204698563,0.10803334692325893,0.10146330665981715,0.10176861589565449,1039344000
2004-09-13,0.10956171900033951,0.11170069415895435,0.10719353816845106,0.10734573171916144,967752000
2004-09-14,0.11002015322446823,0.11078388079293384,0.10772806883363045,0.10856880853589165,683556000
2004-09-15,0.10390757769346237,0.10696430373232019,0.10253232353078068,0.10665807918787827,1163904000
2004-09-16,0.10780411958694458,0.1088740645390352,0.10528282373506442,0.10566514502971405,810024000
2004-09-17,0.1122361272573471,0.11284673896361487,0.1077280492506606,0.10864488557271193,1003800000
2004-09-20,0.11208300292491913,0.11529192980562206,0.10864487722773165,0.11002012477422722,794628000
2004-09-21,0.11506269872188568,0.11597953487969494,0.11322903323721505,0.11460428747392891,503904000
2004-09-22,0.10971482843160629,0.11475741443272627,0.1091793981622801,0.11200691235657456,625920000
2004-09-23,0.11070775240659714,0.11131927939665308,0.10780413484899629,0.1110130548126108,578664000
2004-09-24,0.10734573751688004,0.11131930094730022,0.10574127722446036,0.11116619204111243,476316000
2004-09-27,0.10543595999479294,0.10772804385415298,0.10352619067373685,0.1065059051556639,406020000
2004-09-28,0.10696431994438171,0.10788114936084807,0.10375539990937818,0.10520674421597825,474840000
2004-09-29,0.10956171900033951,0.11261753051394738,0.1055120658401247,0.10688731354166492,537228000
2004-09-30,0.11093699187040329,0.11345828884792279,0.10872100422292866,0.11078388294717641,619680000
2004-10-01,0.1155211329460144,0.11613265310826636,0.11093695861830169,0.11147147349929243,590412000
2004-10-04,0.11880610138177872,0.12033445715429594,0.1162848130161554,0.11651401856541366,673932000
2004-10-05,0.11613263934850693,0.11895924447392317,0.1150626943662109,0.11590343373320507,633180000
2004-10-06,0.11659108847379684,0.11712559657160346,0.11322905248496437,0.115903457823076,498504000
2004-10-07,0.11727873235940933,0.12140447574363003,0.11666719841160168,0.1187300769346618,798072000
2004-10-08,0.11086089164018631,0.11651409724882993,0.10986704302920913,0.11605567217884202,693420000
2004-10-11,0.11101306974887848,0.11322905701889197,0.10902721032913651,0.11101306974887848,373848000
2004-10-12,0.10940859466791153,0.11024933412894443,0.10551205095530908,0.10726961981104655,827232000
2004-10-13,0.10872098803520203,0.11414589581690116,0.10780415166516844,0.11269454448524724,672816000
2004-10-14,0.10543595999479294,0.10971482529114744,0.10467223260341688,0.10971482529114744,513264000
2004-10-15,0.10253232717514038,0.10581826577337937,0.09993493444515121,0.10566515008024241,1280484000
2004-10-18,0.1043660119175911,0.10543595704856425,0.10108099510509268,0.10192172775796554,573972000
2004-10-19,0.103678397834301,0.10780415478801678,0.10291467717352366,0.10673512483380866,618480000
2004-10-20,0.10490139573812485,0.10535981366052855,0.10276150642307216,0.10337303315819481,540204000
2004-10-21,0.10726962238550186,0.10864487675698717,0.10513064747730179,0.10597047161141143,1013964000
2004-10-22,0.10146330296993256,0.10849175425864478,0.10115708522910277,0.10826254862654425,686460000
2004-10-25,0.10192172974348068,0.10413680146815726,0.10039336645748177,0.10062257894004731,529164000
2004-10-26,0.11070775240659714,0.11605564039931286,0.10826255296250527,0.11192989103962876,2455776000
2004-10-27,0.11376355588436127,0.11582643396556357,0.1087209703321599,0.1087209703321599,1074036000
2004-10-28,0.11254144459962845,0.11460432318197031,0.1114714992434598,0.11223614212153583,561552000
2004-10-29,0.11055462807416916,0.11299982732749851,0.10956169515988164,0.11147146422966003,742860000
2004-11-01,0.1129237487912178,0.1129998455622942,0.11063166486356464,0.11208300925885337,653892000
2004-11-02,0.11452820152044296,0.11689638206644032,0.11170068067424413,0.11261751691855501,1095756000
2004-11-03,0.11559723317623138,0.11957079597693852,0.114986614680864,0.11918846778378814,910356000
2004-11-04,0.11773710697889328,0.11918845110102866,0.1139927571825593,0.11643795637026678,995544000
2004-11-05,0.13477464020252228,0.14340846633728846,0.1332462839516974,0.13599677872736174,3849012000
2004-11-08,0.13622604310512543,0.1380597161877286,0.13271181953085187,0.13332335356148475,718620000
2004-11-09,0.1353861689567566,0.13737202102903553,0.13408700471312682,0.1341631014683061,615936000
2004-11-10,0.1353861689567566,0.136684404191526,0.13462152635520744,0.1352330464375377,645912000
2004-11-11,0.13805973529815674,0.13805973529815674,0.1353092252935224,0.13622606196173387,507000000
2004-11-12,0.13828882575035095,0.14058090867888595,0.13691357872560833,0.14019950964259914,647076000
2004-11-15,0.1403517723083496,0.14134562078674803,0.13607382198749485,0.13691364622063631,536472000
2004-11-16,0.13989336788654327,0.14233856096411115,0.13729596758870272,0.14081020428769928,472728000
2004-11-17,0.14226247370243073,0.14600591633668164,0.14073411692377022,0.14210936478656008,602772000
2004-11-18,0.14409616589546204,0.1453183050058015,0.14050491634955684,0.1434846318356224,532524000
2004-11-19,0.14485986530780792,0.15685480804654084,0.1437138095534111,0.15509814736066463,2126052000
2004-11-22,0.14898556470870972,0.14898556470870972,0.14401908321068652,0.14539433058375134,733788000
2004-11-23,0.14959709346294403,0.15120156006274116,0.146540367434511,0.14776342125228872,676896000
2004-11-24,0.1502077728509903,0.1526529661325115,0.14906171700752838,0.1494440452917593,428580000
2004-11-26,0.15173617005348206,0.1531114183051251,0.14959719403927135,0.1508954301375461,350760000
2004-11-29,0.14875636994838715,0.15395207110608491,0.14745721923767274,0.1528821260306292,704388000
2004-11-30,0.1461590677499771,0.14952018308359172,0.14531832782730664,0.14936798947078442,576540000
2004-12-01,0.14982633292675018,0.14982633292675018,0.1463882070013553,0.14745723685749426,514572000
2004-12-02,0.15181222558021545,0.15295826775528318,0.1472280568799445,0.14837409905501223,758652000
2004-12-03,0.15838313102722168,0.16044600908710988,0.1549450054813735,0.15547951351948777,1347312000
2004-12-06,0.16594702005386353,0.16724618449592138,0.15632025990133042,0.15914686542395484,970500000
2004-12-07,0.17427462339401245,0.19070155126976082,0.17221174531402292,0.17564987089337328,2927052000
2004-12-08,0.17633748054504395,0.17954640010396006,0.17496223320890705,0.17671980867655,872724000
2004-12-09,0.1747330278158188,0.1765666863790042,0.16984354488522466,0.1732055733055974,869964000
2004-12-10,0.17809507250785828,0.18000484166265662,0.17702512744013293,0.17878268940866632,652848000
2004-12-13,0.17320561408996582,0.17771276994986476,0.17236487453469015,0.17542068595974947,738024000
2004-12-14,0.1767197996377945,0.17687290848720075,0.17305245537981115,0.17335775773170564,512988000
2004-12-15,0.17832434177398682,0.1788588636560094,0.1757269547915395,0.1784774507000399,432768000
2004-12-16,0.18069247901439667,0.18993784047120243,0.18038717658405523,0.18352000003257293,1524036000
2004-12-17,0.17618536949157715,0.18481828399513936,0.17412249069097296,0.1840545563835537,1214244000
2004-12-20,0.17427462339401245,0.18099869468627386,0.17335778717380637,0.1782481860256556,898728000
2004-12-21,0.17557381093502045,0.17679596347707024,0.16999670934237596,0.1742746599274845,899400000
2004-12-22,0.17580296099185944,0.17992871639056218,0.17542063288552248,0.17908797708965563,421824000
2004-12-23,0.17626139521598816,0.17824817642479712,0.17396931161987816,0.17481005103063213,366972000
2004-12-27,0.1747330278158188,0.17947030357405433,0.17381619170327856,0.17870657631894366,308208000
2004-12-28,0.17381618916988373,0.17649058705139786,0.17312855868002713,0.17511533973357946,291612000
2004-12-29,0.17534461617469788,0.177483591600551,0.17282332612988732,0.1732817375337073,294732000
2004-12-30,0.17465698719024658,0.1768729745975715,0.17389325968969616,0.1754207010288976,259812000
2004-12-31,0.18000486493110657,0.18092168758403102,0.17649062856302677,0.17717825921461813,575964000
2005-01-03,0.18015792965888977,0.18886785202172937,0.17939420242249537,0.18627046626708615,1066716000
2005-01-04,0.17167723178863525,0.18176240256506535,0.1689267232158473,0.18145710017106906,790224000
2005-01-05,0.1732817143201828,0.1753445926848218,0.16892675191970016,0.16984358826641732,724812000
2005-01-06,0.17160111665725708,0.17840035475975222,0.1703780628562133,0.17633747696646326,563568000
2005-01-07,0.16831520199775696,0.1732816837613282,0.16579389907345107,0.17198253307597994,763092000
2005-01-10,0.16869749128818512,0.17037805453756885,0.1677045584902893,0.16885060013483982,579552000
2005-01-11,0.1635018289089203,0.16800989978223932,0.16098053943884036,0.16709306352169284,1093380000
2005-01-12,0.16212661564350128,0.16556474210139055,0.1581539673438072,0.16495412347597288,1057800000
2005-01-13,0.16380804777145386,0.1680859976766781,0.15891766233353907,0.16250889697038884,898764000
2005-01-14,0.16434261202812195,0.16724623046269824,0.16273814473077153,0.16686390216750022,573912000
2005-01-18,0.16694000363349915,0.16732233193941143,0.16212662893036087,0.16250894357437193,464556000
2005-01-19,0.16312037408351898,0.16808593921528406,0.162432743707187,0.1677045401606854,336492000
2005-01-20,0.1635018289089203,0.1674753917153985,0.15983449752863155,0.15983449752863155,640080000
2005-01-21,0.16380804777145386,0.16701696787393197,0.16319652758588318,0.1637310356563076,596352000
2005-01-24,0.15723715722560883,0.16525946729960628,0.15632032061756035,0.16289128581407764,463704000
2005-01-25,0.15998761355876923,0.1622036007106774,0.15700789899433854,0.1579247352958478,439704000
2005-01-26,0.1620505005121231,0.1642664877828701,0.1578486469900275,0.16052213025796017,429120000
2005-01-27,0.17503930628299713,0.17580303380318094,0.16136288392712836,0.16235581713952577,1002912000
2005-01-28,0.17481009662151337,0.17641455009247722,0.1709896420746746,0.17572693303144962,671052000
2005-01-31,0.17511533200740814,0.1784003481327671,0.17267013984309765,0.17626137366534203,562968000
2005-02-01,0.17840033769607544,0.1791649802085382,0.17389318342569277,0.1749622129234093,507180000
2005-02-02,0.1883334070444107,0.18978475158735572,0.18015798991467022,0.18542978894937176,2035404000
2005-02-03,0.1863466054201126,0.1876457562665033,0.18374920541258527,0.1863466054201126,690120000
2005-02-04,0.1970432847738266,0.19757779279107723,0.18634658038065244,0.18642267714110858,806448000
2005-02-07,0.19467420876026154,0.2009398558796647,0.19291756187761558,0.1972725242111076,521628000
2005-02-08,0.19658488035202026,0.19971678835433243,0.1928405368140882,0.19345205700258383,455772000
2005-02-09,0.18970860540866852,0.19773089788262915,0.18871475714467972,0.19711937776957275,783756000
2005-02-10,0.19413970410823822,0.19513263723202987,0.19001394736896224,0.1907015780461411,602376000
2005-02-11,0.19979381561279297,0.20124517372875267,0.192229932880477,0.19291756355137785,556512000
2005-02-14,0.19559107720851898,0.20048147746294398,0.19482736330658437,0.19971683455177283,432900000
2005-02-15,0.19734860956668854,0.20361334097645004,0.19658488217244252,0.19689019825785287,748500000
2005-02-16,0.19666090607643127,0.19956452272463754,0.1931466848074353,0.1967370028173316,466464000
2005-02-17,0.1949034035205841,0.19941147417997615,0.19337594883626757,0.19933537741607107,1017408000
2005-02-18,0.2159906029701233,0.2162198086168076,0.20407174539977582,0.20987898065189461,3132120000
2005-02-22,0.21874110400676727,0.22378369668053175,0.21262948152222197,0.21453925083798872,1420800000
2005-02-23,0.21163564920425415,0.21790129639605488,0.2081214263892725,0.21522689780270754,1107840000
2005-02-24,0.21721366047859192,0.2175189628967224,0.20873294211946442,0.20873294211946442,695496000
2005-02-25,0.22034558653831482,0.22149162854615206,0.21515079995869446,0.21751898074836767,525132000
2005-02-28,0.22149163484573364,0.2215686469691144,0.21736587803541693,0.2192765628882493,758064000
2005-03-01,0.22095710039138794,0.22615280216816577,0.2187411132137023,0.2224854705813663,737148000
2005-03-02,0.21446315944194794,0.21973495790069894,0.21316400859857337,0.21851190382782898,947460000
2005-03-03,0.21155956387519836,0.21530300622492507,0.208426740109813,0.21392775846666232,761292000
2005-03-04,0.2106427401304245,0.21400476956235504,0.20888516413176145,0.2121710967855644,593124000
2005-03-07,0.2127816379070282,0.21721362496391278,0.2101081553306971,0.21155949942531346,511176000
2005-03-08,0.20200884342193604,0.21270554740649658,0.20063359604219097,0.21224713616721336,1332384000
2005-03-09,0.19673709571361542,0.20445410127452296,0.19612649080450725,0.2007106590065431,910140000
2005-03-10,0.19666090607643127,0.19910611158564842,0.1935280838587305,0.1973485364468074,689280000
2005-03-11,0.19222994148731232,0.19872387927430765,0.19047236550164046,0.19841857681681271,732180000
2005-03-14,0.1976539045572281,0.19849464403608505,0.1948273127176209,0.19620256025430782,572148000
2005-03-15,0.1936812549829483,0.20055750576577927,0.19352813245401226,0.19864773666559096,378108000
2005-03-16,0.19039621949195862,0.19597333311712023,0.1903192073870725,0.1929175223049328,535356000
2005-03-17,0.1884855329990387,0.1916944524056761,0.18802710813415088,0.19100682193929153,442584000
2005-03-18,0.18466606736183167,0.18925023583008893,0.18122794101063874,0.18863871553824146,639012000
2005-03-21,0.19100691378116608,0.19146532520457757,0.18344302966157006,0.1845890718819997,654456000
2005-03-22,0.18756872415542603,0.1929175341741111,0.18688109358923677,0.19115995853477397,622992000
2005-03-23,0.191618412733078,0.19291756363941626,0.1869581342539515,0.18733954713400736,728784000
2005-03-24,0.19200071692466736,0.19734861212416435,0.1918476080373604,0.1921529104648297,865356000
2005-03-28,0.18986085057258606,0.19482734720248138,0.18802717775784145,0.19207683798036448,511188000
2005-03-29,0.18565905094146729,0.1917715914479358,0.18481831106858065,0.18963170019572212,587400000
2005-03-30,0.18565905094146729,0.18833346416392238,0.17931730468177856,0.18573514774336491,858708000
2005-03-31,0.18153323233127594,0.18588819484097346,0.18069249273814278,0.18458904389393482,518316000
2005-04-01,0.179775670170784,0.1848182637603858,0.17870664016584561,0.1837492337554474,510756000
2005-04-04,0.1787065863609314,0.1793172047929248,0.17473303763452247,0.17878268312043924,421428000
2005-04-05,0.17557381093502045,0.1825261739772206,0.17450386561511064,0.17878273154748453,430128000
2005-04-06,0.17824818193912506,0.18183850096449944,0.17763664813668437,0.17885880039451327,567468000
2005-04-07,0.18153323233127594,0.18336690507069558,0.17610832455149253,0.17916505146137413,506352000
2005-04-08,0.1791650801897049,0.18634664973664156,0.17878275188917256,0.1822969890311282,621540000
2005-04-11,0.17564982175827026,0.18107474079780836,0.17511531386446721,0.18046320715241393,328380000
2005-04-12,0.17778979241847992,0.17809509485257174,0.17121882934848623,0.17511538025619797,512232000
2005-04-13,0.17037810385227203,0.17847740980518897,0.16923204821411,0.17801899847944255,498408000
2005-04-14,0.16900280117988586,0.17236482951376184,0.1683921964598091,0.17076037660451637,352080000
2005-04-15,0.16312037408351898,0.16808593921528406,0.1615920045009346,0.16686380095443304,630156000
2005-04-18,0.16197441518306732,0.16564174718303043,0.1612097723283504,0.16212660874381607,473100000
2005-04-19,0.16762761771678925,0.1688506719785109,0.16388417518205176,0.16464790270837196,365460000
2005-04-20,0.16250889003276825,0.17152412976976492,0.16235578115613195,0.17045510001265643,564672000
2005-04-21,0.17152416706085205,0.17213568735326717,0.16434259821761568,0.1657939428083115,538152000
2005-04-22,0.16991965472698212,0.17160113357109968,0.16793378883849477,0.17045509175763468,336276000
2005-04-25,0.1725941002368927,0.17389325117340806,0.1705312218372299,0.17137196142355296,318168000
2005-04-26,0.17183038592338562,0.17626144551286274,0.1683152474190691,0.1726702102267625,353148000
2005-04-27,0.16525942087173462,0.1679338194862753,0.16182128114198588,0.16732229924482445,609348000
2005-04-28,0.1657939851284027,0.16800997314898375,0.16312050095583094,0.16472495486599875,372948000
2005-04-29,0.16755151748657227,0.1686975595951643,0.1598345251964552,0.16739840857792254,478356000
2005-05-02,0.16694000363349915,0.17144808949175924,0.16441871342346492,0.16953831964266625,334908000
2005-05-03,0.1660231649875641,0.17014892248732047,0.16533554784553875,0.16709311043062816,439512000
2005-05-04,0.1712949424982071,0.17251801036964023,0.16625236279656025,0.16678778629136987,468816000
2005-05-05,0.17465698719024658,0.17679596247062432,0.17137196981636285,0.1722887925616481,619272000
2005-05-06,0.17702512443065643,0.1771021365385812,0.17267016281865594,0.17671982204005962,355728000
2005-05-09,0.18031106889247894,0.18153320754887525,0.17671983434238037,0.17778977946640037,745332000
2005-05-10,0.1732817143201828,0.17809510172497328,0.1712949327302121,0.17801900495030498,735120000
2005-05-11,0.17037810385227203,0.17496227175732815,0.1700727877555986,0.17419854433490828,555420000
2005-05-12,0.17412243783473969,0.1764145216592084,0.17022588713600448,0.1703780943332031,835584000
2005-05-13,0.1935282051563263,0.19459815059540045,0.181838563504575,0.18986087276016358,2650320000
2005-05-16,0.1942157745361328,0.19551492527749884,0.19115996345724895,0.1912360602217785,664104000
2005-05-17,0.1963556855916977,0.1972725219136339,0.19291755963086057,0.19306975317608355,639804000
2005-05-18,0.19780698418617249,0.19826540907187673,0.19383435104312804,0.1958972288740598,550056000
2005-05-19,0.19742470979690552,0.19910618884733172,0.19520963800632676,0.19826544932211862,452880000
2005-05-20,0.2009398639202118,0.2010159606967545,0.19490343588884,0.1971955199811425,517008000
2005-05-23,0.2056000828742981,0.2076629606910647,0.20170353285109568,0.2023150665895248,703668000
2005-05-24,0.20850372314453125,0.20926743681461019,0.20361332437478152,0.20460717268954443,522192000
2005-05-25,0.20582932233810425,0.20911433916317587,0.20384254094902274,0.2080453093752148,535272000
2005-05-26,0.21163564920425415,0.21324011622034206,0.2072806868204419,0.20766301504861792,788784000
2005-05-27,0.21026039123535156,0.21224717272053217,0.20804531943820695,0.21224717272053217,322740000
2005-05-31,0.20705151557922363,0.21110117619172056,0.2036133889669176,0.20934359998742763,763176000
2005-06-01,0.208962082862854,0.21278160660367934,0.20323187507383722,0.2056761516776771,796632000
2005-06-02,0.2167552262544632,0.2167552262544632,0.2081974961461187,0.2081974961461187,684348000
2005-06-03,0.21621979773044586,0.21797735971079896,0.21392771405521208,0.21599059209530175,559620000
2005-06-06,0.21415695548057556,0.216526051661488,0.21217108921835692,0.21232328276918394,512892000
2005-06-07,0.208962082862854,0.21621974493898244,0.2081974403724659,0.21270550985956274,974136000
2005-06-08,0.20750990509986877,0.21240029092109758,0.20529483320561043,0.20949667301025596,618720000
2005-06-09,0.21621979773044586,0.21629680984019775,0.20567620189485336,0.20590540752999748,619908000
2005-06-10,0.21377551555633545,0.21621980651820039,0.21232325591479884,0.21599060087374072,465096000
2005-06-13,0.2185119241476059,0.22454836592323818,0.2133171373234376,0.21392775590045418,1409916000
2005-06-14,0.2056000828742981,0.22217918850099402,0.19872381893111116,0.21858886985143194,2408412000
2005-06-15,0.20498859882354736,0.20590543514899945,0.19689020811126023,0.20430096816398377,1669788000
2005-06-16,0.20605850219726562,0.20743374957522034,0.201932746401506,0.2049124604386541,489240000
2005-06-17,0.2056000828742981,0.2089621112604861,0.20506556123728367,0.20857979679428262,456348000
2005-06-20,0.20873293280601501,0.21010818030881223,0.2022380807989987,0.2056001096225819,606060000
2005-06-21,0.2107188105583191,0.21171265894780333,0.2081214106214326,0.21010819205327416,428172000
2005-06-22,0.21048958599567413,0.2143861366464724,0.20789219978544135,0.21293479233437493,700668000
2005-06-23,0.21377551555633545,0.21637291539687112,0.20934354155113277,0.21010818425929045,836976000
2005-06-24,0.20697537064552307,0.2134693077296637,0.20582932870801365,0.21339321096033476,475632000
2005-06-27,0.20529481768608093,0.20735768221451412,0.20346114514758773,0.20567621687439483,354588000
2005-06-28,0.20659306645393372,0.20796831411545885,0.20384255746898525,0.20613464145882654,262308000
2005-06-29,0.2046833038330078,0.2070514846747683,0.20300274001393454,0.20667008544919444,283572000
2005-06-30,0.2041487842798233,0.2079683233082036,0.20254433088077267,0.20605855379401347,593232000
2005-07-01,0.2050655484199524,0.2053708644275527,0.20093979304429369,0.20346109558602624,315168000
2005-07-05,0.20827451348304749,0.209114337616769,0.20384253944160097,0.20582932081599017,388440000
2005-07-06,0.21385163068771362,0.2147684532857178,0.2065930510378623,0.20896214697124293,703632000
2005-07-07,0.21232326328754425,0.2139277301782693,0.20980197378714474,0.21048959074440057,465900000
2005-07-08,0.21499766409397125,0.21568528101527917,0.21087190791853697,0.21362240292756204,408132000
2005-07-11,0.21820659935474396,0.2204225864739137,0.21599061223557423,0.21690743486164077,399492000
2005-07-12,0.21698442101478577,0.21866497073518973,0.21255243392391795,0.2180534369852123,564252000
2005-07-13,0.2172897756099701,0.21851191439479145,0.21362243024641364,0.21790129584502854,594780000
2005-07-14,0.20766301453113556,0.22386072523810904,0.20735769842529364,0.21958185963933644,1871496000
2005-07-15,0.20544695854187012,0.20766294504757662,0.201856626500877,0.20705141135521504,1223352000
2005-07-18,0.2003282904624939,0.2049124574296239,0.19826541259490635,0.20483636067329117,1044900000
2005-07-19,0.20307885110378265,0.20353727614645192,0.20002305302394455,0.2015504943902254,517896000
2005-07-20,0.2061346173286438,0.20697535678540172,0.19796013077482524,0.20071062577590168,526500000
2005-07-21,0.20262043178081512,0.20437800777776438,0.19841857808995544,0.20346117139026307,594528000
2005-07-22,0.19734860956668854,0.20651695870047934,0.19589726520918901,0.20361334097645004,699264000
2005-07-25,0.19849464297294617,0.2046071805819107,0.19421577784434105,0.19505651731869497,974952000
2005-07-26,0.20262043178081512,0.20292573424026902,0.19689022143630586,0.19765393525856084,759492000
2005-07-27,0.2067461758852005,0.2076630122159016,0.19948759567482896,0.2029257216685344,807828000
2005-07-28,0.20835061371326447,0.20934354674341626,0.20353724041263976,0.20636383230584524,411240000
2005-07-29,0.2067461758852005,0.20972589054450452,0.20506561211766006,0.20750990332203986,351660000
2005-08-01,0.20987893640995026,0.21079577246531775,0.20659300494971575,0.2079682522018199,389040000
2005-08-02,0.212705597281456,0.2133932279635111,0.2098019929790398,0.2101082107750261,422652000
2005-08-03,0.212705597281456,0.2146923788903303,0.21079584145708116,0.212705597281456,518256000
2005-08-04,0.21048958599567413,0.21201795608348728,0.21003117470117882,0.21110111983259963,356424000
2005-08-05,0.21583841741085052,0.21629684241206876,0.20873295968000308,0.21018430413401634,684096000
2005-08-08,0.21660210192203522,0.22133939158122654,0.2150737456496165,0.21728973245661445,725544000
2005-08-09,0.2160675823688507,0.2174428297026266,0.2136984731613954,0.21690739271480242,291900000
2005-08-10,0.21285873651504517,0.21805350993482314,0.21064274905920216,0.21698449360675812,440556000
2005-08-11,0.21583841741085052,0.2162198302907197,0.210795838030739,0.21285871638147497,701556000
2005-08-12,0.22882629930973053,0.23081306716576228,0.2207278950413601,0.22852098321302988,2295420000
2005-08-15,0.23463352024555206,0.23700170082155253,0.22668731001975065,0.22959091400700765,882804000
2005-08-16,0.23066003620624542,0.23448047775372458,0.22897947200202373,0.23241761255100085,637488000
2005-08-17,0.23066003620624542,0.23348755805358049,0.22951399391055366,0.2296670891822977,607572000
2005-08-18,0.22470055520534515,0.23004935251552974,0.2237076220648363,0.22890332413743447,822732000
2005-08-19,0.2230960577726364,0.22577046972544576,0.22240844083941386,0.2250828391303263,422232000
2005-08-22,0.2212623506784439,0.22630494237601126,0.2186649649067409,0.22271462375434795,547224000
2005-08-23,0.22271467745304108,0.22386071943400632,0.2202694845995115,0.2210331983631662,254460000
2005-08-24,0.22286683320999146,0.22760410922223773,0.2201933504931126,0.22126236651154152,514620000
2005-08-25,0.22439523041248322,0.2256173828432392,0.22195003752758571,0.22386072230578505,296484000
2005-08-26,0.22095710039138794,0.22462444564008538,0.21881812533266884,0.22462444564008538,323436000
2005-08-29,0.2213393896818161,0.22156859530407702,0.21713662172811385,0.218894183609678,343392000
2005-08-30,0.22928476333618164,0.22982020056601177,0.22065184898585607,0.22095715149083192,948852000
2005-08-31,0.2344043254852295,0.23730701442938734,0.2280625814585781,0.22875021213801555,906804000
2005-09-01,0.23448045551776886,0.23661941731076538,0.23249368729656397,0.2337167279549058,556884000
2005-09-02,0.23066003620624542,0.23493888920724054,0.22989630857095752,0.23493888920724054,469800000
2005-09-06,0.2325706034898758,0.23379274203041941,0.22798643636359955,0.2315006584672813,423096000
2005-09-07,0.23998142778873444,0.24059293433720802,0.23165381794463086,0.2322644228078453,588012000
2005-09-08,0.24280795454978943,0.24578766832105242,0.23853000562085833,0.23853000562085833,646116000
2005-09-09,0.24594083428382874,0.24647536970988634,0.2414327631117707,0.24540632618156735,454236000
2005-09-12,0.2451000064611435,0.24693367834113475,0.24219731882122764,0.2461699512297542,556584000
2005-09-13,0.25251179933547974,0.2537339381034383,0.24395406825632737,0.24395406825632737,854724000
2005-09-14,0.2494550496339798,0.25396312017886635,0.24830898048347266,0.2506010914606945,503448000
2005-09-15,0.2538870573043823,0.25671364936298974,0.25174716688927623,0.25327552342394294,759756000
2005-09-16,0.2540392577648163,0.25740128702326454,0.25197636575094867,0.2560260256806861,519828000
2005-09-19,0.25044894218444824,0.25457467163049435,0.24907368081990136,0.25373394571207775,428316000
2005-09-20,0.2553384304046631,0.2581650502558496,0.25205342647413786,0.2523587152985567,522192000
2005-09-21,0.25312235951423645,0.2593880054972457,0.2509073016979755,0.25434542707528435,625656000
2005-09-22,0.24632318317890167,0.2537339434091123,0.24181508455467782,0.2537339434091123,739152000
2005-09-23,0.24991346895694733,0.2520533591554209,0.24372482103413623,0.24578771278300438,314640000
2005-09-26,0.2519763112068176,0.25373388673433483,0.24731604739786994,0.25182411769136037,406776000
2005-09-27,0.2528171241283417,0.25526230343360135,0.2509073546330761,0.25304631614090767,404160000
2005-09-28,0.25434547662734985,0.25503310730153544,0.25067813124755794,0.2535808201695463,353556000
2005-09-29,0.2596173584461212,0.25976955204386853,0.25235876213819086,0.2544216548209066,513372000
2005-09-30,0.2619093656539917,0.26427754651652036,0.25923496699166426,0.25976947512048226,458832000
2005-10-03,0.2690909504890442,0.27100072011592735,0.2628262044377018,0.26496519341674574,549888000
2005-10-04,0.26557672023773193,0.27466803110910204,0.2649651863024637,0.2702369853464201,514476000
2005-10-05,0.25678980350494385,0.26588204460158493,0.2551853498396943,0.26588204460158493,599184000
2005-10-06,0.2558729648590088,0.26045713351905986,0.24815686021249375,0.25648447151454096,685512000
2005-10-07,0.25258776545524597,0.2589295060375607,0.2506009985948896,0.2563312056050067,551952000
2005-10-10,0.24617010354995728,0.25434552166573626,0.24609400676196094,0.253887110243038,459216000
2005-10-11,0.24311430752277374,0.24922593196732157,0.24028678567950765,0.24708694265076026,540048000
2005-10-12,0.24601690471172333,0.2497612753776018,0.24212036784081795,0.24242658559261127,657660000
2005-10-13,0.2447187602519989,0.24586480254127555,0.2353212025504088,0.24548248788301175,509304000
2005-10-14,0.2447187602519989,0.24953214879648228,0.24066909933852834,0.24647543490140134,311256000
2005-10-17,0.24708685278892517,0.24953205908305218,0.2448708657997644,0.2448708657997644,243912000
2005-10-18,0.24303707480430603,0.24846199279834008,0.24143262242340083,0.24800358173576434,299832000
2005-10-19,0.24097436666488647,0.2413566812456421,0.23310516750619134,0.2399053503943402,635952000
2005-10-20,0.24265585839748383,0.2476984382436474,0.24028674837487943,0.24135669370980986,359520000
2005-10-21,0.2440311163663864,0.24754533944552995,0.24234963710232954,0.24678161194086373,298368000
2005-10-24,0.25067809224128723,0.25067809224128723,0.24395403474235175,0.24617002165443672,291012000
2005-10-25,0.2522825598716736,0.2530462872455068,0.2479276115684407,0.24899662769572958,334680000
2005-10-26,0.24540625512599945,0.2528931370737701,0.24502394067955227,0.2523586018024832,415344000
2005-10-27,0.240286722779274,0.24662846663758203,0.2395229953450073,0.2458647392033153,227784000
2005-10-28,0.24769841134548187,0.24815682267738962,0.23493882688221215,0.2408982561684018,464640000
2005-10-31,0.25633129477500916,0.25808887036063827,0.24869131666540503,0.24869131666540503,432420000
2005-11-01,0.25319936871528625,0.25824194680729723,0.2512125739843238,0.2563312761548415,400488000
2005-11-02,0.2678687572479248,0.2681740459953424,0.25212945966569805,0.25327550154638695,523668000
2005-11-03,0.2647358775138855,0.27122981322521356,0.2625969166387322,0.26970238607871827,465072000
2005-11-04,0.26022791862487793,0.26549971813921813,0.257477422846379,0.26488911315861835,570276000
2005-11-07,0.25908178091049194,0.26251990619684623,0.2580127649149478,0.26160308371666813,370824000
2005-11-08,0.2542684078216553,0.2603048619951211,0.25312236599985455,0.260075642701244,538968000
2005-11-09,0.2657288610935211,0.26741033999878316,0.251900234744199,0.25480385226845975,818880000
2005-11-10,0.2558729648590088,0.2809336989204194,0.2509073832675648,0.27497429605663337,2503620000
2005-11-11,0.2600756585597992,0.2631314697092187,0.2569428489588917,0.25808889085057424,545928000
2005-11-14,0.26557672023773193,0.2674103930343862,0.2561791642322531,0.26015179862672116,493668000
2005-11-15,0.26618731021881104,0.26970246205685816,0.2653474859938389,0.2671811586875419,496200000
2005-11-16,0.2652704417705536,0.2679448675124222,0.2600756691674588,0.2664935094874032,455280000
2005-11-17,0.277037113904953,0.27726633322848954,0.2643536264534001,0.2674864635924401,703260000
2005-11-18,0.2765016257762909,0.2802459960996767,0.2710776347070565,0.27795388525867853,465768000
2005-11-21,0.2813921570777893,0.2818505685106912,0.27497431504575565,0.2768079607773632,454704000
2005-11-22,0.2888789474964142,0.2916294427696235,0.2806274343529903,0.2828434215295353,731700000
2005-11-23,0.28803905844688416,0.2922409108442417,0.28651070226372516,0.2891851001629875,411948000
2005-11-25,0.29086562991142273,0.291324041058611,0.2874274779980475,0.2894142724038113,116676000
2005-11-28,0.28941434621810913,0.2941507070300802,0.28421864513309375,0.2916294040918158,424524000
2005-11-29,0.27107763290405273,0.2800167749559795,0.2698545927110369,0.2722997714119773,1043136000
2005-11-30,0.2761964499950409,0.2775716842734087,0.26909097725683323,0.269167074045398,575448000
2005-12-01,0.2794814109802246,0.2807805755934334,0.2755087766966938,0.27848849149257254,562032000
2005-12-02,0.2795584797859192,0.28146824960207845,0.2758141079328701,0.28078061880124483,334476000
2005-12-05,0.2743627727031708,0.28016908053754375,0.27344592254137134,0.28016908053754375,387708000
2005-12-06,0.2755087614059448,0.27925220346590696,0.2744388161917232,0.27482113074909054,375252000
2005-12-07,0.2759671211242676,0.2782592046692499,0.27122983150866004,0.27657865489414873,352668000
2005-12-08,0.2737511992454529,0.27810617540778093,0.2706192909128827,0.2745158283984832,386664000
2005-12-09,0.27764782309532166,0.2780301651145646,0.2707715686910741,0.2745920105886347,262896000
2005-12-12,0.28169742226600647,0.2823089562362157,0.27795397967985835,0.27841241839806447,281136000
2005-12-13,0.2853647768497467,0.287809983796621,0.2801690741280014,0.28223193912820443,443412000
2005-12-14,0.28269028663635254,0.28460095744869934,0.279329159642522,0.28322569634316014,287472000
2005-12-15,0.2790999710559845,0.2846009608972125,0.2761963536024128,0.2824610707667494,332724000
2005-12-16,0.2815442681312561,0.28276730849208537,0.277418511796871,0.2800929101444782,1065600000
2005-12-19,0.27688395977020264,0.284218649401192,0.276196356525616,0.282155757696054,292296000
2005-12-20,0.2767309546470642,0.2807806152890712,0.273063608637693,0.276578761071894,304356000
2005-12-21,0.2761964499950409,0.2803222074777485,0.27367514616566346,0.27803012302333335,289380000
2005-12-22,0.28460103273391724,0.28490634886795435,0.27589110718365645,0.2759672039648712,318336000
2005-12-23,0.28681597113609314,0.2871982855402931,0.2834548449800725,0.28536461363124116,214536000
2005-12-27,0.2885737419128418,0.29170658026274265,0.2855940534979744,0.28651087649888646,367968000
2005-12-28,0.29124805331230164,0.2921648759497875,0.28673998224802055,0.28857362752299237,264420000
2005-12-29,0.28475314378738403,0.29201173630767224,0.2835310052437781,0.29109488648584486,310464000
2005-12-30,0.2793291509151459,0.2832256874940404,0.27818310913760097,0.28314868905022095,229608000
2006-01-03,0.2920118272304535,0.294150788938097,0.28001687031924105,0.2809336931027452,472812000
2006-01-04,0.30018705129623413,0.30064548975800875,0.291170912722768,0.29422765185479727,510072000
2006-01-05,0.30698642134666443,0.3075218584423876,0.2997287567694702,0.3002632648561479,646092000
2006-01-06,0.31202906370162964,0.3131751057862411,0.2983535571507428,0.3105016087123836,623388000
2006-01-09,0.32073888182640076,0.3224203331826476,0.3111891354361648,0.3118767385981127,560484000
2006-01-10,0.32081592082977295,0.32081592082977295,0.3151618083603591,0.31921146770937486,339660000
2006-01-11,0.33242854475975037,0.3342621897703142,0.32058671401701855,0.32112122202942617,626304000
2006-01-12,0.3276922106742859,0.33747117872766813,0.32532312825249254,0.33235250269883176,495504000
2006-01-13,0.32478854060173035,0.32960189935339973,0.32020434647228085,0.32692750148841393,421296000
2006-01-17,0.32455942034721375,0.3247125429100742,0.3160786873104432,0.32035756672182486,329232000
2006-01-18,0.32623982429504395,0.32730976908962256,0.3117235987170929,0.31470331217892417,459948000
2006-01-19,0.3443473279476166,0.34885539775963076,0.32998422357216395,0.33059482826277037,914760000
2006-01-20,0.3347206711769104,0.34885548900042535,0.3346445744074066,0.3448828550991931,461604000
2006-01-23,0.33663132786750793,0.3394579197082458,0.3327347909016868,0.33731895846707494,334884000
2006-01-24,0.3383118808269501,0.3453412547790978,0.3364782356435156,0.3373950582352328,388896000
2006-01-25,0.3353322148323059,0.342208466674042,0.33128255503423193,0.33999247949852346,400236000
2006-01-26,0.34679269790649414,0.3470980140582266,0.33808277185142815,0.34022173363681585,448836000
2006-01-27,0.3533635437488556,0.3572600804001773,0.34839703473501676,0.35130065211665573,385044000
2006-01-30,0.3493901193141937,0.35527342583731386,0.3477856383031118,0.3548911111916665,315780000
2006-01-31,0.3435076177120209,0.34954314391920005,0.3408332191040943,0.34763337444799697,384456000
2006-02-01,0.34373682737350464,0.3451120886880656,0.3360198222366373,0.33731898677854755,450852000
2006-02-02,0.33326923847198486,0.3470978627483376,0.33273473051095326,0.34686864348215346,473736000
2006-02-03,0.33632513880729675,0.34045089543296086,0.3300604207579416,0.3311303659743246,504252000
2006-02-06,0.3457995653152466,0.34618097804781794,0.3339568352216483,0.33540819277706,363468000
2006-02-07,0.3334985673427582,0.34648734458442654,0.33334544477870254,0.34648734458442654,399408000
2006-02-08,0.3431253135204315,0.3431253135204315,0.33449148521901395,0.33449148521901395,393072000
2006-02-09,0.337319016456604,0.34954316483739545,0.33517912583856246,0.3441952689868036,437100000
2006-02-10,0.33540818095207214,0.340069345487887,0.3275389854307309,0.33854098955664363,414996000
2006-02-13,0.3365543484687805,0.3389234308370566,0.33204717909970166,0.33433926301215333,280740000
2006-02-14,0.33716580271720886,0.3383879412544481,0.3327347581297691,0.3365542962679285,342348000
2006-02-15,0.3436598479747772,0.3445766980828284,0.3356375529792788,0.3364783063044087,493296000
2006-02-16,0.3606211245059967,0.3613857807013784,0.3477093506571836,0.35007753065039166,1305888000
2006-02-17,0.36268413066864014,0.3875156687976332,0.3606212387008074,0.38713335424077194,2356956000
2006-02-21,0.35496798157691956,0.3625318625896328,0.3518351450403705,0.3619203288319184,684060000
2006-02-22,0.35435646772384644,0.3571830593739757,0.3415207884768043,0.3499253956749928,939756000
2006-02-23,0.34893155097961426,0.3556556357348353,0.34793863168651307,0.3532865263122222,385128000
2006-02-24,0.3488554358482361,0.3546617687575895,0.34702179088241997,0.3504599161790117,416412000
2006-02-27,0.36299026012420654,0.36520534509803365,0.34786249866975555,0.35152984305986174,666468000
2006-02-28,0.36008670926094055,0.3644416849413229,0.3565724867407585,0.3613858737233404,563316000
2006-03-01,0.37376320362091064,0.3759021652586177,0.35909384829788077,0.36138593250549805,703932000
2006-03-02,0.3742976486682892,0.3795694469216988,0.36948426171435117,0.3733807987455515,545460000
2006-03-03,0.3755967915058136,0.3820907558598009,0.3701718979496826,0.3708595285712348,595800000
2006-03-06,0.37483224272727966,0.38545286744717683,0.37299856978492746,0.3829315637359675,529020000
2006-03-07,0.36841440200805664,0.37781195878362983,0.36100364075900243,0.37490926945477954,606204000
2006-03-08,0.36658069491386414,0.3704011630314204,0.353439724007162,0.3684913934772123,670800000
2006-03-09,0.3684912919998169,0.3772012147948928,0.3682620727195028,0.37101256746431865,536700000
2006-03-10,0.3620735704898834,0.3727693625495693,0.35878763767333716,0.3681090699367545,521580000
2006-03-13,0.3664284348487854,0.36818508151881324,0.36299030926404546,0.3657408042670788,372132000
2006-03-14,0.37658968567848206,0.3781180419310112,0.36535845995662525,0.3667337210078864,627792000
2006-03-15,0.38262516260147095,0.38316059954382586,0.37590200803670576,0.3773533656641331,510600000
2006-03-16,0.3696373701095581,0.38377128534217286,0.3683382057046185,0.3833128740602482,568416000
2006-03-17,0.3726171553134918,0.3736100748308594,0.3623788460062413,0.3678798644072171,618588000
2006-03-20,0.36978957056999207,0.3759781913014553,0.36940815773072844,0.37590209453540124,293772000
2006-03-21,0.38805022835731506,0.39500260528739123,0.37788897169617347,0.38805022835731506,1235472000
2006-03-22,0.376895010471344,0.3800278198072287,0.3684142793312928,0.37819414747089897,1158576000
2006-03-23,0.3839243948459625,0.38545277861064636,0.37391533374054514,0.37819418529914706,661992000
2006-03-24,0.3969133198261261,0.3976009506480723,0.384306854944389,0.3849174599661657,687936000
2006-03-27,0.40760889649391174,0.40791511418943294,0.3959192607055493,0.39721842486803216,651444000
2006-03-28,0.4138745963573456,0.4192985876420925,0.4049354538907817,0.40577527795897034,795204000
2006-03-29,0.436107873916626,0.4368716013026214,0.4121931597756525,0.41563128554047035,987096000
2006-03-30,0.4390875995159149,0.4414557801874735,0.42869619618056914,0.43656629629490595,1063308000
2006-03-31,0.4374831020832062,0.4448938611248271,0.43480867658274597,0.43878133744322584,835560000
2006-04-03,0.4423726499080658,0.4484852021812254,0.4342742586210636,0.43977527696416446,968916000
2006-04-04,0.4630773961544037,0.4637650266214858,0.4425256171975148,0.4429840284009733,1200612000
2006-04-05,0.4668218195438385,0.4691139032810445,0.4523816592108886,0.4622376520694265,1112976000
2006-04-06,0.46773868799209595,0.4712529107073867,0.45918092969219365,0.46559879757448425,789312000
2006-04-07,0.4665157198905945,0.4698777497796722,0.4573473820837878,0.4657520196256508,682674000
2006-04-10,0.458417147397995,0.46819704269764273,0.45490292531279053,0.46544652057730573,634230000
2006-04-11,0.44726207852363586,0.4599455928519522,0.44451158335711827,0.4599455928519522,702072000
2006-04-12,0.46529343724250793,0.46773864352560285,0.4477204673185263,0.4501656736016213,598308000
2006-04-13,0.4523046612739563,0.46055614634298064,0.45047098881735304,0.4553613740504871,738360000
2006-04-17,0.4535277187824249,0.4648350700189269,0.44986037373022736,0.4515409510356593,443868000
2006-04-18,0.44283100962638855,0.44558150464554575,0.4307590297986081,0.445428382107102,1165488000
2006-04-19,0.4455815851688385,0.4504710695935453,0.43396804184867016,0.440080566812614,517476000
2006-04-20,0.44496995210647583,0.4529161480855664,0.4342741629090758,0.4416088524166791,552684000
2006-04-21,0.428925484418869,0.44817900867813737,0.42373068360175725,0.4463453357976642,770016000
2006-04-24,0.44206732511520386,0.44634527524986506,0.4240359422191866,0.43167592151981243,676848000
2006-04-25,0.4417610168457031,0.4428309618337941,0.42938374960962405,0.4370246290304252,719766000
2006-04-26,0.4387052655220032,0.4501656845207183,0.433967975379855,0.44344252834035724,330528000
2006-04-27,0.4457346498966217,0.4498603789736893,0.42755014528292207,0.43702469846518277,462966000
2006-04-28,0.44649848341941833,0.45215262529808725,0.4422196305171669,0.4460400719764812,284736000
2006-05-01,0.4721697270870209,0.48087967881559474,0.44955417654126945,0.44955417654126945,902472000
2006-05-02,0.471558153629303,0.4813379945172274,0.4634597642466174,0.4756838822617257,539700000
2006-05-03,0.4746150076389313,0.47980980850057176,0.4657519866233079,0.4662103706926056,378114000
2006-05-04,0.471558153629303,0.4767538273044983,0.4628482031365674,0.4652934092726755,511128000
2006-05-05,0.4779757261276245,0.4796572314370468,0.46743213589722743,0.47400312201750255,338184000
2006-05-08,0.4758371412754059,0.48714449466834686,0.4714060953214674,0.4767539640514064,503622000
2006-05-09,0.4613209366798401,0.4776708992911432,0.4607094299679607,0.47522569215771665,561648000
2006-05-10,0.4510825276374817,0.4611677125986528,0.4464983327832812,0.4558197903844494,753264000
2006-05-11,0.4350378215312958,0.4599454762326432,0.4315235998644217,0.4556665983592327,1201110000
2006-05-12,0.4023372232913971,0.4267864472975663,0.39332198247916783,0.42464748584305495,1568172000
2006-05-15,0.40814444422721863,0.41165866688995223,0.3980592585507581,0.4015734812134916,553380000
2006-05-16,0.39744776487350464,0.4105887632208819,0.3948503919134781,0.41043656966332975,497532000
2006-05-17,0.3814030587673187,0.39836449273978947,0.3743736858780468,0.3960724092832764,841074000
2006-05-18,0.3641364276409149,0.3881263133255777,0.36367801626471646,0.3844589949921911,686730000
2006-05-19,0.37177637219429016,0.3804862968039868,0.36383017501800297,0.36749752032433725,932808000
2006-05-22,0.36673372983932495,0.37055416972009664,0.356648545642724,0.3697895407328664,734886000
2006-05-23,0.36276113986968994,0.3830837057465354,0.3612327832822576,0.3743737809354863,532314000
2006-05-24,0.3674974739551544,0.37834728763538567,0.3577185070448477,0.3659700192810629,579522000
2006-05-25,0.3655115067958832,0.37987460979784243,0.3635247123884749,0.37437362137945945,423666000
2006-05-26,0.3662753999233246,0.3693312114954597,0.36245493187036293,0.36688690651760364,294642000
2006-05-30,0.3509944677352905,0.3670390544437831,0.3508422742005848,0.36688686090907735,448788000
2006-05-31,0.3511476218700409,0.3590938471139301,0.3490086602393861,0.35573181759396016,598422000
2006-06-01,0.36948439478874207,0.36948439478874207,0.3496193332985719,0.35512035284487503,537126000
2006-06-02,0.3641364276409149,0.3772774262475414,0.36046908198372934,0.37544375341894864,673710000
2006-06-05,0.3488554358482361,0.3688726811854102,0.3477854908406151,0.36214955311693975,581052000
2006-06-06,0.33953407406806946,0.3535928242319998,0.33006044858007,0.353286606420805,824130000
2006-06-07,0.3334224224090576,0.34381289622573474,0.33082409353624265,0.3432013623907665,565380000
2006-06-08,0.32730981707572937,0.3338807786071461,0.3141688503455304,0.32960190048643867,730572000
2006-06-09,0.32623982429504395,0.33724182851822876,0.32348933007019415,0.33158864658301396,433824000
2006-06-12,0.3082095980644226,0.3248648234730474,0.3063759248268746,0.32058687192501795,463230000
2006-06-13,0.3034723401069641,0.3143212581466583,0.30056872098261156,0.3080565100537103,532548000
2006-06-14,0.3123352527618408,0.31325207541561634,0.3020969443980794,0.3053058783338859,480492000
2006-06-15,0.33968716859817505,0.34075711381643603,0.321197374184889,0.32379567595311237,837336000
2006-06-16,0.33097726106643677,0.3383119247232369,0.32776832693147573,0.33739510201256107,503448000
2006-06-19,0.3210451900959015,0.33632514930449525,0.32028053363195985,0.33464459915924855,388044000
2006-06-20,0.31600260734558105,0.32318417615052086,0.3109600275174671,0.31218216641040003,535818000
2006-06-21,0.31951674818992615,0.32455932628840145,0.3146272652861458,0.3146272652861458,441174000
2006-06-22,0.31019535660743713,0.32394786010234816,0.30805636791823965,0.32303103746553896,532338000
2006-06-23,0.31034839153289795,0.316766230714953,0.30668107437443093,0.30958466427110315,335202000
2006-06-26,0.3074447512626648,0.31325198526820935,0.3059173241773798,0.3098899570704705,281736000
2006-06-27,0.29766586422920227,0.30958469395361227,0.2935401081220392,0.3092784762067135,608514000
2006-06-28,0.3141688406467438,0.31905829601792984,0.29216480232992154,0.29995790208002404,833376000
2006-06-29,0.3283798098564148,0.3283798098564148,0.3045421225187526,0.30561113861705297,687666000
2006-06-30,0.3253231346607208,0.3367835547076162,0.3228788571037624,0.3315887818041622,468240000
2006-07-03,0.3300604522228241,0.3331162365996188,0.3277683407022388,0.33281094779420795,174696000
2006-07-05,0.31523796916007996,0.32776833525411525,0.31523796916007996,0.3248647444856068,459708000
2006-07-06,0.30545902252197266,0.31829470567489554,0.30225011539564217,0.3152379921171419,470634000
2006-07-07,0.2959844172000885,0.3082094933111665,0.29262328975129975,0.3075979594367053,541230000
2006-07-10,0.2831486761569977,0.2988879716059938,0.28055127667644797,0.29674898335082994,449922000
2006-07-11,0.292623370885849,0.2936924146940898,0.278106234136499,0.28223196450791127,600582000
2006-07-12,0.27856457233428955,0.29491537790673705,0.27825925623532294,0.2915533487245954,461034000
2006-07-13,0.27138301730155945,0.2811628875313415,0.27000775592444026,0.2742866352933406,540582000
2006-07-14,0.27000775933265686,0.27795395693451463,0.26236777953354734,0.2764256003005608,572148000
2006-07-17,0.2721467614173889,0.27520347483373614,0.26741039941670547,0.2687856335541701,502806000
2006-07-18,0.2869690954685211,0.28987271245822116,0.27138292364331057,0.2814681065061118,979332000
2006-07-19,0.2994995713233948,0.30316688925809526,0.28360714985432856,0.2857470402659307,1055550000
2006-07-20,0.2935401201248169,0.3101953387608843,0.2930817088327862,0.30484744382674106,505602000
2006-07-21,0.27153611183166504,0.28483023224572185,0.2693962213101308,0.2836071644240134,633918000
2006-07-24,0.2988879680633545,0.3057642183340106,0.28009286213119616,0.28162121830858433,983178000
2006-07-25,0.30943161249160767,0.3126405188709924,0.29812428874959773,0.3025553611153883,574104000
2006-07-26,0.30943161249160767,0.3130989574884423,0.30026324999952103,0.30943161249160767,495318000
2006-07-27,0.31386274099349976,0.32624001315623735,0.3082095557856413,0.31340432957794684,694338000
2006-07-28,0.34641033411026,0.34702186801234797,0.32012833878077795,0.3219620114779416,815298000
2006-07-31,0.3383118808269501,0.34625810469460927,0.3373950582352328,0.3427429532140335,594762000
2006-08-01,0.32471248507499695,0.33479764239838905,0.3185999340059004,0.3341861085887915,600966000
2006-08-02,0.34961920976638794,0.3513006887644705,0.3311303455358259,0.331894045595892,756774000
2006-08-03,0.37162333726882935,0.3810978925347167,0.3435076653542624,0.3483971502197984,890568000
2006-08-04,0.36658069491386414,0.38201470629269113,0.3571070422355813,0.3814031723642748,818232000
2006-08-07,0.36230263113975525,0.3668867979845252,0.35527325835514756,0.3601627412259734,436146000
2006-08-08,0.37192949652671814,0.37972257118517416,0.36428858809118736,0.36520543808405054,619806000
2006-08-09,0.37177637219429016,0.38965466006982263,0.3690258768764376,0.3792641580382347,584706000
2006-08-10,0.3691789209842682,0.3713179094422976,0.36138584744222857,0.36765056464381274,1072140000
2006-08-11,0.35756540298461914,0.366886860787234,0.34106240498326634,0.3422845436579628,1603272000
2006-08-14,0.3557317554950714,0.3656638180664035,0.3537449604476863,0.36199647305698374,809412000
2006-08-15,0.38995984196662903,0.3919466366303265,0.3613857984376284,0.36490002022571005,902172000
2006-08-16,0.41792330145835876,0.4196047801878495,0.3820145948744532,0.3920997512159211,1029246000
2006-08-17,0.41135337948799133,0.4235775547174234,0.4072276226654815,0.41272864087009387,814224000
2006-08-18,0.4180765151977539,0.4202154766144459,0.39744773213693485,0.4118117971688981,665898000
2006-08-21,0.40264347195625305,0.412575536205086,0.40172664921094614,0.4118118360283164,500220000
2006-08-22,0.402031809091568,0.4131869376455577,0.40111498664026757,0.40142030267027384,473928000
2006-08-23,0.40172648429870605,0.4092133387185163,0.392863439992915,0.4050875834106962,485412000
2006-08-24,0.4058522880077362,0.4079912490032916,0.39637770888187324,0.4027955482012191,260802000
2006-08-25,0.4046294093132019,0.41181190827148323,0.3988231010472611,0.4027957361771124,238314000
2006-08-28,0.4185349643230438,0.4304538239064737,0.4105887664802378,0.411353395663065,764562000
2006-08-29,0.4374831020832062,0.4394689680089711,0.41945172145880066,0.4225075324570226,727962000
2006-08-30,0.44649848341941833,0.4510826798201989,0.4388585021862888,0.4399275459786781,681564000
2006-08-31,0.44481778144836426,0.4474151812771232,0.43519103512953194,0.4454283862660928,511278000
2006-09-01,0.4261750280857086,0.4417612363453553,0.4244944775164682,0.4382469852850697,605742000
2006-09-05,0.4354962706565857,0.4371768203824974,0.4212853585584052,0.4275500752401035,549354000
2006-09-06,0.4136453866958618,0.4284669320490868,0.41257544162728926,0.4278563272570292,493572000
2006-09-07,0.42189696431159973,0.4312175212535424,0.4024903469368522,0.40692139241465575,742836000
2006-09-08,0.42327216267585754,0.4304537297652104,0.41395070543549656,0.4286200573592652,447978000
2006-09-11,0.42984217405319214,0.43473255890198154,0.409061201174684,0.41379756181173555,598266000
2006-09-12,0.4411505162715912,0.4439010391375526,0.42678647729969155,0.42785642260670614,498432000
2006-09-13,0.4446646273136139,0.45047093270470906,0.44084416033764356,0.4422194213397358,476286000
2006-09-14,0.4429841637611389,0.45077726589638223,0.4371769278735328,0.4425257524176063,428814000
2006-09-15,0.45169398188591003,0.4538329701870932,0.44237252536313987,0.44451151366432295,649764000
2006-09-18,0.46880772709846497,0.46957235624669014,0.4515409997672069,0.45291623381735413,793896000
2006-09-19,0.45658355951309204,0.4691139519261119,0.4527631189931911,0.4657519227364287,708054000
2006-09-20,0.47323960065841675,0.47385023275376686,0.46162606020669683,0.46254288271105415,511884000
2006-09-21,0.4694192111492157,0.47751760085272754,0.4649881116431037,0.4727812399315432,539106000
2006-09-22,0.4555136263370514,0.47094760969364463,0.45031885337448196,0.4680440190812366,653334000
2006-09-25,0.4718644917011261,0.4738503855170304,0.4498604712648211,0.4623899638989133,684486000
2006-09-26,0.4619314670562744,0.4726281871062921,0.45597203763513144,0.47140604831402383,516120000
2006-09-27,0.46055611968040466,0.475225498483989,0.456125074995974,0.46055611968040466,578142000
2006-09-28,0.45184633135795593,0.4536800042556466,0.4405390324776308,0.4425258006270129,647346000
2006-09-29,0.45215243101119995,0.4584171478998079,0.4497072249313859,0.4549029258107566,373890000
2006-10-02,0.44069206714630127,0.4529162144568882,0.4370247218550789,0.4500126239197245,647442000
2006-10-03,0.4324404299259186,0.4358015564684478,0.4228136854511118,0.4324404299259186,907692000
2006-10-04,0.47492021322250366,0.4750733357622241,0.43182897850284063,0.4330511444698563,1460382000
2006-10-05,0.4614730477333069,0.4778238817821385,0.4602509088898114,0.4730865909546954,662682000
2006-10-06,0.4726281762123108,0.4775176602777804,0.46086244019961714,0.4622377015185805,593610000
2006-10-09,0.5030367374420166,0.5093014270362014,0.47018288391547314,0.4715581449835941,932304000
2006-10-10,0.49157628417015076,0.5024251401106486,0.4859221177784825,0.5004383727345493,624648000
2006-10-11,0.49432677030563354,0.503036720342606,0.48149109185212413,0.4889779743805796,481944000
2006-10-12,0.4963127076625824,0.5065509875082355,0.4891311405281857,0.49707733668297926,414720000
2006-10-13,0.516024649143219,0.5189282393799118,0.48653375096745755,0.4946321408183266,584190000
2006-10-16,0.5151079893112183,0.5261099728745507,0.5059395968116356,0.51770626430055,478968000
2006-10-17,0.4953959286212921,0.5102184334330429,0.49050649885659486,0.5067042104372633,526506000
2006-10-18,0.4822549521923065,0.5080793826362787,0.47874072943563595,0.502730585538336,822750000
2006-10-19,0.49142321944236755,0.4950905642416131,0.4766007723590708,0.48042118504463094,473040000
2006-10-20,0.4857691526412964,0.4955489947128924,0.47874070745071823,0.49524367862537655,359478000
2006-10-23,0.4825603663921356,0.49646599728324825,0.4813382272376562,0.48470025751228885,280248000
2006-10-24,0.4966188967227936,0.5021199412838274,0.48210176559708184,0.4834770267373403,519288000
2006-10-25,0.5012028813362122,0.5088428842610404,0.4929513721510296,0.5013550748067293,389436000
2006-10-26,0.5170947313308716,0.5187752543698511,0.5024253477951185,0.5024253477951185,366690000
2006-10-27,0.49478527903556824,0.5285550296909529,0.4889780437305772,0.5170946106334261,566988000
2006-10-30,0.5007448196411133,0.5096069117782555,0.4927986212944754,0.4981464901627655,479592000
2006-10-31,0.5328337550163269,0.5328337550163269,0.5091482934513344,0.5117465670866578,996174000
2006-11-01,0.4917287826538086,0.5306942246044739,0.48439408936875594,0.5258047387509109,1176540000
2006-11-02,0.4883674383163452,0.5047173419700433,0.4816433800480803,0.4940206770260241,862944000
2006-11-03,0.49814677238464355,0.49875833403240477,0.48592258897392543,0.49386884647006574,548070000
2006-11-06,0.5132742524147034,0.5201505053141994,0.493257000363692,0.49952174661571125,739602000
2006-11-07,0.5210673809051514,0.5265683722757284,0.5141910733824299,0.5170947189670463,553254000
2006-11-08,0.5287081003189087,0.5351259125019033,0.5161777373532448,0.5173998759062122,648324000
2006-11-09,0.5392516255378723,0.5531563187656705,0.5346674589618334,0.5395569415460302,1207758000
2006-11-10,0.5262629985809326,0.537265034766487,0.512968878354337,0.534667634616982,1317192000
2006-11-13,0.5501004457473755,0.5516287742609666,0.5271795619634873,0.5273326844469529,852282000
2006-11-14,0.5556015372276306,0.5566714821461901,0.5363479934513034,0.5481137261677695,628530000
2006-11-15,0.5464332699775696,0.5615610327831192,0.5433774317253821,0.5539210272957703,491892000
2006-11-16,0.5534626841545105,0.5554485228574745,0.5439881039248653,0.5487253940396879,457182000
2006-11-17,0.5549901723861694,0.5565185563721211,0.5462802744730922,0.5496423039204507,361608000
2006-11-20,0.560185968875885,0.5632417535561648,0.5439882553205188,0.5481139854254418,608634000
2006-11-21,0.551476001739502,0.5627833556473152,0.5476555878878765,0.5618665328295678,387384000
2006-11-22,0.5609495639801025,0.5615611251937839,0.5505590892303477,0.5534627344387957,240258000
2006-11-24,0.5650750994682312,0.5662981667101585,0.5531562460777064,0.5581988505077521,144336000
2006-11-27,0.5395570397377014,0.5692010053682561,0.535736572343608,0.5617141767729624,585294000
2006-11-28,0.5496422648429871,0.5545317489195288,0.5293187704083536,0.5377234062484383,480966000
2006-11-29,0.5577406287193298,0.5644646868122513,0.552545828791555,0.5546848447685481,579792000
2006-11-30,0.565228283405304,0.5698124498773237,0.5510173454830126,0.5577404726860403,583632000
2006-12-01,0.5430712699890137,0.559727362657067,0.5381817864436047,0.558963662629717,785010000
2006-12-04,0.5650750994682312,0.5721044709170656,0.5481136416476609,0.5501004633140186,621570000
2006-12-05,0.5592690706253052,0.5624779774572987,0.5530043248774698,0.5591159480615578,663354000
2006-12-06,0.5585052967071533,0.5611026968519746,0.5508644154605923,0.5611026968519746,478242000
2006-12-07,0.5450579524040222,0.5615609745997581,0.5401684696234034,0.5585051366641862,486894000
2006-12-08,0.5432244539260864,0.5507122678868482,0.5332924168225499,0.5410854922691154,564858000
2006-12-11,0.5525457262992859,0.559115786264237,0.5421543250007702,0.5433773924909602,515484000
2006-12-12,0.5468918085098267,0.5502538381258061,0.539557171648738,0.5484201925724337,568116000
2006-12-13,0.5533096194267273,0.5577406649209813,0.5513228515071735,0.5513228515071735,491952000
2006-12-14,0.5630894303321838,0.5701179302099182,0.5572822494589783,0.5577406334497604,715380000
2006-12-15,0.5730214715003967,0.5730214715003967,0.5632415755649447,0.5667567268875757,746094000
2006-12-18,0.5829538106918335,0.5898300647378152,0.5733270331684153,0.5736332237240076,688356000
2006-12-19,0.5913580060005188,0.594413843664588,0.5747019174175805,0.5754665462663735,545622000
2006-12-20,0.584635317325592,0.5953311123786568,0.5841768784875394,0.5883026640871689,306594000
2006-12-21,0.5795924067497253,0.5895244962158549,0.5730214717100751,0.5878439190026152,367920000
2006-12-22,0.5658396482467651,0.5806612144644933,0.5630891271924563,0.5786753220876042,370170000
2006-12-26,0.565686821937561,0.5739383347728915,0.5633947380748353,0.5688957830634489,228192000
2006-12-27,0.5731747150421143,0.5751605540894418,0.5681321079782946,0.5681321079782946,264954000
2006-12-28,0.5690488815307617,0.5743968042597839,0.566450607082313,0.5737852430484814,213912000
2006-12-29,0.5655336380004883,0.5809676458423321,0.5649230605449354,0.5690487891909466,386094000
2007-01-03,0.5513229370117188,0.5733269580035913,0.5316109457537389,0.5664507048591063,1154820000
2007-01-04,0.5487255454063416,0.5513229459839204,0.5352783004047432,0.5493370520855569,797298000
2007-01-05,0.5143441557884216,0.5378765581605555,0.5106768102785847,0.5357366676022965,1243344000
2007-01-08,0.5181643962860107,0.5280964285266859,0.5073145580761468,0.5161776291639015,657270000
2007-01-09,0.5080792307853699,0.522442362629923,0.5074677244035726,0.5189281409235568,764166000
2007-01-10,0.5331394076347351,0.5378766996700313,0.4950907904242433,0.5027307449243188,1108746000
2007-01-11,0.5311524271965027,0.5372649785519488,0.5224424759633198,0.5331391949212028,924504000
2007-01-12,0.5383349061012268,0.5404738672898163,0.5207619363137015,0.5232071425778091,698190000
2007-01-16,0.5392516255378723,0.5427658472197422,0.5331390755510299,0.5424605312115843,711864000
2007-01-17,0.5279437303543091,0.534973107090806,0.525957836202788,0.531764144777337,707934000
2007-01-18,0.48424166440963745,0.5233593359199877,0.47767072929948007,0.5233593359199877,1501638000
2007-01-19,0.487144410610199,0.49722956870118096,0.47568393662113173,0.47904596565446916,942606000
2007-01-22,0.487144410610199,0.49967477511671826,0.4853107107270086,0.4917285783467899,730644000
2007-01-23,0.48729759454727173,0.49509072527328246,0.47583717247678897,0.48485238754947113,630354000
2007-01-24,0.5024250745773315,0.5089960625420223,0.49126997506005066,0.49356205816013154,685722000
2007-01-25,0.4848521649837494,0.5088429981794284,0.48240788811721713,0.5070092987013276,616284000
2007-01-26,0.48087939620018005,0.49371506960297384,0.47216944959048884,0.4889777819724657,829584000
2007-01-29,0.46116769313812256,0.4790459238932414,0.4570419097463053,0.47874066248198954,1258284000
2007-01-30,0.4700307846069336,0.4730865687530367,0.46009781938049005,0.46422354876420086,636174000
2007-01-31,0.4683491587638855,0.47278113161599455,0.46193129309361586,0.4677385267784665,467976000
2007-02-01,0.4743087589740753,0.4767539658206139,0.4630014601867731,0.4639182829661759,650898000
2007-02-02,0.4866858124732971,0.4889778955903956,0.47293331377070613,0.4769068480341223,586590000
2007-02-05,0.4946323335170746,0.4987581186429229,0.48821451840701036,0.488978218731969,579906000
2007-02-06,0.5122053027153015,0.5186231177309989,0.4982996725305743,0.5057874330519967,775386000
2007-02-07,0.532222330570221,0.5334444691418156,0.5132741004851783,0.5163308131037684,761058000
2007-02-08,0.5253462791442871,0.5328340393174704,0.5195399711256858,0.5241241401087295,726276000
2007-02-09,0.49891096353530884,0.5323754497754234,0.496924195978908,0.5279434760821771,937956000
2007-02-12,0.50991290807724,0.5207618177443788,0.49722942469678794,0.5025782199638839,789360000
2007-02-13,0.5195398330688477,0.5236655621982188,0.5129688428612503,0.5181645718098605,849732000
2007-02-14,0.5126635432243347,0.5271797455127369,0.5114404755956262,0.5241239617826925,1081848000
2007-02-15,0.5157194137573242,0.5183168139707656,0.5074679000769416,0.5123573843878451,488682000
2007-02-16,0.4999801814556122,0.514191071215755,0.4984527263911784,0.5135804935822207,915060000
2007-02-20,0.5044121146202087,0.5071625827419952,0.49722961721998316,0.5007447691435648,625578000
2007-02-21,0.4969240128993988,0.5056339601857938,0.49188140896266686,0.500286040310893,655332000
2007-02-22,0.5001329779624939,0.512815586061398,0.4989108397018774,0.5047171440387809,655452000
2007-02-23,0.49891096353530884,0.5051757078938255,0.4987578956531029,0.5048703918431705,403050000
2007-02-26,0.49126997590065,0.5041056522125801,0.49050627608474656,0.5002861148291985,494070000
2007-02-27,0.47644856572151184,0.49738263422144663,0.47568388208200724,0.4859221615463699,714630000
2007-02-28,0.4736981987953186,0.48393555260615506,0.469266223652458,0.4750734603388906,780048000
2007-03-01,0.4678908586502075,0.4766008100685095,0.4573472620109944,0.46345981349635523,837228000
2007-03-02,0.4549030065536499,0.4694192650650699,0.4539861565752008,0.46376515193616297,682728000
2007-03-05,0.43946900963783264,0.45581981462055,0.4379415548366116,0.4469567951602076,663558000
2007-03-06,0.4654465317726135,0.4704891375653261,0.44726202911988894,0.4490957014696216,805974000
2007-03-07,0.4523046612739563,0.4652934363612501,0.45031879528767327,0.4631544751601025,811656000
2007-03-08,0.4709475040435791,0.4761423031645696,0.46147292491039105,0.4617791699585083,770622000
2007-03-09,0.4662102162837982,0.48286636208456835,0.46086234926560493,0.47751756605748175,555306000
2007-03-12,0.46345987915992737,0.4701830091162548,0.4602509175972988,0.4608624788589833,428010000
2007-03-13,0.4439009726047516,0.46147298684565763,0.44359472751553247,0.4587225190395393,617070000
2007-03-14,0.4417610168457031,0.4477204175234089,0.4284668998196605,0.4451230453230172,971610000
2007-03-15,0.4373299777507782,0.44466466732350834,0.4306068219787576,0.4406920064793653,655752000
2007-03-16,0.43320420384407043,0.4383999047517174,0.4301483929843495,0.43763527577294986,525648000
2007-03-19,0.43534332513809204,0.4423726731859592,0.43396806364900026,0.43549642038809966,461508000
2007-03-20,0.43320420384407043,0.4439009217045599,0.43152365405350795,0.43396793113772153,656490000
2007-03-21,0.457958847284317,0.46514038839971283,0.44221954732670027,0.45077727884512325,1268376000
2007-03-22,0.46804389357566833,0.4707943608921315,0.45627816044560626,0.45841712134909884,810954000
2007-03-23,0.4628481864929199,0.47278120420098835,0.4594870869735694,0.4645296925852769,524640000
2007-03-26,0.46376514434814453,0.4675855574576446,0.4553614104304579,0.4631545121626839,447336000
2007-03-27,0.4550550580024719,0.46361275897650667,0.45459664681828893,0.4626959366081407,469020000
2007-03-28,0.4463452696800232,0.45505519407920964,0.4455815422650723,0.45123565531919535,459504000
2007-03-29,0.4385521709918976,0.4536799359660065,0.43137060305762354,0.45306933109815467,719016000
2007-03-30,0.4397752285003662,0.44772049634603966,0.43748314460761434,0.4445115898257052,581244000
2007-04-02,0.43931683897972107,0.44237262310276787,0.4321343418474129,0.43870530508671784,400830000
2007-04-03,0.4376353323459625,0.44420626784839984,0.433509575928943,0.43931681136279727,473724000
2007-04-04,0.4367184340953827,0.4405389013288998,0.43549629553048763,0.4370246518314044,361692000
2007-04-05,0.4721697270870209,0.4726281657323743,0.43855216820490744,0.43855216820490744,1332900000
2007-04-09,0.463612824678421,0.47751757426155916,0.46269600218012547,0.472169652503903,640950000
2007-04-10,0.4588756859302521,0.4683493382415704,0.45795883591581305,0.4630014153619378,794220000
2007-04-11,0.4506240487098694,0.46437657739449945,0.4490956924414048,0.4597924102742199,810150000
2007-04-12,0.46345987915992737,0.46483514059425424,0.44527627368260714,0.4481789901098162,743640000
2007-04-13,0.46728017926216125,0.4681970564275494,0.4562781997533445,0.4619313830293649,638694000
2007-04-16,0.4648352265357971,0.4695724636811167,0.4588757956502965,0.46605736562837075,671838000
2007-04-17,0.4692660868167877,0.48745056279766136,0.46697400312839527,0.4766007764786779,1059108000
2007-04-18,0.4750732183456421,0.4791989462271891,0.4660570790819256,0.4685022301254365,683802000
2007-04-19,0.4816433787345886,0.48439390131054,0.469877642987003,0.4712529042749787,568056000
2007-04-20,0.48729759454727173,0.48897817228340673,0.4808797800468426,0.48867285612525024,590052000
2007-04-23,0.47935131192207336,0.48592224785524263,0.4779760505849853,0.4850054251797151,595272000
2007-04-24,0.49738287925720215,0.5018139261214696,0.48424187761252924,0.48745078531157937,1028088000
2007-04-25,0.5059394836425781,0.5086900062419736,0.49432687034742695,0.49661895429772585,509640000
2007-04-26,0.5122053027153015,0.5160248425884891,0.5013554574424252,0.5059396266386683,500070000
2007-04-27,0.505328893661499,0.5161778065917823,0.49722957425388153,0.5105236936270082,554058000
2007-04-30,0.5025781989097595,0.5186227806689554,0.5024250764132787,0.5122049698243057,563388000
2007-05-01,0.507926344871521,0.5151079133663613,0.5038005606578525,0.5117467583179376,544554000
2007-05-02,0.5019667744636536,0.5126634919334551,0.499369374947256,0.5105236019636865,659658000
2007-05-03,0.5114405751228333,0.5148026045806915,0.5057873358688109,0.5067042132499744,500250000
2007-05-04,0.5151079893112183,0.51770626430055,0.5093016267172779,0.5141911118079371,405246000
2007-05-07,0.5048705339431763,0.5284020087381728,0.5042590273084121,0.5225957013258673,557100000
2007-05-08,0.5086899399757385,0.5099130075724527,0.49203472230054174,0.5018136890206,737100000
2007-05-09,0.5109819769859314,0.5138856214947543,0.49921624374471885,0.5050225491059269,417870000
2007-05-10,0.5015084743499756,0.5198451472706574,0.49707742868353366,0.5131220174891303,802584000
2007-05-11,0.5369596481323242,0.5421543931014486,0.5204566233453406,0.5285550132001618,1530630000
2007-05-14,0.5316107273101807,0.5398622386224641,0.5265681765314818,0.5348196878437652,731568000
2007-05-15,0.5268744826316833,0.5363481344992451,0.5256514695271083,0.5331392279085101,621360000
2007-05-16,0.5335975885391235,0.5335975885391235,0.5172476872329581,0.5273328441782618,523104000
2007-05-17,0.5247344374656677,0.5348196475585583,0.5216786543284461,0.5320691257791198,443664000
2007-05-18,0.5351259708404541,0.5366534256078508,0.5242761838212527,0.5287081579578001,604266000
2007-05-21,0.5368067026138306,0.5501008254782808,0.5310003945842838,0.5335977952491718,645768000
2007-05-22,0.5397101640701294,0.5445996480554917,0.5285550604415037,0.5372650122205094,401736000
2007-05-23,0.5253462791442871,0.5432245163191154,0.5238178949309766,0.5400156089605058,448248000
2007-05-24,0.5063978433609009,0.5293186792912856,0.5042588822967157,0.5277912793335948,607800000
2007-05-25,0.5143441557884216,0.5169415560191292,0.5085378487294552,0.5100653036810332,308976000
2007-05-29,0.5198450088500977,0.5215255859195029,0.5106766748310342,0.5122050583863662,316242000
2007-05-30,0.5210673809051514,0.5210673809051514,0.5073148205073086,0.5137326893126485,331650000
2007-05-31,0.5293189883232117,0.5325279509450186,0.5224427335295373,0.5248879410790128,481572000
2007-06-01,0.5329862236976624,0.5432245069429998,0.5320694008463991,0.5352783081496225,429084000
2007-06-04,0.5358899235725403,0.53894570859795,0.5259578298496218,0.5280967919312335,322002000
2007-06-05,0.5517809987068176,0.5526978209942175,0.5365010462148586,0.5374178685022585,698586000
2007-06-06,0.5559070110321045,0.5647700308937563,0.5456696042079066,0.5479616881987643,950736000
2007-06-07,0.5499473214149475,0.561560858427528,0.5497951279406371,0.5533093490366813,791862000
2007-06-08,0.5585052967071533,0.5592690514814858,0.53864024050172,0.545363424701532,533268000
2007-06-11,0.5604910850524902,0.563853113701988,0.5554484792589139,0.558505191857816,434634000
2007-06-12,0.5546847581863403,0.565381421181752,0.5543794421473529,0.5575883481450875,526770000
2007-06-13,0.5679789781570435,0.56813210072342,0.5536149666199486,0.5607974095692708,587232000
2007-06-14,0.5780641436576843,0.580203105066576,0.5646169013335538,0.5653815304445426,508548000
2007-06-15,0.6043471693992615,0.6089313385145906,0.5844821086805297,0.5846352312738249,1081998000
2007-06-18,0.6046524047851562,0.6125986028832484,0.5997629201458613,0.6104587121954933,685662000
2007-06-19,0.6084728240966797,0.6098480308187142,0.5967061586414141,0.6008318881027073,491952000
2007-06-20,0.6090834140777588,0.614279143550193,0.6049576845324391,0.611223304636796,822792000
2007-06-21,0.6567586064338684,0.6621074569225566,0.6161126107465558,0.6208499001667931,1297326000
2007-06-22,0.6665384769439697,0.6703589437739135,0.6471318650795976,0.6570648274585923,882618000
2007-06-25,0.6489656567573547,0.663788105242277,0.6419372115620466,0.647896640593402,819702000
2007-06-26,0.6188632249832153,0.6491187528976159,0.617334841236304,0.6472850530754045,868482000
2007-06-27,0.6355193257331848,0.6362830804351807,0.6158073939532103,0.6188632324750267,613140000
2007-06-28,0.6416308879852295,0.6485071934477218,0.6310872924728531,0.6373529658345912,597534000
2007-06-29,0.6312406063079834,0.6460630574720537,0.6309352901650764,0.645909989543598,516570000
2007-07-02,0.6575233340263367,0.6578285954289811,0.6382697880359118,0.6402556812281962,563850000
2007-07-03,0.6585922241210938,0.6637878967970623,0.6517159746244338,0.6570647698006975,238770000
2007-07-05,0.6656216979026794,0.6677606588950202,0.6555364867139896,0.6587454473545263,373290000
2007-07-06,0.6688306331634521,0.6714280328316973,0.6634827659441351,0.6647049045130523,282720000
2007-07-09,0.6882375478744507,0.6914465100576008,0.6711230100341727,0.671276132631492,536784000
2007-07-10,0.6949605941772461,0.699086323801666,0.6773876210843405,0.6847223122473058,552654000
2007-07-11,0.691904604434967,0.6995446100571014,0.682277831212258,0.6948073202078715,582612000
2007-07-12,0.7051986455917358,0.7059623455090084,0.6919045290353938,0.6967940118760465,438732000
2007-07-13,0.7009198069572449,0.7116164696191347,0.7001560523791456,0.7032118904052427,372630000
2007-07-16,0.7136023640632629,0.7165059539371194,0.7013781922214171,0.7015313147408785,541710000
2007-07-17,0.7105465531349182,0.7308700435997459,0.7099350466901885,0.7165059812681321,643812000
2007-07-18,0.6975580453872681,0.7024484045447906,0.6838054847907372,0.7003085137884936,550656000
2007-07-19,0.6967940926551819,0.7110050332927745,0.6919046092476928,0.7074908110191791,407376000
2007-07-20,0.6891541481018066,0.7038234728234524,0.6857921193219341,0.7013782665922603,505650000
2007-07-23,0.6960306167602539,0.7102415619735467,0.6851807723685186,0.6867091565287873,360474000
2007-07-24,0.677693784236908,0.6990862956058999,0.6734149322185035,0.6932799886676825,457560000
2007-07-25,0.6744848489761353,0.6874727236723268,0.65889864520393,0.677845949146918,437196000
2007-07-26,0.67784583568573,0.6873204150803929,0.6582870284575958,0.6673022402674053,710268000
2007-07-27,0.6761654019355774,0.7073377537052212,0.6758600858478586,0.6761654019355774,615480000
2007-07-30,0.6951135396957397,0.6961825557143417,0.6784573935786895,0.6786105161062491,538158000
2007-07-31,0.6992393732070923,0.7323976188809186,0.6983225505695476,0.7226186510262327,711492000
2007-08-01,0.6940436959266663,0.7061156220100342,0.661649150475184,0.6891542120197507,705828000
2007-08-02,0.6909880042076111,0.7026006197579882,0.6816665440434226,0.70199004209425,468606000
2007-08-03,0.650035560131073,0.6937383283379401,0.6497302440629845,0.6886957222554504,623412000
2007-08-06,0.6555366516113281,0.6604261359118909,0.6371999788704112,0.6555366516113281,524724000
2007-08-07,0.6659271121025085,0.6767768992050162,0.6468266865578177,0.6555365833436653,565764000
2007-08-08,0.6966411471366882,0.7174230826648498,0.6728034817998854,0.6779991569485232,660744000
2007-08-09,0.7048923969268799,0.7242990636906812,0.6853335913037776,0.7013781750787936,1251834000
2007-08-10,0.6721928715705872,0.6767770402336822,0.6324627540525499,0.6471321374925352,1141014000
2007-08-13,0.6648580431938171,0.6821248235634483,0.6509524174845435,0.6775406558425958,700410000
2007-08-14,0.690681517124176,0.7013782351085057,0.6674553651493835,0.6694421326932596,1092174000
2007-08-15,0.6614959239959717,0.6967940543527172,0.6605791015063017,0.6870142137139663,695142000
2007-08-16,0.6504940986633301,0.6596624350234601,0.6188633054323244,0.6549251442813401,780030000
2007-08-17,0.688848078250885,0.6894595848926774,0.6477436291644705,0.6685255102458487,728712000
2007-08-20,0.6860975623130798,0.6967942836084645,0.6776938543289975,0.6893065240540949,519684000
2007-08-21,0.7232292890548706,0.7287302795721845,0.6799858300758193,0.690223236655804,715338000
2007-08-22,0.7397322654724121,0.7440111169623214,0.7265912692901432,0.7415659106389202,566154000
2007-08-23,0.7334674596786499,0.7519572509388979,0.7302585535801538,0.7432473005028846,667986000
2007-08-24,0.7372880578041077,0.7386633192346274,0.7259798305205728,0.7313286826845177,361644000
2007-08-27,0.7539430856704712,0.7617362135601229,0.7339258399069689,0.7372878685172557,635946000
2007-08-28,0.7079496383666992,0.7594445781840231,0.7062681312409272,0.756388738178627,560022000
2007-08-29,0.7481369376182556,0.7490537603138948,0.7212434354477757,0.7227708903661646,538560000
2007-08-30,0.7438579797744751,0.7623477722073201,0.7406490734724746,0.7409552639018021,465660000
2007-08-31,0.7817543745040894,0.7846570903296015,0.7553183861866991,0.7594441696344563,720834000
2007-09-04,0.8058974146842957,0.8092594435115297,0.7730444878240035,0.7852686611342471,683268000
2007-09-05,0.7997848391532898,0.8251508819237944,0.7991742616860095,0.8023831678776053,656274000
2007-09-06,0.8033000826835632,0.8170525862108924,0.7999380535725937,0.8097179504515383,425496000
2007-09-07,0.7739613056182861,0.789089069057991,0.7589857357065253,0.7809897502872245,602304000
2007-09-10,0.7761004567146301,0.8045223454372648,0.7696826426048995,0.7907698397898995,872112000
2007-09-11,0.7926032543182373,0.7985626826245292,0.7772462996197674,0.7854978115325113,405424000
2007-09-12,0.7614308595657349,0.804980500060621,0.7536377867120488,0.8010839089861976,554452000
2007-09-13,0.7616601586341858,0.7767879225644713,0.7561591684725151,0.7758710999787909,452864000
2007-09-14,0.7391976118087769,0.7550130043522812,0.7369055283088884,0.7540961818818421,487308000
2007-09-17,0.7375932931900024,0.7481368901397184,0.729571026802778,0.74034381574996,374828000
2007-09-18,0.8022302389144897,0.8136906599694629,0.7442404482639681,0.7453865176932645,844740000
2007-09-19,0.7875609993934631,0.8251511737483389,0.779767868482273,0.8095650212211674,521360000
2007-09-20,0.7829764485359192,0.7964997576421616,0.7742665530550402,0.7880190541180585,324172000
2007-09-21,0.7905404567718506,0.8022301228094213,0.7829765745055133,0.7907697034130904,457532000
2007-09-24,0.8107109069824219,0.8228589581953252,0.7896237113718887,0.7953539489542449,456360000
2007-09-25,0.8210251927375793,0.8244632910662659,0.8036053451688279,0.8058974289371481,360748000
2007-09-26,0.8405079245567322,0.8423415696959142,0.823088077144154,0.825150914263837,518032000
2007-09-27,0.8430291414260864,0.8526559143536345,0.834089999039619,0.8485301311071496,378280000
2007-09-28,0.8306520581245422,0.851051622308907,0.8288183581188996,0.8480719076163821,404292000
2007-10-01,0.8657209873199463,0.8698467715290159,0.8368407164468432,0.8377575391663267,398200000
2007-10-02,0.8574694395065308,0.8652625689317309,0.8448630046570372,0.8636580609268412,284960000
2007-10-03,0.8210251927375793,0.8423415772477165,0.8075018821102136,0.8423415772477165,467196000
2007-10-04,0.82469242811203,0.8295057869916315,0.7964997413955629,0.8201082611845294,378976000
2007-10-05,0.8464675545692444,0.8510517231551663,0.8288184563306049,0.8377576014674327,344840000
2007-10-08,0.8602198958396912,0.8615951570820166,0.84234160898464,0.8524268216633,252484000
2007-10-09,0.8450921773910522,0.8641164798834164,0.8324856881814935,0.8602199425834856,403008000
2007-10-10,0.8460090160369873,0.850822376090031,0.8256094518421552,0.850822376090031,389136000
2007-10-11,0.808418869972229,0.8487596181195848,0.7992505330244478,0.8382160197001166,529104000
2007-10-12,0.8281306028366089,0.8281306028366089,0.8047513274776642,0.8173578150219969,409952000
2007-10-15,0.8340902924537659,0.8448631382886206,0.8269848472265066,0.8308813852316231,355900000
2007-10-16,0.8416540026664734,0.8565525754758833,0.8301935830621548,0.8331732976240368,276360000
2007-10-17,0.9062906503677368,0.9088119257428853,0.8735138519004889,0.874430674341672,717944000
2007-10-18,0.905603289604187,0.9092706351087988,0.8806195564170898,0.9033112054947541,340620000
2007-10-19,0.857011079788208,0.9039988310901816,0.8567818331252416,0.9035403924118441,505768000
2007-10-22,0.8975809216499329,0.899414621631556,0.844633743196795,0.851509995170798,537656000
2007-10-23,0.901935875415802,0.9092705658664779,0.8774105827772677,0.9092705658664779,294292000
2007-10-24,0.871451199054718,0.8824531806567861,0.8285891780546579,0.8824531806567861,565500000
2007-10-25,0.7953534722328186,0.8526555951200745,0.7699113156811009,0.844633278242736,806192000
2007-10-26,0.7884777188301086,0.8260679429020396,0.7770172979905193,0.8205668971809589,616580000
2007-10-29,0.7699117660522461,0.7735791114943664,0.7463032946626158,0.7614310604566151,813896000
2007-10-30,0.7981043457984924,0.8143781239705574,0.76326459641745,0.7761002763007013,525212000
2007-10-31,0.8109400868415833,0.8113984708359493,0.7779340347532185,0.8029177658166751,455188000
2007-11-01,0.8109400868415833,0.8272138662409915,0.787331562408816,0.798333597987468,587236000
2007-11-02,0.8421124219894409,0.8480718509764801,0.8107108238112098,0.8221712431525967,491844000
2007-11-05,0.8421124219894409,0.8622827928188359,0.8297351253826711,0.835006923744468,436636000
2007-11-06,0.8687006235122681,0.875576875257374,0.8462381683563668,0.850134760194759,554620000
2007-11-07,0.82744300365448,0.871680280400492,0.8205667523642729,0.8682421820791821,546768000
2007-11-08,0.7756418585777283,0.8343192653891417,0.7520333369531426,0.8194206943925749,996824000
2007-11-09,0.7646399736404419,0.7976460282488282,0.7483661929985259,0.7919157907010184,871056000
2007-11-12,0.6883134245872498,0.7699116732323242,0.6883134245872498,0.7644106830561361,715732000
2007-11-13,0.7490536570549011,0.7497412876437376,0.6883134104375778,0.6995446371917896,726696000
2007-11-14,0.7373639941215515,0.7754125925555266,0.7334674574924798,0.7680779578733377,666720000
2007-11-15,0.7275080680847168,0.7394269252200499,0.7105466049349921,0.7325506740991083,496436000
2007-11-16,0.7437817454338074,0.7458446368854158,0.7275079697091059,0.7334673974709224,423592000
2007-11-19,0.6935853958129883,0.7369058067222108,0.6896888578557696,0.7332384608072985,568412000
2007-11-20,0.6883134245872498,0.7077961641604184,0.6672262318230091,0.7066500949396023,622628000
2007-11-21,0.6809787750244141,0.6972526091817938,0.6718104393038137,0.6738733312352262,648452000
2007-11-23,0.6926683783531189,0.6956480926561964,0.6770821762564375,0.6857921271877677,141976000
2007-11-26,0.6766237616539001,0.7064209057416244,0.6752485550901185,0.6922099643034474,385896000
2007-11-27,0.7057333588600159,0.7077962509218005,0.6809788180613853,0.6862506168986605,458856000
2007-11-28,0.7529504299163818,0.7630355899018225,0.724528540892503,0.7279666946645852,574548000
2007-11-29,0.7591390013694763,0.7816014587869548,0.7485954033692391,0.7518043102438513,489084000
2007-11-30,0.722923994064331,0.7838934941236835,0.7206319100612394,0.7838934941236835,652656000
2007-12-03,0.7334674596786499,0.7469907692624074,0.7222362336863302,0.7334674596786499,490688000
2007-12-04,0.7327797412872314,0.739197552714825,0.7185688028649613,0.7366762774607813,371712000
2007-12-05,0.7708286643028259,0.7850396087910645,0.751345975118854,0.7607435043342051,666704000
2007-12-06,0.7864148616790771,0.7889361379817009,0.7621187574884852,0.7689950102982226,371152000
2007-12-07,0.7765588164329529,0.790540512691203,0.7685364949642625,0.7896236900041625,320292000
2007-12-10,0.7850393652915955,0.7942076996279367,0.7767878534593716,0.779079937043457,336360000
2007-12-11,0.7859562039375305,0.8164409763442972,0.7841225588916365,0.8017715973868077,582436000
2007-12-12,0.8130030632019043,0.8272140077627251,0.7971876650911264,0.819191685365339,617504000
2007-12-13,0.7907695770263672,0.808418614611156,0.767390303335467,0.803146817066663,500364000
2007-12-14,0.8038346171379089,0.8125445691127727,0.7818305998429809,0.7871023984994528,354016000
2007-12-17,0.7628061175346375,0.8029176053474062,0.7609724179808789,0.795353724476155,507408000
2007-12-18,0.7822890877723694,0.7907697936284203,0.766702882826646,0.7744959579757095,396896000
2007-12-19,0.7896236181259155,0.7969583082497613,0.7763295537549829,0.7795384601913194,253536000
2007-12-20,0.8061266541481018,0.8079603540268954,0.7854978993829058,0.8022301170461015,279940000
2007-12-21,0.8058974146842957,0.8228588233403739,0.7985627248963548,0.8157533801785221,433408000
2007-12-24,0.8201084136962891,0.8240049508445275,0.8058974717192621,0.8118569007627763,104008000
2007-12-26,0.8311103582382202,0.8311103582382202,0.8136905105049443,0.8217128310936271,215340000
2007-12-27,0.8054390549659729,0.83431937834174,0.8033762176622403,0.8297351557895992,241368000
2007-12-28,0.7974168062210083,0.8136905862504125,0.7905404995634084,0.804063811577366,262064000
2007-12-31,0.7797674536705017,0.8054388079210707,0.7795382617398499,0.7909986779860726,276236000
2008-01-02,0.7566173672676086,0.7850391863004968,0.746302966167145,0.7820594728558106,483964000
2008-01-03,0.7506580352783203,0.7761001440829778,0.7479075133977832,0.7609723830351791,475308000
2008-01-04,0.6876258254051208,0.7318631047639268,0.6830416576075606,0.7281957595963604,736092000
2008-01-07,0.6165712475776672,0.6979403182075035,0.6039647572222792,0.6922100804148005,1006800000
2008-01-08,0.6296359300613403,0.6713518714184772,0.6055690261040281,0.6200091575488993,1106956000
2008-01-09,0.6621838212013245,0.6624130679017516,0.6287193769946227,0.6381169069316045,741036000
2008-01-10,0.6484310030937195,0.658745405585739,0.6355953252881837,0.644076028295082,554432000
2008-01-11,0.6200093626976013,0.6463683588654852,0.6154251942029779,0.633074292090117,572612000
2008-01-14,0.6612670421600342,0.6621838650796807,0.6190926413802119,0.6291778027915402,539188000
2008-01-15,0.6126747727394104,0.6436179397678087,0.6019019267705227,0.6360540557085914,725692000
2008-01-16,0.5434534549713135,0.5812728549677384,0.5308469700899805,0.5741674134659392,1464472000
2008-01-17,0.5340560674667358,0.5666036823475123,0.5326808061278479,0.5519343555770923,1133900000
2008-01-18,0.5693540573120117,0.5723337712240139,0.5161777000867761,0.5356603818411215,920428000
2008-01-22,0.540932297706604,0.5542264172497946,0.5118228373465573,0.5150317439095373,709092000
2008-01-23,0.5507882237434387,0.5670620003986869,0.5138856406876925,0.5189281916609673,929880000
2008-01-24,0.5929624438285828,0.5931916903937571,0.5562891139287687,0.5615609105666242,597092000
2008-01-25,0.5718756914138794,0.6294071142697921,0.5691252223719311,0.6156546051172097,688012000
2008-01-28,0.5649992823600769,0.5755428807571678,0.5528512304652894,0.5698126975007655,577608000
2008-01-29,0.5824190378189087,0.5847111763222138,0.5601858298832281,0.5750844022691731,414484000
2008-01-30,0.5773763656616211,0.5860862606370795,0.5608733434846094,0.5730213908501027,530476000
2008-01-31,0.5636239647865295,0.5741675611117987,0.546204062468617,0.5647699793535781,588708000
2008-02-01,0.615654468536377,0.6188633756972384,0.5576646743621166,0.5624780351034088,593104000
2008-02-04,0.5964004397392273,0.6323861844679657,0.5931915351423497,0.6289480333659125,565128000
2008-02-05,0.5590397715568542,0.5847111877491874,0.5588105795610806,0.584481941105823,494928000
2008-02-06,0.5572062730789185,0.5805855568818968,0.5468918654857322,0.5649993494640428,557380000
2008-02-07,0.562707245349884,0.5785226442727345,0.5294719938718422,0.5411616626897593,664128000
2008-02-08,0.5727925300598145,0.5771474527415011,0.5501008751094075,0.5574355133692857,393932000
2008-02-11,0.5746259093284607,0.5870032046975607,0.570729372606783,0.5776056235240232,503732000
2008-02-12,0.5959422588348389,0.6041937703970186,0.5801268662279596,0.5833358268587272,609688000
2008-02-13,0.6193215250968933,0.6211552246708216,0.59410860679792,0.6005264186877173,742312000
2008-02-14,0.5182404518127441,0.6016723730009772,0.5168652457040541,0.6012139345330336,2184296000
2008-02-15,0.5104475617408752,0.5301594938569446,0.5021960489193125,0.5161777987119235,817364000
2008-02-19,0.5028836727142334,0.5207619593594892,0.49852869704717023,0.5198450821103051,558608000
2008-02-20,0.49921637773513794,0.5065510685787976,0.4861515040710397,0.48821439611724293,759016000
2008-02-21,0.48798510432243347,0.5067802137161288,0.4850053898582773,0.5042589378801464,644272000
2008-02-22,0.5115935802459717,0.5125104027690689,0.4882143053452779,0.49188159543766685,723052000
2008-02-25,0.511364221572876,0.5170944567198245,0.49784091471594144,0.5111350296542212,671784000
2008-02-26,0.5157194137573242,0.5235124887591761,0.5005916477845554,0.5083847227864073,565420000
2008-02-27,0.5237415432929993,0.5278672712959116,0.5099889891056155,0.5131979493829645,537816000
2008-02-28,0.5040296912193298,0.5200743327860206,0.5040296912193298,0.519157510177304,503608000
2008-02-29,0.4902772009372711,0.502425251100581,0.4882143636757365,0.49577824602827253,540576000
2008-03-03,0.4845472276210785,0.4930279362664006,0.4781293571275817,0.4895897816006676,449028000
2008-03-04,0.4797336757183075,0.48225500664425003,0.46093856302698605,0.48133812922703506,778888000
2008-03-05,0.4852345287799835,0.49669494546436105,0.4792751011745917,0.4843176517271714,644656000
2008-03-06,0.45474982261657715,0.48248407304741436,0.45406219205650805,0.4792751668654818,1075284000
2008-03-07,0.44810283184051514,0.46575189942272466,0.43549634328588194,0.44649835127937254,767500000
2008-03-10,0.42243149876594543,0.4481028615613661,0.421743868097533,0.4426018435378631,776100000
2008-03-11,0.4364131987094879,0.4407681471689968,0.4180765002740002,0.4354963487596262,857940000
2008-03-12,0.42449432611465454,0.4444354771258808,0.4208269810881822,0.44053894011262534,743320000
2008-03-13,0.4515409469604492,0.45795878708197596,0.41532599003727727,0.4178472658295881,1220528000
2008-03-14,0.41991016268730164,0.4542914475134277,0.41670122892614064,0.4538330362114889,1154972000
2008-03-17,0.4093666076660156,0.4235775507347997,0.39676011797873373,0.4015735054470377,800952000
2008-03-18,0.43480876088142395,0.4354963915804838,0.40707453216845985,0.41899336409823856,1075256000
2008-03-19,0.4047824740409851,0.43068303166052674,0.4047824740409851,0.42472362897494526,880476000
2008-03-20,0.42449432611465454,0.42541114870937546,0.4022610912928316,0.409595754021982,633460000
2008-03-24,0.45910489559173584,0.46162617174983245,0.43228748931197536,0.433891942744182,887440000
2008-03-25,0.4657517969608307,0.47446169185426257,0.45681265547850325,0.4611676302490081,735388000
2008-03-26,0.4508533179759979,0.462772175669056,0.4458107390494395,0.4595632692586446,721652000
2008-03-27,0.4444355070590973,0.4565835575382028,0.43710081651215316,0.4439770957308623,601308000
2008-03-28,0.4510825276374817,0.4627721657695364,0.4478735939719207,0.45245776150232747,561788000
2008-03-31,0.4536038935184479,0.4643767112145552,0.447873682966816,0.4558959777391006,569992000
2008-04-01,0.48133811354637146,0.4824841829567549,0.4604801639648083,0.467127224461279,676872000
2008-04-02,0.46666884422302246,0.4827134354449708,0.4630014981570563,0.4827134354449708,616536000
2008-04-03,0.457958847284317,0.46345986553611873,0.44443553465696084,0.4627722348391688,841984000
2008-04-04,0.4304538071155548,0.45108259123458394,0.4293077650713753,0.44879047982242726,1535528000
2008-04-07,0.44076815247535706,0.447415212227646,0.4373300266005235,0.44099737179653087,729496000
2008-04-08,0.43824687600135803,0.45245781901090204,0.43549638059827755,0.43549638059827755,639476000
2008-04-09,0.4469568133354187,0.45154098129597947,0.4391637114081875,0.4432894680374515,675232000
2008-04-10,0.45566675066947937,0.47010691293766865,0.4421434384133228,0.45177018593498525,1092184000
2008-04-11,0.4247235953807831,0.449707328249124,0.42197307262551803,0.44695683281765647,1106280000
2008-04-14,0.4105125963687897,0.4240359069961555,0.40799129329411987,0.4231190570945511,780004000
2008-04-15,0.4153260290622711,0.4169304824124624,0.4036363896238263,0.412575506377604,439916000
2008-04-16,0.43182891607284546,0.4373299326855335,0.42357743213949794,0.4311413129045754,646836000
2008-04-17,0.4258696436882019,0.4274740971031868,0.41165870032285495,0.4118879196637662,596968000
2008-04-18,0.435954749584198,0.4428310284094443,0.42999534801054995,0.4389344640329193,573540000
2008-04-21,0.45543745160102844,0.45841716580182434,0.43251658784617875,0.43251658784617875,679892000
2008-04-22,0.4469568133354187,0.4519993926272763,0.43733003875920395,0.4471860053391689,587668000
2008-04-23,0.468502402305603,0.47354500903411034,0.4471860153471761,0.4531454447587955,1020496000
2008-04-24,0.45727115869522095,0.4735449647262576,0.45039490724387493,0.4712528809091423,655764000
2008-04-25,0.46185538172721863,0.4630013963816426,0.44718600068792813,0.4616261350782601,552208000
2008-04-28,0.4536038935184479,0.46666879543520795,0.4517702206771658,0.4597925427732497,535700000
2008-04-29,0.4630013704299927,0.46873160732370406,0.44856123684904337,0.44856123684904337,573408000
2008-04-30,0.4710237979888916,0.47606635076561254,0.4652935597954524,0.46850246695292963,1068320000
2008-05-01,0.4927985668182373,0.49394458152930004,0.47446183961287935,0.4767539236825997,1014624000
2008-05-02,0.5161777138710022,0.5161777138710022,0.4987578684770258,0.5063217494329311,1131016000
2008-05-05,0.5033420324325562,0.5150316417274512,0.5021959633745336,0.5127395582589866,943392000
2008-05-06,0.5164070129394531,0.517553027594455,0.4941737493679396,0.5019668785418395,729036000
2008-05-07,0.5044882297515869,0.5246586043756477,0.5001332531882783,0.5177823514771817,715632000
2008-05-08,0.5031129717826843,0.5099892247295373,0.48156739014539834,0.508384771173365,1360000000
2008-05-09,0.5164070129394531,0.5370357685578165,0.5035713318473974,0.5044881545009174,2030352000
2008-05-12,0.5017377734184265,0.523054220349171,0.49669522007791284,0.523054220349171,1006652000
2008-05-13,0.49142321944236755,0.5042588989159343,0.487755874643122,0.5042588989159343,854108000
2008-05-14,0.5058635473251343,0.5189284238154266,0.4914234091732098,0.49761203200294796,751148000
2008-05-15,0.5450579524040222,0.54735003578412,0.502425135957108,0.5047172193372059,1165464000
2008-05-16,0.5594980120658875,0.5606440809340903,0.5416197311844373,0.5542262154968115,1091556000
2008-05-19,0.5478087067604065,0.5801270797385525,0.5439121141780527,0.5597275126056482,1158532000
2008-05-20,0.5335975885391235,0.5390985782685997,0.5274089682625148,0.532909957991991,771404000
2008-05-21,0.5292426943778992,0.5556016872313005,0.528096625074555,0.5349729315994355,1066660000
2008-05-22,0.54207843542099,0.5464334118191203,0.5283259301456714,0.536806636267358,693108000
2008-05-23,0.5297011137008667,0.5455165088358308,0.5219079848062241,0.5411615330781762,802672000
2008-05-27,0.5354311466217041,0.5361187770571774,0.5205325782657415,0.5306177882209662,832856000
2008-05-28,0.5404738783836365,0.5514758586369025,0.5342852576602258,0.5501006520909351,751736000
2008-05-29,0.5390985608100891,0.5416198363028685,0.5292425961504835,0.5407030138189107,693460000
2008-05-30,0.5661450624465942,0.5679787070360547,0.5528509479065087,0.5544554005841793,830244000
2008-06-02,0.5684373378753662,0.5727923135585906,0.5599566331458589,0.566145254039078,734660000
2008-06-03,0.5491836667060852,0.5711877321742646,0.5425366633256233,0.5702708551274076,840696000
2008-06-04,0.5556015372276306,0.5567475515739768,0.5340559101110336,0.537035623918142,831724000
2008-06-05,0.5695831179618835,0.5810435870724281,0.5631653077216426,0.57485491407961,827860000
2008-06-06,0.551476001739502,0.5633948623130237,0.5482670945535851,0.5627072315378128,784876000
2008-06-09,0.5429950952529907,0.5558307739215137,0.5319931161928748,0.5482668928248409,637916000
2008-06-10,0.5109062194824219,0.5290137061277197,0.5074680648957645,0.5283260752103882,1225208000
2008-06-11,0.4870685040950775,0.5232834781802467,0.4863808731626591,0.5109062306919441,999428000
2008-06-12,0.49004805088043213,0.5076970929975975,0.4859222667090871,0.4980703725596503,825992000
2008-06-13,0.48844364285469055,0.49646591063165035,0.47400350620856235,0.49073572716919345,705748000
2008-06-16,0.48179638385772705,0.48775581155473546,0.47789984758989346,0.4831716448105103,630496000
2008-06-17,0.47010692954063416,0.488901986579837,0.46896086015416777,0.4886727945615822,687912000
2008-06-18,0.45635437965393066,0.48133808471550127,0.4487904695469711,0.4652934964643429,1065272000
2008-06-19,0.45520830154418945,0.46529348750208255,0.4442062929191226,0.45887567418427366,784928000
2008-06-20,0.4529162645339966,0.457958871697917,0.44489396973077694,0.4451231890832458,741008000
2008-06-23,0.44351860880851746,0.45681272714704035,0.4396220719569053,0.4563543158686965,776616000
2008-06-24,0.45818793773651123,0.46873156054626125,0.4409973107423132,0.4409973107423132,1078928000
2008-06-25,0.46070918440818787,0.4687315033503669,0.45337452325041705,0.46529335104726816,900976000
2008-06-26,0.4371007978916168,0.45039491711067325,0.4371007978916168,0.44695679130968125,845532000
2008-06-27,0.4419142007827759,0.4444355040567299,0.42884932773545964,0.4389344861836837,584140000
2008-06-30,0.42907848954200745,0.4407681277913128,0.42609877515259686,0.43687159081614235,653940000
2008-07-01,0.4297661781311035,0.43022458948583636,0.4162428655617987,0.42403596788744835,881464000
2008-07-02,0.41326311230659485,0.4304537687613677,0.4125754816765967,0.4277032735651703,763196000
2008-07-03,0.2862817049026489,0.30095106663402127,0.28421883914414564,0.2975129388206418,2987520000
2008-07-07,0.27734237909317017,0.29247014125115534,0.2695492787327148,0.2906364689708252,2202692000
2008-07-08,0.275738000869751,0.2860524078503144,0.2704662013582011,0.2791761547458061,1805288000
2008-07-09,0.27092456817626953,0.28055131450248355,0.27092456817626953,0.2764255582701651,1413168000
2008-07-10,0.27023693919181824,0.275508737335388,0.2651943330313118,0.27229980365835715,1056992000
2008-07-11,0.26748642325401306,0.27413345474861356,0.25946410334939024,0.26473590108155187,807760000
2008-07-14,0.2553384304046631,0.27161224014461277,0.25350475746830525,0.2695493751685856,882316000
2008-07-15,0.2580888569355011,0.26336065440924056,0.24525317850585635,0.25304625141570397,1122484000
2008-07-16,0.2594641149044037,0.2663403659942012,0.25190023324086785,0.25900570362984243,1034392000
2008-07-17,0.2603810131549835,0.2635899199969062,0.25029582662188743,0.2635899199969062,862080000
2008-07-18,0.26496514678001404,0.2665695999913403,0.2512126165183469,0.2585473066109146,899720000
2008-07-21,0.26656970381736755,0.2729875464861476,0.2642776191016465,0.2690910079341828,571636000
2008-07-22,0.2608393430709839,0.2651942906143594,0.25579676504081506,0.26404824891096695,555924000
2008-07-23,0.2686325013637543,0.2713829965842227,0.26152703033073155,0.2626730722829097,594876000
2008-07-24,0.2528171241283417,0.26840330125852235,0.2521294934430489,0.2658819978537147,705628000
2008-07-25,0.26496514678001404,0.2658819693796878,0.25006657460685755,0.25533837286446764,1039600000
2008-07-28,0.2642776072025299,0.27298753419486593,0.260381068826007,0.2615271111322669,734808000
2008-07-29,0.2670280337333679,0.2736750937729307,0.2617562350326931,0.2647359497177525,764636000
2008-07-30,0.2631314992904663,0.27275827412187714,0.2571720698542403,0.27229983545463127,588492000
2008-07-31,0.262214720249176,0.267944931305572,0.2594641970830647,0.2624439122971509,487236000
2008-08-01,0.2484620064496994,0.25625510423678766,0.24525310151158072,0.255338254737481,881060000
2008-08-04,0.24250267446041107,0.24983736400656223,0.24181504389998534,0.24846210288571077,522052000
2008-08-05,0.25648438930511475,0.25648438930511475,0.24433634078496158,0.24708683563463224,685844000
2008-08-06,0.2633605897426605,0.2656526726620194,0.24892043456215904,0.25717194400136456,814864000
2008-08-07,0.2592350244522095,0.27275833995250304,0.25625530901493776,0.26106869759236156,819232000
2008-08-08,0.2521294355392456,0.2635898532494786,0.2512125857281523,0.26129776970743196,853764000
2008-08-11,0.2574012279510498,0.2635898479248035,0.25304625291485977,0.25396310270743216,1196436000
2008-08-12,0.2537339925765991,0.26015183459019414,0.25006664647631555,0.2594642037809157,1410868000
2008-08-13,0.2810097634792328,0.2851355202649055,0.2672572590761885,0.2739043192652717,2095260000
2008-08-14,0.29797112941741943,0.3092023550061524,0.278946830827354,0.278946830827354,1635304000
2008-08-15,0.297054260969162,0.3066810320763971,0.29499136973598883,0.3032428800211085,777652000
2008-08-18,0.30301374197006226,0.3057642367794926,0.2959082719988917,0.2991171780559286,893968000
2008-08-19,0.3075978457927704,0.3094315177296342,0.29682503341011546,0.29682503341011546,1014140000
2008-08-20,0.32272571325302124,0.32364253586676045,0.3098900327179031,0.312182116576046,1143692000
2008-08-21,0.3121821880340576,0.31951687991805017,0.3057643462974647,0.3169955761674526,1021560000
2008-08-22,0.3119528591632843,0.3181415066835137,0.30530582771596054,0.3144741620288438,459264000
2008-08-25,0.3073686957359314,0.31745387999673436,0.3064518732230365,0.31011921792219976,471600000
2008-08-26,0.3000340759754181,0.30920241169255125,0.29682514208014404,0.3089732196939004,613112000
2008-08-27,0.3023262023925781,0.30599354812434576,0.2904073424262331,0.29315786538695865,454620000
2008-08-28,0.3011801242828369,0.30599351156521887,0.29820040964725747,0.30278457760236543,365192000
2008-08-29,0.28971973061561584,0.297971217287318,0.2888028805473386,0.2970543945428396,516004000
2008-09-02,0.282384991645813,0.2970543443451612,0.27848845465453714,0.29453304123820934,693928000
2008-09-03,0.26725706458091736,0.27963432593043264,0.26473576301237417,0.27848828473087256,714856000
2008-09-04,0.2635899484157562,0.26702807497012426,0.2619854948218114,0.26427757919139006,716128000
2008-09-05,0.26748642325401306,0.2681740264733366,0.26106858372458985,0.26129777568976714,791100000
2008-09-08,0.25648438930511475,0.27000769891199916,0.25212944140345217,0.27000769891199916,1314840000
2008-09-09,0.24777454137802124,0.27115382300535573,0.24685771859113756,0.25556764436173274,1098296000
2008-09-10,0.24800370633602142,0.2557968076102845,0.24639925314901828,0.2507542014171402,644284000
2008-09-11,0.23608486354351044,0.2411274700520317,0.22829177544374551,0.23379277961192652,1066976000
2008-09-12,0.23356357216835022,0.23562643664084784,0.22026946711759643,0.23402198345959482,1209200000
2008-09-15,0.21316398680210114,0.22875017492596958,0.21041347819369036,0.22531203574998201,863984000
2008-09-16,0.2198110669851303,0.2214155340094539,0.20170358668405589,0.20560013774721445,1240840000
2008-09-17,0.2292085736989975,0.23425115204662994,0.21270555027214044,0.21476842820049757,1392580000
2008-09-18,0.24960818886756897,0.26175623983810836,0.2315007084175054,0.23195911976428482,1611060000
2008-09-19,0.26152703166007996,0.26358989625496804,0.24983739275892589,0.26152703166007996,1107344000
2008-09-22,0.25602588057518005,0.26702788310890985,0.25465062001204586,0.2594640046592343,700072000
2008-09-23,0.24869143962860107,0.26336079832492904,0.24777458934044005,0.2539632399831595,821468000
2008-09-24,0.2578597068786621,0.2629022864283191,0.2441072022938897,0.2454824363580883,866036000
2008-09-25,0.26290228962898254,0.26909093862651107,0.2535047337854599,0.25785971001793545,588328000
2008-09-26,0.26794496178627014,0.2697786349976709,0.2516711496053198,0.2564845110459665,646852000
2008-09-29,0.23150068521499634,0.2640482974311596,0.22920860138702961,0.260839391001524,975240000
2008-09-30,0.24548250436782837,0.24777458910030142,0.23264681893645717,0.23516812307169965,659044000
2008-10-01,0.23860614001750946,0.24617002160755375,0.2342511646420087,0.241815046232053,557208000
2008-10-02,0.21385163068771362,0.2402106082658671,0.21270557511641397,0.2402106082658671,787728000
2008-10-03,0.20697537064552307,0.22347839640469455,0.2056001230528913,0.21728976174500525,915828000
2008-10-06,0.17992879450321198,0.19757785174644804,0.1675515229337477,0.1971194403528679,1677440000
2008-10-07,0.16594702005386353,0.18680500721530047,0.1645717725069008,0.1863465959202786,1059984000
2008-10-08,0.1693851798772812,0.17924114686800957,0.1583831571867507,0.15998762423695465,1219456000
2008-10-09,0.15861232578754425,0.1780950632017593,0.1567786671526417,0.175573760378188,909636000
2008-10-10,0.1560910940170288,0.1680099410047156,0.14394304132344238,0.14485987780894144,1200252000
2008-10-13,0.18451295793056488,0.18474216362095003,0.1673223125612861,0.16938519109855152,916536000
2008-10-14,0.18038713932037354,0.1925351870476046,0.17534454754258733,0.19138914532472978,1209012000
2008-10-15,0.16090446710586548,0.18015799051544099,0.16090446710586548,0.17924115411566605,854064000
2008-10-16,0.17649057507514954,0.17740741111211233,0.15815389532157534,0.16571777554915101,1019820000
2008-10-17,0.17534461617469788,0.1854298036777408,0.16823915744408616,0.17144807825652703,839416000
2008-10-20,0.17878270149230957,0.18267925217450204,0.17442773951192844,0.18130400461803883,595764000
2008-10-21,0.16503022611141205,0.17717827781913958,0.1641133897003176,0.1753446049969507,659116000
2008-10-22,0.15884153544902802,0.16961433563182302,0.1544865742543617,0.1627380717663167,600996000
2008-10-23,0.14990240335464478,0.16227967090515608,0.1434845639570231,0.15838312067735164,832192000
2008-10-24,0.15150687098503113,0.15929995782761142,0.13683751979508355,0.13752515032838897,798336000
2008-10-27,0.15975837409496307,0.16915591345770067,0.14577664053276898,0.1505900266817349,698936000
2008-10-28,0.18382528424263,0.1840544898794561,0.16525939540747503,0.1682391096719039,849920000
2008-10-29,0.18978475034236908,0.2017035960977113,0.18176244217014115,0.18267927856084426,977284000
2008-10-30,0.19780698418617249,0.20170353423613133,0.18565893647438167,0.2005574925147131,657176000
2008-10-31,0.20078672468662262,0.20468327525201593,0.19115996475614805,0.19161838970249262,608672000
2008-11-03,0.19345207512378693,0.20880906019456713,0.19024315470537148,0.2051417147667217,723924000
2008-11-04,0.20582932233810425,0.20582932233810425,0.19482731461373992,0.20009911282789308,619560000
2008-11-05,0.1950565129518509,0.20399564218515787,0.1950565129518509,0.19826543288969142,787620000
2008-11-06,0.17465698719024658,0.19047237081300922,0.17419856215570453,0.18359611825197325,797936000
2008-11-07,0.19986997544765472,0.2078922857123123,0.18565904183991883,0.19895313881781648,1132068000
2008-11-10,0.1870342344045639,0.2085798546519573,0.182679271952683,0.20743379895861097,576396000
2008-11-11,0.17878270149230957,0.18565896659841996,0.1769490426376577,0.18428371904195676,576484000
2008-11-12,0.16823919117450714,0.1774075303842777,0.16617631211992817,0.17328177227511973,646092000
2008-11-13,0.18199168145656586,0.1822208871638828,0.15723713718072022,0.1604460580688594,797228000
2008-11-14,0.16434261202812195,0.17557382846197148,0.1636549812347002,0.17465700561994363,741024000
2008-11-17,0.16090446710586548,0.16709308889602245,0.15929999999078454,0.16273812624351602,388224000
2008-11-18,0.15563270449638367,0.1650302627172254,0.1503609042096628,0.16411342610276494,564488000
2008-11-19,0.14279694855213165,0.15815391667444384,0.14210931801609689,0.15425736640673968,500220000
2008-11-20,0.135233074426651,0.14875638596788546,0.133628621145161,0.1416509148764067,847036000
2008-11-21,0.14623506367206573,0.14623506367206573,0.13179491905941512,0.1395880190493068,599064000
2008-11-24,0.15586183965206146,0.15769551205059884,0.1466934913212709,0.15517420908713586,600308000
2008-11-25,0.16021676361560822,0.16319647714593236,0.15563259736088988,0.16273805232332467,528256000
2008-11-26,0.17442771792411804,0.17488614282746756,0.1565494609170831,0.15746628339999116,600792000
2008-11-28,0.1712188422679901,0.1741985570892015,0.16892675814764258,0.17167726728919902,175248000
2008-12-01,0.15654948353767395,0.16594702464054154,0.15632026422193043,0.16434257140172176,547112000
2008-12-02,0.16525942087173462,0.16732229924482445,0.15746631872366262,0.15952919709675245,479988000
2008-12-03,0.17374014854431152,0.17396935422767937,0.1574663264348058,0.15884158785881142,584632000
2008-12-04,0.16227971017360687,0.17878272390579295,0.15838315900291483,0.17030200453092126,466292000
2008-12-05,0.16869749128818512,0.16938512173967304,0.15448656669862235,0.15723706118078595,438484000
2008-12-08,0.16319651901721954,0.17534456817380206,0.15929996850383618,0.17190644260064436,707992000
2008-12-09,0.17901194095611572,0.18542978182464825,0.15929999333882372,0.16113366606180407,829760000
2008-12-10,0.19597333669662476,0.20055750384118814,0.1794703131171634,0.1824500272258879,961124000
2008-12-11,0.1877218335866928,0.2017035549536083,0.18542974990843078,0.19482730391882222,582700000
2008-12-12,0.19711942970752716,0.1982654717914861,0.1785535233559737,0.1822208689541617,679268000
2008-12-15,0.19070152938365936,0.199411451983167,0.18451289585393707,0.19826541025491048,476996000
2008-12-16,0.203537255525589,0.20399566685991583,0.19070157422165795,0.19253523322086363,521940000
2008-12-17,0.21362239122390747,0.21660210537201666,0.19711938108821161,0.19986987594654632,674180000
2008-12-18,0.19391046464443207,0.21293477799939875,0.1913891617087533,0.2122471474420507,550808000
2008-12-19,0.19528570771217346,0.20399563082082242,0.19459807717026587,0.19643174950742223,593120000
2008-12-22,0.18382528424263,0.19872384190287776,0.17671982752964174,0.19826543062922553,522464000
2008-12-23,0.18130406737327576,0.18886795204477577,0.17855355764641126,0.18497140001385987,377452000
2008-12-24,0.17694906890392303,0.18199166224200536,0.17328172332644526,0.1776366859532757,146616000
2008-12-26,0.17213565111160278,0.17924112167752215,0.1673222779612583,0.17694903792384412,226156000
2008-12-29,0.17763663828372955,0.17763663828372955,0.16319650651770434,0.17442771859551334,460168000
2008-12-30,0.18382528424263,0.18657579287023274,0.17580299132044083,0.1799287474308967,409860000
2008-12-31,0.18497134745121002,0.18955552902664696,0.178324301244199,0.18153322151605583,441580000
2009-01-02,0.199640691280365,0.20101593885392938,0.1842837213335203,0.18497133828935383,497124000
2009-01-05,0.20330806076526642,0.20789222900205426,0.19597338338926645,0.197348631127923,705736000
2009-01-06,0.21018432080745697,0.21614375066275282,0.20468331598974515,0.2092674843941884,657904000
2009-01-07,0.1975778341293335,0.20537093642052082,0.19047236252910354,0.20537093642052082,870096000
2009-01-08,0.1925351917743683,0.19505649455610719,0.18061634936672405,0.19505649455610719,1014496000
2009-01-09,0.18176241219043732,0.19253521409602065,0.18130400090164522,0.19253521409602065,761352000
2009-01-12,0.17442771792411804,0.18267922956545446,0.17190642877232992,0.18176239342065093,645532000
2009-01-13,0.17534461617469788,0.18199167716338993,0.16525944233355527,0.16846836314599617,1824424000
2009-01-14,0.16755151748657227,0.1712188495016869,0.16503022758004968,0.1691559709738413,974908000
2009-01-15,0.17351092398166656,0.17626141920660504,0.16503020532462706,0.16846833118674903,998204000
2009-01-16,0.1831376999616623,0.18474215336720584,0.17259410217015136,0.17832431242123387,831324000
2009-01-20,0.16525942087173462,0.18336690122335714,0.1638841595150757,0.18267927054502767,705788000
2009-01-21,0.1732817143201828,0.17442775633810464,0.16227970548337384,0.16846834057729082,648472000
2009-01-22,0.1700727939605713,0.1746569756947757,0.16388415886581922,0.16778070992441835,547656000
2009-01-23,0.1767197996377945,0.18199159676222484,0.1650301637237876,0.16525936932443797,633616000
2009-01-26,0.18267926573753357,0.1879510643675942,0.17465697179033587,0.17763667277358466,581748000
2009-01-27,0.19345207512378693,0.1948273364901783,0.18497135589926764,0.18565898658246333,725300000
2009-01-28,0.2014743536710739,0.2046832736223497,0.1939104719046308,0.20032831180718233,723752000
2009-01-29,0.18978475034236908,0.19711942780609487,0.18886791395166594,0.19482734366028664,413128000
2009-01-30,0.18222081661224365,0.1934520285413178,0.17992873310271404,0.1884094502851108,506760000
2009-02-02,0.19207681715488434,0.19413969543233442,0.1785535055207003,0.17947034182866675,577992000
2009-02-03,0.19436891376972198,0.19597338082877394,0.18726344216601823,0.1925352410342051,396948000
2009-02-04,0.19986997544765472,0.20972595897198879,0.1948273944763985,0.1948273944763985,779232000
2009-02-05,0.21453924477100372,0.2168313285591974,0.19253521581292982,0.19459809395468353,919192000
2009-02-06,0.22622890770435333,0.22760415539494466,0.21155955346505065,0.21522689885582558,1157880000
2009-02-09,0.22324924170970917,0.22852104161299394,0.2170606189205501,0.22531212052672936,716128000
2009-02-10,0.21362239122390747,0.22599965907210132,0.20949663527450954,0.22301994492399216,1129664000
2009-02-11,0.18680503964424133,0.2037664790948723,0.18015799274112904,0.1966610071552595,1983400000
2009-02-12,0.19070152938365936,0.1918475711119159,0.18015793455418325,0.1826792236239686,1024020000
2009-02-13,0.19047239422798157,0.19276449235866303,0.18497138877052852,0.1863466503813176,764304000
2009-02-17,0.17947033047676086,0.18772184306463427,0.17878269987380574,0.18336688112367822,779576000
2009-02-18,0.18428374826908112,0.1902431644001742,0.1792411548797721,0.17947036056521812,646252000
2009-02-19,0.1700727939605713,0.18955553559166835,0.1700727939605713,0.18795106856922217,743988000
2009-02-20,0.17442771792411804,0.17717822635852867,0.1661762199446771,0.16778067295166169,770056000
2009-02-23,0.16640542447566986,0.1783242669562724,0.16525938271764434,0.1774074308174729,679548000
2009-02-24,0.18130406737327576,0.18153327310170567,0.16709312094399537,0.16732234033432716,659524000
2009-02-25,0.18336686491966248,0.18886786827149213,0.17465694180744085,0.1808455620395643,702360000
2009-02-26,0.18932633101940155,0.19574417228575755,0.18703424680454578,0.18978475605951245,1117556000
2009-02-27,0.18978475034236908,0.1941397129517845,0.1831377035871454,0.18451295134225051,755444000
2009-03-02,0.17374014854431152,0.18909712059654735,0.1730525178323087,0.18520058299359604,700064000
2009-03-03,0.18061640858650208,0.18749267500902161,0.17121885221746863,0.1769490765132182,1041372000
2009-03-04,0.19391046464443207,0.19941146811752805,0.1838252802255093,0.18542974697202275,1108668000
2009-03-05,0.18932633101940155,0.19895309291893554,0.1884095082629789,0.191160003856046,955252000
2009-03-06,0.1923060268163681,0.19918229243819402,0.18680502251604628,0.18932631216897347,974756000
2009-03-09,0.19024313986301422,0.2053709180797923,0.18978472855124712,0.19093077049256246,682768000
2009-03-10,0.2074337601661682,0.21110110491048506,0.1952857114398849,0.19711938381204333,1254800000
2009-03-11,0.21316398680210114,0.27161216152734097,0.20399563843596152,0.20743376395005275,864916000
2009-03-12,0.2257704734802246,0.22806255728621314,0.20972587317640776,0.21247636827883515,1604604000
2009-03-13,0.22462445497512817,0.2278333753701472,0.21889423120137372,0.22256157660248035,1195156000
2009-03-16,0.21591445803642273,0.2271456832099589,0.21408079949408823,0.22691647759990394,699344000
2009-03-17,0.22668732702732086,0.2271457383587286,0.21385164580512694,0.21660214111736956,1005384000
2009-03-18,0.2337927669286728,0.24043982636394076,0.22301996483751396,0.22324917048585835,1359560000
2009-03-19,0.2310422658920288,0.23539721408443748,0.22943781273292002,0.23539721408443748,822648000
2009-03-20,0.21843576431274414,0.2347095814836818,0.2124763363822747,0.2344803622079752,1093672000
2009-03-23,0.2342512011528015,0.23470963981815451,0.22026949129256057,0.2253120706972709,816048000
2009-03-24,0.22416600584983826,0.2305838596112441,0.22301996395077575,0.22852096779865513,1114868000
2009-03-25,0.22783337533473969,0.23837695920653626,0.21912343683941435,0.23104229572926002,1243852000
2009-03-26,0.24204429984092712,0.24250271117601827,0.22897941284805043,0.23150070251484822,1333664000
2009-03-27,0.23975221812725067,0.2454824281800078,0.2360848727639674,0.23952299879562167,731892000
2009-03-30,0.22439523041248322,0.23356359370161697,0.22118631009223552,0.23058387904812305,780052000
2009-03-31,0.22599969804286957,0.23150070237001294,0.22439523104725784,0.22783337070588344,805272000
2009-04-01,0.23172993957996368,0.23379280440765537,0.21476848663115997,0.22324920627461214,887920000
2009-04-02,0.24250267446041107,0.24685764979391236,0.23700168462459012,0.2404398101029263,1002860000
2009-04-03,0.2594641149044037,0.260151745478142,0.2386061423358341,0.24273189845447118,1003208000
2009-04-06,0.260151743888855,0.2624438275714516,0.251671039728006,0.2551091652519009,887288000
2009-04-07,0.25121253728866577,0.2578595946731718,0.2496080845833663,0.2551091004178319,607804000
2009-04-08,0.26152703166007996,0.2622146622996412,0.251900257353814,0.25396314927249763,731652000
2009-04-09,0.2759671211242676,0.27688394361274404,0.26611115641608535,0.268174020677053,904412000
2009-04-13,0.2670280337333679,0.27275827109620326,0.26106863168704586,0.272529051765123,767628000
2009-04-14,0.2686325013637543,0.275050341760711,0.2622146609667975,0.2633607029189757,711960000
2009-04-15,0.2610686123371124,0.2622146542599776,0.2500665770890532,0.2592349397957692,1045368000
2009-04-16,0.26771557331085205,0.2709245062351315,0.2557967459498695,0.26588190125751915,1038772000
2009-04-17,0.26954928040504456,0.272070583221615,0.26129776875426053,0.267715608113338,695764000
2009-04-20,0.2532755732536316,0.26152708806027347,0.2519003116779241,0.259235003649962,590660000
2009-04-21,0.25258776545524597,0.26313135728337433,0.24616992813915836,0.24983727155514623,932184000
2009-04-22,0.260151743888855,0.2706953397583167,0.2461700224954983,0.2502957785889308,916404000
2009-04-23,0.25602588057518005,0.26496501958798985,0.24800359104572023,0.26267293686528703,753952000
2009-04-24,0.2619853913784027,0.26381906361481106,0.2523586189682066,0.25854726618155843,759508000
2009-04-27,0.25258776545524597,0.26588185118347407,0.25098331295716964,0.2585471916752807,787024000
2009-04-28,0.2532755732536316,0.25854737286210827,0.2470869234867494,0.24937903522086236,634392000
2009-04-29,0.2493790239095688,0.25556764607194693,0.246399308846557,0.2544216039187732,859668000
2009-04-30,0.2631314992904663,0.27046616275703883,0.252129490428709,0.25419235513612726,1110276000
2009-05-01,0.26748642325401306,0.2736750434944673,0.26221462552185143,0.2624438174870287,840548000
2009-05-04,0.28192663192749023,0.2839894967932596,0.2684033186529827,0.27207066432968285,927704000
2009-05-05,0.270466148853302,0.27757161994478075,0.2647359390452694,0.2757379473414512,837076000
2009-05-06,0.26496514678001404,0.27596715459507104,0.259693348522404,0.2734458514602766,935088000
2009-05-07,0.24594083428382874,0.27092459330006513,0.242502708325366,0.27092459330006513,1289196000
2009-05-08,0.2120179682970047,0.24066903106275886,0.2088090480649932,0.24066903106275886,2930564000
2009-05-11,0.21614371240139008,0.22141551059805561,0.20674615790629958,0.20857983040824335,1038596000
2009-05-12,0.20582932233810425,0.22095708637457948,0.20170356602599335,0.22095708637457948,1201384000
2009-05-13,0.1925351917743683,0.20560008959491813,0.190930738787712,0.20445404784390783,1305608000
2009-05-14,0.19528570771217346,0.19941146363982737,0.19093074615784897,0.19230599357976833,1017864000
2009-05-15,0.2003282904624939,0.20720454091318893,0.1943688624757087,0.1966609459592737,780308000
2009-05-18,0.21247641742229462,0.21385167895348833,0.20491253364833045,0.20537095871269512,938320000
2009-05-19,0.21660210192203522,0.2191233911123329,0.21041346809650924,0.2138516071075097,859768000
2009-05-20,0.22301998734474182,0.23493883254237247,0.21958186128690774,0.22049869763470986,1309436000
2009-05-21,0.22164471447467804,0.22462442885105846,0.21545608007647957,0.22026946694015515,965600000
2009-05-22,0.2250828891992569,0.22829180992046647,0.21751900561797005,0.22164476278265377,718260000
2009-05-26,0.23723095655441284,0.23906462955899152,0.22072794049890715,0.2230200249236801,865540000
2009-05-27,0.23768927156925201,0.24479474133363252,0.23379273509231036,0.23608481858742789,814152000
2009-05-28,0.24089819192886353,0.24296105603424925,0.2305838167543568,0.24135660313852825,995288000
2009-05-29,0.2390645444393158,0.24158584733836894,0.23081303251858906,0.24112743608139345,834232000
2009-06-01,0.2507542371749878,0.2521294985735581,0.24089827001536165,0.24181509273187657,1022764000
2009-06-02,0.24869143962860107,0.256255324717854,0.24410727015921208,0.250754304960304,907984000
2009-06-03,0.24089819192886353,0.24639920841620724,0.2349387642318551,0.24548235867308876,735688000
2009-06-04,0.24960818886756897,0.2500666002143484,0.24135667533035046,0.24158589466563882,673180000
2009-06-05,0.24823293089866638,0.2541923604597013,0.24525324344194654,0.2541923604597013,559992000
2009-06-08,0.24685771763324738,0.2502958440564202,0.24066906821249637,0.24639930624158432,473948000
2009-06-09,0.2603810131549835,0.2631315086371741,0.24846215385916107,0.25029582662188743,725032000
2009-06-10,0.2686325013637543,0.27023695463204456,0.25602601256599916,0.2617562223268899,833320000
2009-06-11,0.2651943564414978,0.2796345182771594,0.26358990312324526,0.2693201130625731,835156000
2009-06-12,0.2638191878795624,0.2647360107677156,0.2553384532070316,0.2612978839514365,595000000
2009-06-15,0.2594641149044037,0.2624438291747412,0.25487994751120535,0.25900570362984243,445164000
2009-06-16,0.25235873460769653,0.2626731422484374,0.24869141577817794,0.2594642075333306,594912000
2009-06-17,0.2585473656654358,0.26106866937611845,0.24639931316416602,0.25625528131892455,799016000
2009-06-18,0.25350481271743774,0.2624439599839649,0.250754316375355,0.25763057089246516,566376000
2009-06-19,0.2562553286552429,0.2626731714757594,0.252817201500374,0.25602610924872937,747564000
2009-06-22,0.24181516468524933,0.2571721546849119,0.2408983416959289,0.2571721546849119,574864000
2009-06-23,0.24066905677318573,0.24456562172661278,0.23127150073367136,0.24410721035673863,589764000
2009-06-24,0.24869143962860107,0.2544216514653373,0.2436488313532289,0.2436488313532289,515096000
2009-06-25,0.26175618171691895,0.26221462028570247,0.24387792457188978,0.24639922740503423,870444000
2009-06-26,0.2651943564414978,0.266111206426068,0.2583181045143044,0.2606101884900356,513956000
2009-06-29,0.2651943564414978,0.27000774372005165,0.2624438611353797,0.26588198709897637,510056000
2009-06-30,0.2587765157222748,0.26794487894465835,0.2539631557697942,0.26427753365570494,589844000
2009-07-01,0.25992250442504883,0.2633606570059883,0.25556755669550996,0.26038094298503456,696420000
2009-07-02,0.24983735382556915,0.25465071290481767,0.24639922848733825,0.25144180685198536,552312000
2009-07-06,0.24181516468524933,0.2498374887989303,0.23768940658569532,0.24960826938969718,752456000
2009-07-07,0.23127144575119019,0.2441071523226961,0.23058384252174904,0.2427318912162296,1072996000
2009-07-08,0.23172993957996368,0.2333343930374793,0.22256158921934802,0.23264676232031584,1205860000
2009-07-09,0.23677262663841248,0.24066916603707114,0.23493895300262868,0.235626584031524,714564000
2009-07-10,0.23768927156925201,0.23929375187486673,0.23172987087622082,0.23677244910072123,520008000
2009-07-13,0.24043969810009003,0.24250256149664132,0.2280624357494432,0.24250256149664132,556012000
2009-07-14,0.24548250436782837,0.24639935465510077,0.2395230731338763,0.24227359667188822,452568000
2009-07-15,0.25556764006614685,0.26061021995685146,0.2521295136874211,0.25442159793990493,1022808000
2009-07-16,0.2688617408275604,0.2697785909454505,0.25694290788539204,0.2583181420765267,952076000
2009-07-17,0.27665480971336365,0.27757163239425137,0.2661112122641704,0.2688617076306305,850356000
2009-07-20,0.2800929844379425,0.2830726996544548,0.27527959621713016,0.2789469422257302,782756000
2009-07-21,0.2743627727031708,0.28055139516916044,0.26794493086578086,0.27940535295976227,941296000
2009-07-22,0.28123894333839417,0.28376024638789316,0.267028002257645,0.26886167471875394,600908000
2009-07-23,0.29797112941741943,0.2988879792153232,0.27871761154693037,0.28169732557348365,1046120000
2009-07-24,0.297054260969162,0.2979710833013813,0.2869690786958172,0.2888027506840423,650592000
2009-07-27,0.2984295189380646,0.3027844659601494,0.2915532422170163,0.2943037638349501,677484000
2009-07-28,0.2988879680633545,0.30209687392681145,0.29384536267250827,0.2963666653679314,563180000
2009-07-29,0.29292863607406616,0.2972836123979659,0.2899489211837766,0.29544993959441856,373972000
2009-07-30,0.2952207326889038,0.3018677934664121,0.29269942906229723,0.29797122834823836,468444000
2009-07-31,0.29636669158935547,0.30049244758153865,0.28834439889714075,0.29522064977618195,541560000
2009-08-03,0.30438894033432007,0.3078270926012372,0.29774190970711945,0.30347211794566764,471900000
2009-08-04,0.3064519464969635,0.3117237455160976,0.2986588439788266,0.29911725534488204,695380000
2009-08-05,0.30713951587677,0.309431599573151,0.3009508680375071,0.30461821288123375,610768000
2009-08-06,0.300721675157547,0.31378654672285955,0.2988880027411995,0.3082855567976099,957588000
2009-08-07,0.31424495577812195,0.32616378437822124,0.3098899807832268,0.31699545048217714,1401872000
2009-08-10,0.3039306104183197,0.32112126705494587,0.30209693782685865,0.316537099238191,693312000
2009-08-11,0.2968251407146454,0.30645191503238534,0.29522068743628727,0.3018677471949075,481884000
2009-08-12,0.3078272342681885,0.3110361414290499,0.29682519659831874,0.2970544159628663,634940000
2009-08-13,0.31699562072753906,0.318141663080037,0.3046183469262786,0.3101193666125516,564028000
2009-08-14,0.3075978457927704,0.3169953973918311,0.30347209076577336,0.3165369862385616,427148000
2009-08-17,0.29476219415664673,0.2991171414618094,0.2915532611684007,0.2982003190787608,465032000
2009-08-18,0.30553507804870605,0.3089732313966511,0.29453306930667217,0.29476228863780074,636200000
2009-08-19,0.3020968735218048,0.30393054572294603,0.29797111790018443,0.30095083181156523,552996000
2009-08-20,0.3140156865119934,0.31539094730698375,0.3000339686168066,0.3007215990143018,819840000
2009-08-21,0.31928759813308716,0.3197460094552721,0.31011926239420495,0.31653710287618164,607324000
2009-08-24,0.31034839153289795,0.3208919864265449,0.3085147192917693,0.31745386122085006,461456000
2009-08-25,0.3130989670753479,0.31630787355298745,0.30668112679627385,0.3119528978204253,444088000
2009-08-26,0.31676626205444336,0.3174538926283716,0.31126527211060345,0.3124113139592195,434308000
2009-08-27,0.32112133502960205,0.3224965692714595,0.31470349326286357,0.31814161985320905,551072000
2009-08-28,0.33762431144714355,0.34450056354687514,0.3293727979979469,0.32983120933983623,883992000
2009-08-31,0.3328108489513397,0.33533215174851216,0.32845587387656827,0.3337276714282438,431796000
2009-09-01,0.32157957553863525,0.3419791321941959,0.3197459035335374,0.3325815802454359,736856000
2009-09-02,0.32616397738456726,0.32937291254133255,0.32020454589615055,0.32203821922518694,404656000
2009-09-03,0.3339570462703705,0.3344154577223558,0.32524711938743506,0.3261639422914057,534020000
2009-09-04,0.34633418917655945,0.3486262728983432,0.33258165952206376,0.33258165952206376,513048000
2009-09-08,0.3559609055519104,0.3559609055519104,0.3461049409083554,0.3488554356795405,549712000
2009-09-09,0.3658168613910675,0.3665044918982618,0.35023068829775517,0.3552732664775294,571684000
2009-09-10,0.3775064945220947,0.37796493307180995,0.3628371440259596,0.3669628997068661,607952000
2009-09-11,0.3740684688091278,0.37796503357508776,0.3713179733984128,0.37658977220783163,712732000
2009-09-14,0.3678797781467438,0.37154712288747505,0.3646708446676558,0.3685674087011049,490516000
2009-09-15,0.3754436671733856,0.3800278345299097,0.3678797855703623,0.3713179110877554,546136000
2009-09-16,0.36535853147506714,0.37521449807495505,0.35985754084079297,0.37452686741472163,707064000
2009-09-17,0.34931397438049316,0.3644417409442918,0.3431253252165217,0.3644417409442918,923096000
2009-09-18,0.3488554358482361,0.35527327519996543,0.34610494107572093,0.35275199971007276,604740000
2009-09-21,0.34725093841552734,0.35321036576338033,0.34174994957426885,0.3447296359244078,588776000
2009-09-22,0.3479386568069458,0.3518351938314907,0.3451881616910197,0.34977232932549474,361388000
2009-09-23,0.3424376845359802,0.35298128241909815,0.3419792731766703,0.3500015675978867,478936000
2009-09-24,0.33785349130630493,0.3481678964087727,0.33670744933089697,0.3481678964087727,552876000
2009-09-25,0.33235251903533936,0.3376243178769573,0.3298312156212359,0.33601983716409284,377556000
2009-09-28,0.33991628885269165,0.3483969916506389,0.33349845010804907,0.33349845010804907,467708000
2009-09-29,0.33372756838798523,0.34610483194738567,0.33303993808072146,0.34197907742758554,470928000
2009-09-30,0.3445005714893341,0.34862632830905177,0.3330401237350973,0.3406040066839467,875956000
2009-10-01,0.31997522711753845,0.3433545049893825,0.31974600779573775,0.3433545049893825,999960000
2009-10-02,0.31745389103889465,0.32433014209616196,0.31493258805504615,0.31676626046840933,612476000
2009-10-05,0.3158493936061859,0.32203801322463077,0.3103483771379546,0.32089197154255616,754276000
2009-10-06,0.32112133502960205,0.3266223266446343,0.3174539890703797,0.31974607346394335,761272000
2009-10-07,0.3185998797416687,0.3222672239567092,0.3151617547864889,0.31882909900152934,459608000
2009-10-08,0.32066288590431213,0.3213504892824751,0.3092024379604907,0.32043366656239247,1241524000
2009-10-09,0.32478854060173035,0.3252469518175385,0.3183707016090484,0.3188291128248565,618540000
2009-10-12,0.32112133502960205,0.32730995742746366,0.319058442681114,0.3192876620499909,499008000
2009-10-13,0.31997522711753845,0.32662225956421054,0.31699551255310776,0.32295494168196914,602124000
2009-10-14,0.31951674818992615,0.3323524263713087,0.31791226792441096,0.3323524263713087,1101948000
2009-10-15,0.31011924147605896,0.32203807166789844,0.30805634967967904,0.31905835728899007,1092196000
2009-10-16,0.30301374197006226,0.30713949784610345,0.29751272502741016,0.3062226480270991,1018832000
2009-10-19,0.3140156865119934,0.3165369888615471,0.3030136821234284,0.3055349571491961,695588000
2009-10-20,0.31424495577812195,0.3215796174301992,0.3117236530271937,0.3192875339561882,660180000
2009-10-21,0.30668118596076965,0.31791238812301054,0.3050767050886208,0.31309902747796453,503956000
2009-10-22,0.30874398350715637,0.3103484367052567,0.29980484027695037,0.3050766384911035,379328000
2009-10-23,0.30140942335128784,0.31286984627103875,0.299575750219367,0.31286984627103875,429528000
2009-10-26,0.2975127398967743,0.30828555503479316,0.295908286788067,0.30370138768203375,481652000
2009-10-27,0.2874276638031006,0.3004925675482608,0.2844479757582916,0.2961376178490761,591836000
2009-10-28,0.2755087614059448,0.28742759260416606,0.27413350009223625,0.2810097520131865,773632000
2009-10-29,0.2876567542552948,0.2890320152932608,0.27734237844192233,0.27986365391313894,637100000
2009-10-30,0.27413350343704224,0.28742759611117824,0.2727582694303502,0.28628155411036993,604144000
2009-11-02,0.27665480971336365,0.2826142391105245,0.2688617076306305,0.2736750950147832,593136000
2009-11-03,0.27527958154678345,0.2766548430576677,0.2649652021865522,0.26771569788452043,876472000
2009-11-04,0.2745918333530426,0.2803220689818017,0.2734457916920485,0.2773423551984593,916840000
2009-11-05,0.28123894333839417,0.2839894383681608,0.27688396782778624,0.27780081772023746,955156000
2009-11-06,0.30163848400115967,0.30782713154067215,0.2952206444973859,0.2988879891634828,1641112000
2009-11-09,0.3085148334503174,0.31286981004992676,0.3055351183713847,0.3057643377327643,818124000
2009-11-10,0.30095094442367554,0.30966087014540034,0.2970544066155828,0.30966087014540034,781472000
2009-11-11,0.30943161249160767,0.31676627516148287,0.30553504818604804,0.30599348680349797,871512000
2009-11-12,0.3085148334503174,0.3174539786871154,0.3075980106523998,0.3121821792895884,505864000
2009-11-13,0.31080684065818787,0.3124113211421749,0.3069103037480627,0.30828556492753917,388524000
2009-11-16,0.3151618242263794,0.3188291692494493,0.3119528905002446,0.31355737102520914,402820000
2009-11-17,0.3147033751010895,0.31539100562573397,0.3087439469858918,0.31539100562573397,350124000
2009-11-18,0.30989009141921997,0.3128698064640009,0.3046182920821152,0.31172376431783905,455516000
2009-11-19,0.2975127398967743,0.3032429490877236,0.29201175000298,0.3032429490877236,833840000
2009-11-20,0.2956790030002594,0.2970542638356457,0.2899487950591278,0.2906364254768209,426748000
2009-11-23,0.29797112941741943,0.30553501046211906,0.29659589570625,0.30003402096985976,390924000
2009-11-24,0.2961374819278717,0.2986587573719413,0.29132409567060813,0.29659589316099433,418504000
2009-11-25,0.29957568645477295,0.3037014432924779,0.2975127943740216,0.29957568645477295,441760000
2009-11-27,0.2931578755378723,0.2965960020340285,0.287198445348348,0.28880289891512745,279932000
2009-11-30,0.2993464767932892,0.2995756961398268,0.29109496285111414,0.2943038970836483,509836000
2009-12-01,0.3053058981895447,0.3087440243504966,0.29934646858104225,0.30095092199139356,461936000
2009-12-02,0.31447431445121765,0.3151619453227296,0.3041599333499526,0.30599360656604957,602292000
2009-12-03,0.31699562072753906,0.32387187484252655,0.3165372092513009,0.318141663080037,660036000
2009-12-04,0.3268515169620514,0.3282267784054731,0.31791237222740815,0.3229549793040884,824564000
2009-12-07,0.3687966465950012,0.3770481596272829,0.3461049994181244,0.36329565612267717,2732184000
2009-12-08,0.35091841220855713,0.3644417247035637,0.34885552013789634,0.3628372439851172,1075512000
2009-12-09,0.3596283793449402,0.36237887510438693,0.3511476453779283,0.35458579923198774,671588000
2009-12-10,0.3532103896141052,0.36444161463210156,0.352064347917807,0.3621495312395051,417012000
2009-12-11,0.3486263155937195,0.3566486096024325,0.34770946559844573,0.3561901982666939,416744000
2009-12-14,0.35916993021965027,0.360315972276048,0.34977237442767006,0.3536689119546626,405488000
2009-12-15,0.35871151089668274,0.3646709130633438,0.3557317961514535,0.3566486188466945,446152000
2009-12-16,0.38759177923202515,0.3917175359893195,0.3694842988316213,0.3715471908721671,1683400000
2009-12-17,0.38575807213783264,0.40065664446765425,0.38002786252013,0.388737786603797,1016132000
2009-12-18,0.3855288028717041,0.39034216159150403,0.3809446087726067,0.3889669279531852,812828000
2009-12-21,0.39928138256073,0.4008858357862389,0.3873625520406423,0.3878209633445313,427792000
2009-12-22,0.40982499718666077,0.41395075375063567,0.39882298879065975,0.3992814001147023,793044000
2009-12-23,0.4155551791191101,0.41670122101409424,0.40844970844069106,0.4137215066223768,442196000
2009-12-24,0.41463837027549744,0.4173888654498634,0.4130339170341002,0.4167012348253232,136812000
2009-12-28,0.4079912602901459,0.4176180331973795,0.4038655043761588,0.4139506885352151,465760000
2009-12-29,0.4130338728427887,0.41417991465314014,0.4056991833975057,0.4066160332400621,475848000
2009-12-30,0.42793235182762146,0.43045365435959576,0.41395063292083306,0.4169303466430423,704008000
2009-12-31,0.42816171050071716,0.4343503318934702,0.42770329916121635,0.4288493411718668,700340000
2010-01-04,0.423806756734848,0.42678647158386734,0.41509683153148325,0.424265168098436,800204000
2010-01-05,0.4299953281879425,0.43457949564424875,0.42220222711794586,0.42220222711794586,728648000
2010-01-06,0.4327458143234253,0.4336626368663696,0.4256403439823324,0.42976610007316723,649168000
2010-01-07,0.42426514625549316,0.4322874676623525,0.42105623955178695,0.4304537949786074,547792000
2010-01-08,0.42518192529678345,0.42816163949508296,0.41830567437322713,0.42082694998425574,478168000
2010-01-11,0.4192226529121399,0.4293078410807918,0.4132632222977637,0.4274741680206912,556612000
2010-01-12,0.40501150488853455,0.41463827681460036,0.3963015826964596,0.41303382393485233,627432000
2010-01-13,0.4105125963687897,0.41188785755929935,0.391946706915878,0.40776210131156415,508868000
2010-01-14,0.40409478545188904,0.40844973399578294,0.39721853365176446,0.4054700467414323,608524000
2010-01-15,0.39217597246170044,0.4045532435265998,0.3869041733409358,0.4011151172292054,818192000
2010-01-19,0.39951059222221375,0.40203186799458546,0.38805014595910997,0.38919618785304094,545328000
2010-01-20,0.3979061245918274,0.39951060515430276,0.3891962004512544,0.39446799879874295,719728000
2010-01-21,0.3908006548881531,0.40478237644151666,0.3871333100245122,0.3976769060146349,608632000
2010-01-22,0.37727728486061096,0.3933218682813454,0.37498520151479175,0.3862163989797904,1067916000
2010-01-25,0.38369524478912354,0.3910299083458308,0.3807155300343932,0.3834660254526837,643676000
2010-01-26,0.37154707312583923,0.38438275067551264,0.371317853863821,0.38186144808846617,714636000
2010-01-27,0.38163238763809204,0.3830076491349226,0.3671922512165707,0.37131800838326245,812504000
2010-01-28,0.3687966465950012,0.38598730329955394,0.36352484812014324,0.38461204201957516,687764000
2010-01-29,0.35275202989578247,0.37704812833361334,0.3472510125562279,0.3729223721598958,774700000
2010-02-01,0.37979862093925476,0.380486251517824,0.35114754720668806,0.35412726149795914,949832000
2010-02-02,0.38369524478912354,0.38850863226398,0.3772774039305806,0.3784234459651848,849812000
2010-02-03,0.38690415024757385,0.38850863094962956,0.3784234446849532,0.38025711739887597,562296000
2010-02-04,0.3644416332244873,0.3834659318183412,0.36031587744257587,0.3834659318183412,783480000
2010-02-05,0.37177637219429016,0.37269322218277195,0.357565429625092,0.3639832975730753,604856000
2010-02-08,0.37108874320983887,0.38002788718797725,0.36375407988784086,0.3706303318754259,445160000
2010-02-09,0.36810898780822754,0.3788818032554814,0.36444167021502477,0.3770481307969833,930144000
2010-02-10,0.375214546918869,0.37865267334380087,0.3678798826771077,0.37040118631824437,535828000
2010-02-11,0.39240512251853943,0.3965308788116296,0.3784234004485656,0.38117389553602765,695980000
2010-02-12,0.3976767361164093,0.40569902566996635,0.3852994729823668,0.3896544465628523,780212000
2010-02-16,0.40501150488853455,0.4066159850920714,0.39813525484065254,0.4029486408036855,457024000
2010-02-17,0.4089081287384033,0.41028336255649656,0.39721849100375034,0.41005417058204413,876560000
2010-02-18,0.38209068775177,0.3885085268692797,0.37154709296416194,0.38644563537233556,1515508000
2010-02-19,0.3800278306007385,0.3846119979098661,0.378194158212329,0.3804862418668928,510548000
2010-02-22,0.38071542978286743,0.3873624882275198,0.3781941270411389,0.3816322522396104,458084000
2010-02-23,0.37154707312583923,0.38346590095122823,0.36765050961426043,0.38186144808846617,489764000
2010-02-24,0.37934017181396484,0.383007516317907,0.3736099631039242,0.37475600484593236,445868000
2010-02-25,0.37590205669403076,0.3768189065065609,0.3612327056076684,0.3706302590743035,576972000
2010-02-26,0.37131810188293457,0.3768191219316401,0.3690260170269256,0.3740685982453839,393396000
2010-03-01,0.38621652126312256,0.3880501939851106,0.3685674793770576,0.3715471941348134,555868000
2010-03-02,0.3859873116016388,0.3944680168137955,0.38323681630631723,0.3896546568779317,538648000
2010-03-03,0.38117387890815735,0.39034221368227856,0.37796497266673207,0.3882793492876185,399300000
2010-03-04,0.38186150789260864,0.3857580446906438,0.3770481212266993,0.38277833043669,557396000
2010-03-05,0.39355117082595825,0.39630166595822386,0.37911103722682055,0.37911103722682055,632832000
2010-03-08,0.38782092928886414,0.3949263995084735,0.3862164488804546,0.39378035768749087,439312000
2010-03-09,0.4022611975669861,0.40615773560967533,0.39148837895205485,0.39171759832319014,830832000
2010-03-10,0.40317782759666443,0.4075328022989931,0.4008857442766352,0.4011149635381535,418520000
2010-03-11,0.3940095603466034,0.401344250058911,0.3924051072184585,0.3999689889069051,540660000
2010-03-12,0.3953847885131836,0.39951054430121247,0.3933218969572737,0.39836450254474837,520352000
2010-03-15,0.39332181215286255,0.39882282779208655,0.38965449571716476,0.3949262921250018,358904000
2010-03-16,0.407074511051178,0.40936659504660877,0.3928635684204699,0.39309278774953155,664988000
2010-03-17,0.4148675203323364,0.4203685374488117,0.4093665305396534,0.4093665305396534,651168000
2010-03-18,0.4001982808113098,0.41555523895042046,0.3965309352898216,0.41555523895042046,740964000
2010-03-19,0.3953847885131836,0.407303617315652,0.39034218292570894,0.4061575755591879,584612000
2010-03-22,0.401802659034729,0.40340711215368863,0.39034221325580576,0.39034221325580576,435336000
2010-03-23,0.41005420684814453,0.4121170714196251,0.40203188590935446,0.4047824084363889,493612000
2010-03-24,0.39630162715911865,0.4077620725151705,0.3956139966124247,0.4066160307119445,436252000
2010-03-25,0.39744776487350464,0.4045532366976983,0.3965309421391951,0.40203193319264935,495184000
2010-03-26,0.39744776487350464,0.4050116480648531,0.39423885797962277,0.40088589111286316,344676000
2010-03-29,0.4024903178215027,0.4034071404326655,0.39446799701675117,0.39996901465511264,394456000
2010-03-30,0.40409478545188904,0.40913736464055456,0.39721853365176446,0.40707450003003554,324104000
2010-03-31,0.398823082447052,0.40432410159876536,0.3967601900187336,0.4024904285481943,389840000
2010-04-01,0.3946972191333771,0.40524081585557237,0.3905714627062661,0.4006566481196257,339664000
2010-04-05,0.4006565809249878,0.40134421143481536,0.3967600171438949,0.39721845569964026,413636000
2010-04-06,0.3908006548881531,0.39653086416022126,0.38392437643787813,0.3956140142824145,809260000
2010-04-07,0.39332181215286255,0.3999688693014518,0.385070302355919,0.38827923497641254,817468000
2010-04-08,0.38690415024757385,0.3937804297557334,0.3848412855217841,0.39080071501108365,1037600000
2010-04-09,0.3894254267215729,0.3908006879928849,0.3839244089601203,0.3859873008670883,817572000
2010-04-12,0.3965308964252472,0.3981353496872192,0.3891962061011545,0.3898838367345126,546460000
2010-04-13,0.4047824740409851,0.40615770820359637,0.3965309597701189,0.39813541328839847,648696000
2010-04-14,0.40982499718666077,0.4155552070466826,0.40340715667867716,0.4134923424265931,900720000
2010-04-15,0.41280466318130493,0.41532596615241313,0.4070744539958706,0.41120021007414187,957596000
2010-04-16,0.3910299837589264,0.39767704523584524,0.3823200571513998,0.3960725915427278,1917736000
2010-04-19,0.3891962766647339,0.39034231882018317,0.37613140155737235,0.3880502345092846,1094492000
2010-04-20,0.3905714154243469,0.396072432435816,0.38552883699001067,0.3919466765081621,678188000
2010-04-21,0.38048627972602844,0.3930927684042923,0.3759021119607671,0.3926343570925252,895908000
2010-04-22,0.38209068775177,0.3832367294754757,0.3690257902424935,0.3742975876362975,656932000
2010-04-23,0.37681901454925537,0.3818615943307261,0.370171953966763,0.3809447442553138,752916000
2010-04-26,0.38048627972602844,0.38507044749128977,0.37658974259031536,0.37727737321986354,491092000
2010-04-27,0.36971354484558105,0.3816323773082326,0.36856750273717614,0.3777358396044156,606704000
2010-04-28,0.37040114402770996,0.3756729427421247,0.362837233967909,0.3694842940247961,672164000
2010-04-29,0.38163238763809204,0.38209082635290215,0.3660462090771452,0.37154722774066756,987128000
2010-04-30,0.36008670926094055,0.3777357766478778,0.35985751727173804,0.3770481460326811,1068048000
2010-05-03,0.35619014501571655,0.36398324585337793,0.35068912783787454,0.36192035416526497,1078972000
2010-05-04,0.3380827009677887,0.3513767929673072,0.33304009456108513,0.3506891623369572,1311376000
2010-05-05,0.33235251903533936,0.34083322465509125,0.32822676223216896,0.3312064769968919,1330840000
2010-05-06,0.3254762589931488,0.33693670738847464,0.29888807117768723,0.3300604547455586,1002888000
2010-05-07,0.31997522711753845,0.3284559321672291,0.3085147801796214,0.3284559321672291,1153712000
2010-05-10,0.33372756838798523,0.34335433804211307,0.3300602522888825,0.3392285835223129,979156000
2010-05-11,0.3300604522228241,0.336707485463985,0.32753914867683953,0.3305188635974216,829124000
2010-05-12,0.3364783823490143,0.3383120283319235,0.33028973152337426,0.33235262423985634,901236000
2010-05-13,0.33579060435295105,0.35045995705706706,0.3325816706408971,0.3351029737486685,1252000000
2010-05-14,0.297054260969162,0.31401569270551094,0.2888027506840423,0.31309887037329165,2493068000
2010-05-17,0.2977420389652252,0.30140938475950824,0.2883444824447501,0.29751281960665754,856060000
2010-05-18,0.2878861129283905,0.3020970321317598,0.28628163183262295,0.3002633589678854,674112000
2010-05-19,0.29247012734413147,0.2929285385614687,0.284447835407466,0.2865106995473784,826520000
2010-05-20,0.2855938971042633,0.2924701478170281,0.2752794937113246,0.283989416745585,1129136000
2010-05-21,0.29178258776664734,0.2998048822028113,0.27734245231679255,0.27734245231679255,1069600000
2010-05-24,0.28330183029174805,0.2943038659326551,0.282385007650237,0.29086574004129506,664564000
2010-05-25,0.29086562991142273,0.29224086335298743,0.2716120884916632,0.27436261002236334,966652000
2010-05-26,0.29224106669425964,0.3082856865999739,0.291324243761958,0.30255547496357754,995028000
2010-05-27,0.30943161249160767,0.30943161249160767,0.29888801611855365,0.2995756467209344,713560000
2010-05-28,0.3011801242828369,0.3089732262007983,0.2965959563277289,0.3089732262007983,545116000
2010-06-01,0.28834447264671326,0.300492524438206,0.2881152532959345,0.29705439811931933,527492000
2010-06-02,0.2915533781051636,0.2920118168043473,0.2869692097037181,0.28880288252905606,649088000
2010-06-03,0.2910950481891632,0.2917826791065649,0.2846772051664249,0.2855940554975628,586360000
2010-06-04,0.27734237909317017,0.28765675493076254,0.275737898770512,0.2826141766526978,671456000
2010-06-07,0.2635899484157562,0.2803221971022417,0.2624439062309669,0.27848852414181857,577248000
2010-06-08,0.2562553286552429,0.2624439520692458,0.2496082664282129,0.2624439520692458,967636000
2010-06-09,0.25006648898124695,0.2645066449100929,0.24914966669550362,0.2576303684718774,697152000
2010-06-10,0.260151743888855,0.26129778573015333,0.2544215346823634,0.2551091652519009,611768000
2010-06-11,0.2661111652851105,0.2672572070957972,0.25671361150796224,0.2574012420591327,442104000
2010-06-14,0.2603810131549835,0.27046617236428155,0.2596933824534864,0.2700077610045495,375080000
2010-06-15,0.2732166349887848,0.274591868765058,0.2629022313858795,0.2633606699684292,528632000
2010-06-16,0.2697785198688507,0.27390427600287204,0.2661111750111,0.27138297299769426,366480000
2010-06-17,0.2800929844379425,0.28078061523003023,0.2695493851560687,0.2791761615976933,859068000
2010-06-18,0.28192663192749023,0.2853647582529719,0.27963454771050245,0.2816974125762718,932832000
2010-06-21,0.27527958154678345,0.2885736759647305,0.2727583052085626,0.2878860725330885,579836000
2010-06-22,0.26496514678001404,0.2821557754523548,0.263589885556709,0.27871764971788665,818164000
2010-06-23,0.26794496178627014,0.27069545794146893,0.2599226380709162,0.26748655031437113,614060000
2010-06-24,0.254650741815567,0.2677156414431485,0.2537339192174675,0.26634038022220485,725028000
2010-06-25,0.2539631724357605,0.25671366792107475,0.24983741554589012,0.25648444857904934,507220000
2010-06-28,0.25442153215408325,0.25808887693931126,0.2498373648344445,0.2557967932794919,372008000
2010-06-29,0.24021054804325104,0.24914968908975596,0.23860609523709506,0.24892046983582472,660808000
2010-06-30,0.23402194678783417,0.24319028047120345,0.23402194678783417,0.24066897777876103,623072000
2010-07-01,0.23791857063770294,0.2395230241576037,0.22760417778869851,0.2347096635979014,737008000
2010-07-02,0.2349388301372528,0.2392938061602047,0.22691653608443255,0.23883539482194577,737096000
2010-07-06,0.23241761326789856,0.24158595166171262,0.23035472073500818,0.23402206702205527,712020000
2010-07-07,0.24364879727363586,0.2450240588516144,0.23287600599214237,0.2333344174102014,608412000
2010-07-08,0.2363140881061554,0.24548242403578746,0.23333437346426572,0.24525323203182448,783272000
2010-07-09,0.23723095655441284,0.23883543751079522,0.23425124133744768,0.2374601759264108,571516000
2010-07-12,0.24158592522144318,0.24456564033807981,0.23700175652624855,0.23723094856672783,565396000
2010-07-13,0.2502957582473755,0.2519002112300406,0.24410713827207273,0.24548237197558967,723316000
2010-07-14,0.2528171241283417,0.263131502436341,0.24914977868931185,0.2612978297168261,1355664000
2010-07-15,0.24571160972118378,0.2532754912922573,0.24273189548727084,0.2530462719958822,953088000
2010-07-16,0.23035459220409393,0.2463992027646635,0.22943776980579325,0.24571157230404378,1288604000
2010-07-19,0.23975221812725067,0.24066904080617307,0.2319591160612229,0.23356359673503235,798440000
2010-07-20,0.24571160972118378,0.24708684352805638,0.23150066911695177,0.23356356081294963,1160988000
2010-07-21,0.23768927156925201,0.24823286657630877,0.2353971880741345,0.24800367462107137,624940000
2010-07-22,0.24158592522144318,0.2441072289333205,0.23883542946908654,0.2402106636833645,462612000
2010-07-23,0.23746010661125183,0.24158586283628558,0.23516802285554347,0.2413566435311973,817604000
2010-07-26,0.24181516468524933,0.24273201499837582,0.23310523699148109,0.2367725835963749,683548000
2010-07-27,0.23975221812725067,0.24296112482727591,0.23677250343505762,0.24250271348781471,683472000
2010-07-28,0.23218832910060883,0.23998143095544555,0.2315006984481532,0.235855674364508,1320808000
2010-07-29,0.2092674821615219,0.2200402859941687,0.2078922343872413,0.21545611763863373,2664476000
2010-07-30,0.2106427401304245,0.2143100720221066,0.2044541047551805,0.20766302528361452,984288000
2010-08-02,0.21041350066661835,0.21522688782995042,0.20949666436589331,0.2143100515292254,917020000
2010-08-03,0.20491249859333038,0.20903825515730526,0.20330804529728347,0.20880904949528398,955444000
2010-08-04,0.21362239122390747,0.2143100217694391,0.20582930424276466,0.20674614041617487,855496000
2010-08-05,0.21637290716171265,0.2168313184331848,0.21041347866119653,0.21431002911629526,800504000
2010-08-06,0.21889422833919525,0.22118631235396718,0.21362242964046044,0.21545610231703735,739904000
2010-08-09,0.22095710039138794,0.22141552537842413,0.21568530184280885,0.22118630605395703,466456000
2010-08-10,0.21178877353668213,0.2177481893246178,0.21087193718579236,0.2172897779801222,772560000
2010-08-11,0.203537255525589,0.20743379285306202,0.20284962486220043,0.20743379285306202,796148000
2010-08-12,0.2053709328174591,0.2099551009116859,0.19826546134188872,0.19986991471010868,1343584000
2010-08-13,0.2152269035577774,0.2182066183374037,0.21155955808688387,0.21201798310169495,1797392000
2010-08-16,0.20972591638565063,0.21660216922031134,0.2069754070546464,0.2122472063593129,814008000
2010-08-17,0.21247641742229462,0.21637296899084293,0.2097259216837078,0.21178880031859806,481224000
2010-08-18,0.21362239122390747,0.21545606357072788,0.21041347144791975,0.211788732538983,352920000
2010-08-19,0.2264581322669983,0.22714576300060557,0.21476849176707277,0.21591453388181844,1615100000
2010-08-20,0.22852101922035217,0.2340220379679654,0.22462448135150134,0.22485368705051018,1305308000
2010-08-23,0.2250828891992569,0.23493885705827916,0.22439525845117628,0.22920864636394062,748620000
2010-08-24,0.22279079258441925,0.22508287673522986,0.21728978789009393,0.21774819925549638,641332000
2010-08-25,0.22737491130828857,0.22920858369387534,0.2191233992350443,0.2202694547224582,757532000
2010-08-26,0.22462445497512817,0.2328759684657195,0.22462445497512817,0.23035466508698407,657596000
2010-08-27,0.23195910453796387,0.23379277712851235,0.220269479343436,0.22599968911152785,1060416000
2010-08-30,0.22095710039138794,0.23104228616340794,0.22095710039138794,0.22920861353905922,602804000
2010-08-31,0.21385163068771362,0.22462443283323494,0.21316400007731326,0.21774816771492306,931488000
2010-09-01,0.21545614302158356,0.21981110620478111,0.21431010079768426,0.21706061033218316,851440000
2010-09-02,0.2193526327610016,0.22004024970378624,0.21408083455683383,0.21614371270898194,596292000
2010-09-03,0.22691653668880463,0.22760415369802445,0.2218739436450338,0.22462445266760836,566484000
2010-09-07,0.2289794236421585,0.23425120889181203,0.22577050315955696,0.22622891451625762,899820000
2010-09-08,0.2365432232618332,0.23814770352295217,0.22691647831406841,0.22943778101829268,1224156000
2010-09-09,0.23333442211151123,0.23975226406505099,0.230354706848389,0.2395230446895023,697748000
2010-09-10,0.23081307113170624,0.2356264584446687,0.22875020646832034,0.23493882778227457,609292000
2010-09-13,0.2438780516386032,0.24685776726924813,0.23493890474666848,0.23493890474666848,1015792000
2010-09-14,0.24158592522144318,0.24479483237855912,0.23952303291432514,0.24181511726192248,698536000
2010-09-15,0.24204429984092712,0.242273519170371,0.2360848705133527,0.23929380450658375,555572000
2010-09-16,0.24227361381053925,0.2443364792861718,0.2388354864686135,0.2388354864686135,365280000
2010-09-17,0.24181516468524933,0.2447948803862498,0.24112756110516206,0.24456568830082273,416884000
2010-09-20,0.24548250436782837,0.24639935465510077,0.2395230731338763,0.24181515786634936,443168000
2010-09-21,0.2587765157222748,0.26290227234139835,0.24410718921405358,0.24410718921405358,1779624000
2010-09-22,0.2610686123371124,0.26336069618284275,0.25625522533156087,0.25785967855881314,999996000
2010-09-23,0.26634037494659424,0.27459188746122326,0.2617562073993101,0.2640482911729522,1240872000
2010-09-24,0.2810097634792328,0.28192661350038084,0.2702369738282743,0.27229983855921197,1086976000
2010-09-27,0.27505022287368774,0.2833017049684931,0.27138287928236293,0.2830725130714001,999504000
2010-09-28,0.2743627727031708,0.27825931075036414,0.2695493844941779,0.27527959554116865,723192000
2010-09-29,0.27229976654052734,0.280322085977666,0.2693200525765256,0.271841355313094,974904000
2010-09-30,0.26771557331085205,0.2789467975601488,0.2654234900751328,0.27573786463586936,787632000
2010-10-01,0.260151743888855,0.2720706008973918,0.25808887950403514,0.27161216230183827,999120000
2010-10-04,0.25763043761253357,0.2619854129480283,0.25235863974524647,0.25763043761253357,749500000
2010-10-05,0.2594641149044037,0.26358987102304077,0.25877648433066536,0.26313145974847957,753588000
2010-10-06,0.24708685278892517,0.2606101633346811,0.24456557705326445,0.2594641214574371,1057604000
2010-10-07,0.24525317549705505,0.24846208140320372,0.23791848658507514,0.24823286212828308,761488000
2010-10-08,0.24892066419124603,0.2509835571159561,0.24089836657292762,0.2443364941236355,706932000
2010-10-11,0.24777454137802124,0.25212951792521887,0.24662849923251662,0.2500666256690305,442680000
2010-10-12,0.25258776545524597,0.2537338068572694,0.2436486261251939,0.24571151704310545,605208000
2010-10-13,0.25992250442504883,0.26358984896219045,0.253963103706932,0.2567135984478929,968732000
2010-10-14,0.25579679012298584,0.26061014935493465,0.254650720983426,0.26015173809338604,599172000
2010-10-15,0.2587765157222748,0.26290227234139835,0.2557968284142709,0.2599225577095982,639940000
2010-10-18,0.2603810131549835,0.2615270552162128,0.2544215835070723,0.25900575175198925,448156000
2010-10-19,0.2587765157222748,0.2606101883667515,0.25258789445548757,0.2546507591031512,866136000
2010-10-20,0.2587765157222748,0.2658819869731984,0.25442156709996433,0.25900573504925795,763532000
2010-10-21,0.2541922628879547,0.25946405973393655,0.25029572689702456,0.2590056485568484,1014428000
2010-10-22,0.270466148853302,0.2725290407784712,0.2530463001073645,0.2557968226742567,1322676000
2010-10-25,0.272987425327301,0.2750503170501686,0.2700077110545765,0.27252901405237256,673136000
2010-10-26,0.27207064628601074,0.27619640306772925,0.2674864781560563,0.2697785622210335,675248000
2010-10-27,0.2759671211242676,0.27688394361274404,0.2688616512053059,0.26954928173355885,496796000
2010-10-28,0.2761964499950409,0.2805513995289088,0.27367514616566346,0.2796345766766635,704448000
2010-10-29,0.2755087614059448,0.27848847603644916,0.27275826610232395,0.27573795340903207,554664000
2010-11-01,0.2759671211242676,0.2816973299867234,0.27367503757928524,0.27734238218077345,473920000
2010-11-02,0.28169742226600647,0.28628159085766675,0.27550880013202506,0.27711325367434614,581036000
2010-11-03,0.2837603986263275,0.2855940720712086,0.27619651274357315,0.28353117919928933,671748000
2010-11-04,0.2842186689376831,0.2894904672259049,0.2837602576351844,0.2865107527739713,700016000
2010-11-05,0.28903207182884216,0.2915533477932282,0.28490631523172405,0.28628154921489934,735116000
2010-11-08,0.29017820954322815,0.29269948633941284,0.2865108630639348,0.28880294778254184,605156000
2010-11-09,0.2885737419128418,0.29247030797623413,0.28696928799934246,0.2901782231501475,633964000
2010-11-10,0.2920118272304535,0.2920118272304535,0.28651080855802896,0.2906365657313974,521016000
2010-11-11,0.28903207182884216,0.2938454317556498,0.28123896996233105,0.2851355072336886,1089980000
2010-11-12,0.3039306104183197,0.31355738469254124,0.2986588119642925,0.3000340732388372,2142560000
2010-11-15,0.3002631962299347,0.3096607490240868,0.29957559307448045,0.30530580152852704,733548000
2010-11-16,0.291324257850647,0.299346554529567,0.290865846362327,0.29522079648707555,739356000
2010-11-17,0.2961374819278717,0.299575607161977,0.28834438166962545,0.2910948763921516,551764000
2010-11-18,0.3053058981895447,0.30828561299379587,0.3000340992779922,0.3000340992779922,993120000
2010-11-19,0.3151618242263794,0.31630786613061446,0.3041598164809639,0.3046182277778991,716484000
2010-11-22,0.3153911232948303,0.3172247689462748,0.3103485157819544,0.3130990389067235,462668000
2010-11-23,0.3080563545227051,0.3149326059711534,0.30576427070655565,0.31172369955806195,457832000
2010-11-24,0.3156203031539917,0.31676634530379905,0.3110361345547622,0.31126535391424376,397784000
2010-11-26,0.3117236793041229,0.31722466917594244,0.3117236793041229,0.3153910241011977,143104000
2010-11-29,0.3151618242263794,0.31630786613061446,0.3089732034082689,0.3103484372990744,468192000
2010-11-30,0.3119528591632843,0.3135573395270721,0.30622265021773226,0.310348406123288,720936000
2010-12-01,0.32570546865463257,0.3277683334566192,0.31768317414322045,0.31814158550768434,626536000
2010-12-02,0.3296020030975342,0.3316648952036621,0.32547624620907645,0.3257054655510233,529316000
2010-12-03,0.33899956941604614,0.33899956941604614,0.32730992909135487,0.32799755981465417,606044000
2010-12-06,0.3325817286968231,0.3408332427410212,0.3312064945719894,0.3401456120167049,438424000
2010-12-07,0.3433544635772705,0.3513767563395837,0.3396871188135533,0.3403747493722243,1026812000
2010-12-08,0.34633418917655945,0.3500015067371375,0.34037476057040444,0.34289606359388386,613252000
2010-12-09,0.34060394763946533,0.342896058652008,0.33326928530022437,0.3380826719761162,942408000
2010-12-10,0.34266695380210876,0.3458758611085952,0.33968723854677024,0.34060406139896576,451900000
2010-12-13,0.3339570462703705,0.34472983834914167,0.3330401960425963,0.34404223483306545,609108000
2010-12-14,0.3344153165817261,0.3465633652131494,0.3339569053232141,0.34037474491375774,755160000
2010-12-15,0.32708072662353516,0.3392287779346466,0.3266222879401061,0.33510302105037126,624176000
2010-12-16,0.3275391459465027,0.33235253364914963,0.32662229588115155,0.3305188608422461,631872000
2010-12-17,0.329372763633728,0.3312064361337712,0.32387174613359837,0.3277682831188189,593156000
2010-12-20,0.3279975354671478,0.33212329217688663,0.32776831613513024,0.330518838824154,344088000
2010-12-21,0.3408333361148834,0.3408333361148834,0.33097736589636245,0.33120658530853064,466952000
2010-12-22,0.3445005714893341,0.34495898284179216,0.3369366885404847,0.34014559533148864,477988000
2010-12-23,0.3419792652130127,0.3445005686162007,0.34060400384331063,0.3445005686162007,273784000
2010-12-27,0.3438129127025604,0.3463342159207367,0.3348737691030408,0.3410624174887834,255500000
2010-12-28,0.3424376845359802,0.3461050300580555,0.34037481975718664,0.34381294593770795,194260000
2010-12-29,0.3424376845359802,0.3449589879978817,0.3392287776970129,0.34220849251822427,177660000
2010-12-30,0.34358373284339905,0.34564662498349935,0.34083323731373044,0.3419792793947422,174488000
2010-12-31,0.3529811501502991,0.3534395886616213,0.34335440591692445,0.34381281710445893,391252000
2011-01-03,0.3626081347465515,0.36604626165870574,0.3552734421415795,0.3557318809222431,817448000
2011-01-04,0.3614619970321655,0.3649001230368032,0.3534397030213444,0.36329566969939825,651384000
2011-01-05,0.3891962766647339,0.3896547153859538,0.36444176064226974,0.3681090791454272,1428216000
2011-01-06,0.44306015968322754,0.4432893789647157,0.39813528444343566,0.399281326203295,3493312000
2011-01-07,0.45543745160102844,0.4568127127164088,0.4281616398537948,0.4380176049839079,2579984000
2011-01-10,0.47285738587379456,0.47377420857147534,0.44374789635116424,0.4471860224531633,1750348000
2011-01-11,0.4655225872993469,0.48385931024876916,0.45543743066285136,0.4792751431733091,2711088000
2011-01-12,0.5352022051811218,0.5356605892542565,0.4641475369707957,0.46575199052196814,3431896000
2011-01-13,0.5361190438270569,0.546433450843973,0.5129689533736328,0.5294719827416577,2695192000
2011-01-14,0.5407031774520874,0.5496423223329916,0.5237417650992938,0.5269506720880496,1595352000
2011-01-18,0.528096616268158,0.5370357599538437,0.5150317433839356,0.5333684147509271,1813348000
2011-01-19,0.5136564373970032,0.5409322500757937,0.5125104228601025,0.5283258169319541,1197896000
2011-01-20,0.5141147971153259,0.5170945109606859,0.49944541983122176,0.5086138079575759,1111408000
2011-01-21,0.509301483631134,0.5269505782205962,0.5083846610330346,0.5196158881406227,739244000
2011-01-24,0.5668328404426575,0.5741675300057212,0.5267213491124523,0.5326807229039084,2056900000
2011-01-25,0.5494129657745361,0.5702709096028213,0.5457456211795146,0.5643114814668592,1086856000
2011-01-26,0.5624778866767883,0.5730214828353196,0.551246659929867,0.5551431968323526,1074660000
2011-01-27,0.5608735680580139,0.5718755508161562,0.5501007773351163,0.5705003439570885,657396000
2011-01-28,0.5445995330810547,0.5716461507088921,0.531763854770181,0.5622486249132437,1094796000
2011-01-31,0.5482670068740845,0.5558308895441788,0.5365773948601174,0.5455165388607004,750160000
2011-02-01,0.5608735680580139,0.5649992979304171,0.5494131465817824,0.5530804923836965,654104000
2011-02-02,0.5863157510757446,0.5998390650215728,0.557664669617309,0.557664669617309,1606616000
2011-02-03,0.5753135085105896,0.5872323646428526,0.5627070218593436,0.5872323646428526,1030776000
2011-02-04,0.5883783102035522,0.5929624766951187,0.581043676605591,0.5833357598513742,872900000
2011-02-07,0.5638532638549805,0.582877568320739,0.5617903716654119,0.5803562920763319,934236000
2011-02-08,0.5471209287643433,0.568208120993423,0.5445995984015706,0.5645407760865065,1076584000
2011-02-09,0.5338268876075745,0.5546848908776489,0.5239709206513797,0.5491838453969117,1277520000
2011-02-10,0.5230540633201599,0.5319932069868646,0.518011456845908,0.5219079940383607,1042352000
2011-02-11,0.5379526615142822,0.5549141287351942,0.5127397346857474,0.5212204409724037,1359276000
2011-02-14,0.5297011137008667,0.561561095964064,0.5276382218186739,0.5443704395743048,1287828000
2011-02-15,0.5168654322624207,0.5324515807322101,0.5145732937429445,0.5306179354937373,886980000
2011-02-16,0.5358899235725403,0.5434538084921905,0.521908168751085,0.5237418692862905,1318364000
2011-02-17,0.588607668876648,0.5961715504929657,0.5182405959999122,0.5207619263037419,3470096000
2011-02-18,0.5874616503715515,0.594796340646424,0.5782933148517561,0.5853987584853204,1394412000
2011-02-22,0.5319932103157043,0.5698126224902631,0.53015951038287,0.5682081692037778,1396648000
2011-02-23,0.5067804455757141,0.5370359880402207,0.49921655995958747,0.5319934340612126,1491604000
2011-02-24,0.5191574096679688,0.5280964966818259,0.5056341012028597,0.509301390927735,1246120000
2011-02-25,0.5299302935600281,0.5386401902283119,0.525804509890113,0.5331391999826806,775652000
2011-02-28,0.5193866491317749,0.5388693871536208,0.5074677924927554,0.5386401405391585,903696000
2011-03-01,0.49623656272888184,0.5269505266141877,0.49623656272888184,0.5203034677956594,988448000
2011-03-02,0.47560790181159973,0.5049466102509043,0.4641474816355262,0.4955490274532082,1718140000
2011-03-03,0.47835835814476013,0.4893603940327797,0.4639182236119544,0.4866098713988767,1593704000
2011-03-04,0.4758371412754059,0.48363021684280944,0.4705653420039036,0.47881685628310716,959760000
2011-03-07,0.46919000148773193,0.480879667517479,0.45727117078828383,0.47927521426782554,1019140000
2011-03-08,0.44810283184051514,0.4767538800924203,0.43824683845330586,0.4742326042405296,1947184000
2011-03-09,0.4387052655220032,0.451082534434892,0.4348087012034047,0.44672755882110377,1318976000
2011-03-10,0.4107418656349182,0.431829033403602,0.4102834269664578,0.42862012666716215,1722736000
2011-03-11,0.41372150182724,0.4251819479680456,0.4047823860794883,0.4141799404389555,1486832000
2011-03-14,0.4171597361564636,0.4274741151034287,0.4102834562013545,0.4169305168059003,1003360000
2011-03-15,0.4047824740409851,0.4116587268254404,0.38988389901753223,0.39676015180198754,1256280000
2011-03-16,0.401802659034729,0.42059776716017705,0.3965308610806105,0.40111502846266256,1476520000
2011-03-17,0.4093666076660156,0.4132631451136059,0.3942388419003153,0.41257551442902,1238516000
2011-03-18,0.4038655459880829,0.41715966492722856,0.4034071346890282,0.4157844037062702,886960000
2011-03-21,0.407074511051178,0.416701258367228,0.4029487543946432,0.41257550171069324,751832000
2011-03-22,0.39996907114982605,0.409825038569036,0.39813539834470346,0.40592850093552474,718332000
2011-03-23,0.40822044014930725,0.40936648183006735,0.3905713764065706,0.39928129864510514,782396000
2011-03-24,0.44076815247535706,0.4458107589508161,0.41601364071179625,0.41693046334890027,1780592000
2011-03-25,0.4270157217979431,0.44581083497799606,0.42632809104095093,0.4446647928242758,1196392000
2011-03-28,0.44283100962638855,0.4501656721187388,0.43320423607364833,0.4371007729611038,1204284000
2011-03-29,0.43939289450645447,0.4444354733825361,0.4334334657195799,0.4428310201933911,715764000
2011-03-30,0.42288991808891296,0.4446647439395588,0.41738889996153605,0.44283107123043314,1176320000
2011-03-31,0.42311912775039673,0.42816173474179153,0.4153260525662748,0.4235775664396496,655112000
2011-04-01,0.4171597361564636,0.4290785685859746,0.4114294983065728,0.42862015720864705,850072000
2011-04-04,0.4022611975669861,0.41830581580381526,0.3992814823612349,0.41715977359574186,924328000
2011-04-05,0.4029487073421478,0.41142941167018693,0.40203185745675857,0.40822050538080784,821076000
2011-04-06,0.4001982808113098,0.4063869024704979,0.39676012730754084,0.4059284911112614,856984000
2011-04-07,0.4148675203323364,0.4173888232595283,0.39951056544762004,0.4011150185268366,1021208000
2011-04-08,0.4022611975669861,0.41807659643267997,0.4011151553589127,0.41807659643267997,746552000
2011-04-11,0.39698928594589233,0.40592842904122173,0.3926343377133584,0.4038655372543947,546208000
2011-04-12,0.39813536405563354,0.400885859364534,0.38575809417988705,0.3930927847686833,840756000
2011-04-13,0.407074511051178,0.40959578705187394,0.39721854440606624,0.4022611237312547,749588000
2011-04-14,0.42426514625549316,0.4244943655873851,0.4011150866862799,0.403407170710012,1254704000
2011-04-15,0.4288492202758789,0.43412101750346893,0.4189932289742108,0.4210561204061143,969720000
2011-04-18,0.41463837027549744,0.4215146218733099,0.40799131067000177,0.4187641266989439,743584000
2011-04-19,0.4130338728427887,0.41647199827384307,0.40180264670706917,0.4148675178803174,659860000
2011-04-20,0.425640344619751,0.43435026808593624,0.418764093565993,0.4281616476023127,650516000
2011-04-21,0.42449432611465454,0.43297505807289755,0.4235775035199336,0.43022453564114616,421300000
2011-04-25,0.43114134669303894,0.43824678947106893,0.4260987409052728,0.42632796019518643,619612000
2011-04-26,0.4423726499080658,0.44672762617849543,0.4304538178170448,0.4348087667636761,676000000
2011-04-27,0.4423726499080658,0.44466476137720656,0.43320431332669607,0.44466476137720656,450004000
2011-04-28,0.4471859633922577,0.45612510647112003,0.4373299977368014,0.4423725765556553,684000000
2011-04-29,0.458417147397995,0.4685023040932599,0.4494780051544822,0.45016563568456647,836000000
2011-05-02,0.4522285759449005,0.46827316252926976,0.4499364921471335,0.46804397054376956,613824000
2011-05-03,0.4306829273700714,0.4483319937688011,0.42518193740409926,0.4469567599392046,808000000
2011-05-04,0.4274739921092987,0.4368715455977158,0.4194516996809689,0.43205815921120144,639356000
2011-05-05,0.42770326137542725,0.4327458403120391,0.4183057067888094,0.42403591633582166,544000000
2011-05-06,0.44283100962638855,0.44695676581702104,0.43320423607364833,0.43664236167854314,841080000
2011-05-09,0.45268702507019043,0.4549791090595041,0.4430602504560359,0.44420629245069276,706328000
2011-05-10,0.4533746540546417,0.4568127800258941,0.4487904587691756,0.45635436869448637,690976000
2011-05-11,0.45543745160102844,0.4602508108572751,0.4492488312294014,0.4556666708948559,616000000
2011-05-12,0.4698776602745056,0.4703360989365613,0.4526870301613194,0.4538330721688651,1224000000
2011-05-13,0.4185349643230438,0.44122661407722114,0.41532605740368883,0.4400805719883374,2025192000
2011-05-16,0.4056991636753082,0.41830565030012895,0.40546997171865484,0.4173888005021432,728188000
2011-05-17,0.40409478545188904,0.40455319677380486,0.3924051464621589,0.40432400477474484,1420364000
2011-05-18,0.413492351770401,0.41693047776410647,0.4043240157871866,0.40569924979039085,658844000
2011-05-19,0.40753287076950073,0.41693042489004,0.40134425023041553,0.41670120559001006,650884000
2011-05-20,0.41463837027549744,0.4155551928923545,0.4047824041872073,0.4066160767447163,575820000
2011-05-23,0.4141800105571747,0.41715972541880453,0.40340719318637447,0.4086789921994429,588000000
2011-05-24,0.41578444838523865,0.4325166675271862,0.4150968177008687,0.4162428597335528,720372000
2011-05-25,0.4208270013332367,0.4235775238973097,0.40959577372672706,0.4137215302490409,545312000
2011-05-26,0.4313705861568451,0.43503793125651974,0.41968094755995267,0.42082698948812663,706436000
2011-05-27,0.4469568133354187,0.44764441667046573,0.43274587079864313,0.43320428212993994,658824000
2011-05-31,0.4593341648578644,0.4595634115635868,0.4446648348338832,0.4556668460137705,1200716000
2011-06-01,0.4387052655220032,0.4579587858341211,0.4377884156078295,0.45727115522943934,762208000
2011-06-02,0.4366423785686493,0.442601807443839,0.43137058030579595,0.439392901017995,607592000
2011-06-03,0.42311912775039673,0.43549639856045896,0.4210562629439522,0.431599860968398,549300000
2011-06-06,0.4141800105571747,0.42632806202455903,0.41372157186784825,0.42243152443187304,435988000
2011-06-07,0.41395074129104614,0.41968095097859315,0.4121170687262721,0.41738886710357437,433956000
2011-06-08,0.40271952748298645,0.414409166569104,0.39951062087932077,0.4118878906158798,569288000
2011-06-09,0.39813536405563354,0.4034071626699073,0.38369522952916074,0.4024903400082059,741632000
2011-06-10,0.39240512251853943,0.4013442657075338,0.38919618881333856,0.398822962605147,493548000
2011-06-13,0.38965466618537903,0.3974477409289048,0.3869041435005612,0.39240516154640004,574760000
2011-06-14,0.392863392829895,0.40157331358438597,0.391258940214964,0.393092612056507,534576000
2011-06-15,0.38438287377357483,0.38988386458581153,0.37636055224305065,0.3875917805267467,935916000
2011-06-16,0.37108874320983887,0.3905714844984595,0.3655877525492895,0.3846120551797006,1024908000
2011-06-17,0.3623788356781006,0.375672956270614,0.35091841515744887,0.3754437369306818,1467884000
2011-06-20,0.35802388191223145,0.36673380685354007,0.35527335916586217,0.35916992394861946,745960000
2011-06-21,0.3658168613910675,0.36856738341984463,0.35596089698472366,0.3593990221969047,704276000
2011-06-22,0.36077427864074707,0.3681089402023879,0.36008664814226415,0.36329558136058765,651720000
2011-06-23,0.37154707312583923,0.37406834838909714,0.3529811599398068,0.3561900929891194,744024000
2011-06-24,0.36077427864074707,0.3729223263679781,0.3584821951949974,0.36971342047344463,529052000
2011-06-27,0.3532103896141052,0.36306635366702794,0.3406039036310352,0.3607742702744315,1142152000
2011-06-28,0.3552732765674591,0.3593990324040079,0.3506891094876918,0.35321041231108025,692200000
2011-06-29,0.36077427864074707,0.36444162308346245,0.3451881057448915,0.3575653454224236,960544000
2011-06-30,0.36535853147506714,0.369255068784661,0.35619019553541265,0.36169118616968676,652300000
2011-07-01,0.3701718747615814,0.3715471359185375,0.3580238256211136,0.36535848803602844,540804000
2011-07-05,0.3639833629131317,0.3731517005010147,0.36077442836309187,0.3697135739055586,535296000
2011-07-06,0.35916993021965027,0.36444172914383927,0.3548149540110603,0.36375409844524104,529580000
2011-07-07,0.36054515838623047,0.3628372424614746,0.3541273175107874,0.36100359706031726,986136000
2011-07-08,0.3536689579486847,0.3580239347236317,0.3506892427497844,0.3555026309421465,619516000
2011-07-11,0.3412916660308838,0.3483971382238819,0.3403748432489872,0.34702190405103706,714388000
2011-07-12,0.3367074429988861,0.3428960914087443,0.3309772332296067,0.3396871575436705,867604000
2011-07-13,0.3360198438167572,0.34358372688502303,0.33281093697509195,0.3412916427627484,634368000
2011-07-14,0.32272571325302124,0.33945793088222326,0.3211212600170802,0.33739506633941263,1088996000
2011-07-15,0.32318398356437683,0.3266221078516403,0.3165369542051807,0.3245592442087954,827736000
2011-07-18,0.3163079619407654,0.32249658463341885,0.3121822043710622,0.3206629388902642,818200000
2011-07-19,0.32593461871147156,0.3266222219500973,0.31722466801923044,0.31722466801923044,602224000
2011-07-20,0.32180893421173096,0.32891437873976354,0.32089208415005677,0.3270807332640123,662956000
2011-07-21,0.33693668246269226,0.3392287665074346,0.3174539407585851,0.3222673281820629,1143420000
2011-07-22,0.3438129127025604,0.3449589546519505,0.33556139973743393,0.33991637553939336,737192000
2011-07-25,0.3383118808269501,0.3399163613481466,0.33349852123474316,0.3385411001367765,566920000
2011-07-26,0.3300604522228241,0.3369367048131832,0.32524706448005314,0.3286851907752327,698276000
2011-07-27,0.31768307089805603,0.3270806237725077,0.3167662211433008,0.3254761435326334,652212000
2011-07-28,0.31699562072753906,0.323642655442505,0.3114946010412661,0.3165372092513009,648176000
2011-07-29,0.31699562072753906,0.31997533630879466,0.3121822319175258,0.3137866857462619,677656000
2011-08-01,0.3339570462703705,0.33487386917434114,0.32157977312394537,0.32433026915966084,1019620000
2011-08-02,0.33051884174346924,0.3525228595072292,0.33051884174346924,0.331664883766086,1356432000
2011-08-03,0.3394578993320465,0.3406039411546016,0.32799748110649574,0.33120641460392536,765236000
2011-08-04,0.30713951587677,0.33326928640978865,0.30713951587677,0.33326928640978865,979732000
2011-08-05,0.2968251407146454,0.318141553947472,0.28880284699905917,0.314245016750375,1270588000
2011-08-08,0.27344590425491333,0.2924702364472487,0.27161223137774126,0.2823850492847022,1084180000
2011-08-09,0.29636669158935547,0.29682510284986646,0.27505030839956934,0.27871762580744935,1329832000
2011-08-10,0.2828434109687805,0.29590831084535285,0.28123895772963153,0.2876567980100224,1140052000
2011-08-11,0.3073686957359314,0.31149445169154205,0.28284337929238706,0.28284337929238706,1078792000
2011-08-12,0.2952207326889038,0.34060403402502326,0.29040734479221847,0.3401456226357675,3195784000
2011-08-15,0.3064519464969635,0.30713957720794594,0.29659597916967767,0.29820043261277107,864152000
2011-08-16,0.2977420389652252,0.3071395954857004,0.2922410202738007,0.30301383829808204,716868000
2011-08-17,0.293616384267807,0.3037015750605379,0.2897198450786242,0.29865896600226766,553328000
2011-08-18,0.27367502450942993,0.2830725775245765,0.2704660913054285,0.28032208286671084,802564000
2011-08-19,0.2688617408275604,0.2839895081966436,0.2670280679155806,0.269090960187983,761332000
2011-08-22,0.27367502450942993,0.27963445237129697,0.2706953105784964,0.2764255191672956,611876000
2011-08-23,0.30324289202690125,0.3034721112809244,0.27986362106804097,0.28032205957608736,938312000
2011-08-24,0.2988879680633545,0.30347213491045855,0.2910948680290038,0.3025553124705536,687500000
2011-08-25,0.28605225682258606,0.29820030302480977,0.28559384565574086,0.29292850629662365,690968000
2011-08-26,0.29820021986961365,0.3011799326088737,0.27986353239503914,0.2849061357955311,732660000
2011-08-29,0.3062226474285126,0.3073686892071843,0.29957561604173316,0.30668108599901434,601528000
2011-08-30,0.31355735659599304,0.31607863227501004,0.3020969107572325,0.30415980248420244,684760000
2011-08-31,0.3050767183303833,0.31905844412386614,0.30255544188034306,0.31584953688788714,705808000
2011-09-01,0.30438894033432007,0.31584938413520464,0.304159748399051,0.30920232618421584,762312000
2011-09-02,0.2961374819278717,0.301638471372924,0.29384537111467773,0.2975127156272395,471356000
2011-09-06,0.3020968735218048,0.3027845040127065,0.2837602061579717,0.28651070079778873,696248000
2011-09-07,0.32662227749824524,0.33556142168236397,0.3176831606379237,0.32662227749824524,1606620000
2011-09-08,0.3250177800655365,0.33120642801699324,0.3197459820035295,0.32341332691374136,880164000
2011-09-09,0.31814154982566833,0.33097723053382694,0.31539105462357586,0.3222673062907047,869828000
2011-09-12,0.32570546865463257,0.3284559641652142,0.3137866092357816,0.3137866092357816,916480000
2011-09-13,0.33304011821746826,0.33464459891018566,0.3234133706801496,0.3284559501212406,853836000
2011-09-14,0.3502306640148163,0.3545856387092381,0.341520741949761,0.34174996121086315,1547192000
2011-09-15,0.3552732765674591,0.3598574709710175,0.3520643705411384,0.35802379867435236,752908000
2011-09-16,0.35435646772384644,0.36902581933815065,0.35252279535658443,0.35596092079877867,1391588000
2011-09-19,0.34702184796333313,0.3509183851423122,0.33808270432753873,0.3483970819139046,968204000
2011-09-20,0.3380827009677887,0.3527520542280074,0.3364782477128354,0.3513767929673072,792436000
2011-09-21,0.33166491985321045,0.3458758370151311,0.3314357004942278,0.3399164342433838,715252000
2011-09-22,0.30966076254844666,0.31905831575303467,0.3037013618902363,0.31859990452144776,1314632000
2011-09-23,0.31607863306999207,0.32501777592842573,0.3059934756809723,0.30782714811273765,1011440000
2011-09-26,0.31676626205444336,0.32089201817421975,0.3025553485963628,0.3199751956248441,972124000
2011-09-27,0.3172246515750885,0.32753905482910406,0.3147033760753083,0.3247885600458024,781388000
2011-09-28,0.3075978457927704,0.3259345378376223,0.30255526845923436,0.3179122196983701,1236532000
2011-09-29,0.3000340759754181,0.3183707747334802,0.29224097422157747,0.31309897623136945,866416000
2011-09-30,0.2867400348186493,0.29682519497517973,0.28628159609206105,0.2952207414035227,677784000
2011-10-03,0.27069538831710815,0.29201180317766123,0.27069538831710815,0.28307265881770693,949896000
2011-10-04,0.2956790030002594,0.2956790030002594,0.2629021807884424,0.2640482223766687,1361548000
2011-10-05,0.3062226474285126,0.30897316955635773,0.2890320207484368,0.294991421603255,856708000
2011-10-06,0.3183708190917969,0.319287641861732,0.30736878190977834,0.30782722061854545,773192000
2011-10-07,0.32433006167411804,0.32914344715017796,0.3130988653283596,0.3197458954393128,806976000
2011-10-10,0.3387703597545624,0.3387703597545624,0.3291435847771362,0.3298312154646377,534376000
2011-10-11,0.33510303497314453,0.34152087624601984,0.3339569928645525,0.33601985773049853,816080000
2011-10-12,0.334873765707016,0.34175004465741793,0.3346445737137395,0.3415208253403463,612064000
2011-10-13,0.35435646772384644,0.35504409827704375,0.3323524539642862,0.33326927648602117,854832000
2011-10-14,0.36031585931777954,0.3642123956232161,0.35160593695493997,0.36054505126292913,702452000
2011-10-17,0.3424376845359802,0.3561902165818635,0.3406040117749426,0.3561902165818635,611780000
2011-10-18,0.35481494665145874,0.35573179667183824,0.338541138858645,0.3406040035878536,590916000
2011-10-19,0.34770941734313965,0.36146194677328913,0.3467925947988997,0.35527329896639437,557568000
2011-10-20,0.3302896022796631,0.3396871572218976,0.3172247021590455,0.3383118959490551,990308000
2011-10-21,0.33189404010772705,0.3399163607276836,0.3263930499198762,0.3344153432160386,628428000
2011-10-24,0.34427130222320557,0.34954310032142377,0.3325816641499301,0.3332692947407923,535256000
2011-10-25,0.3312065303325653,0.34220854113812377,0.33051889953400504,0.33945801794388275,577996000
2011-10-26,0.33510303497314453,0.33945798405627464,0.32547625940193203,0.3376243385415667,503116000
2011-10-27,0.34954315423965454,0.35298128040051435,0.33968718711376356,0.3474802894726578,577732000
2011-10-28,0.35756540298461914,0.3607743367195286,0.3456465726127418,0.34656339520911916,490156000
2011-10-31,0.3392287790775299,0.34816792357754267,0.3392287790775299,0.34610503146655597,519984000
2011-11-01,0.3222672939300537,0.32776828412324666,0.3190583602141959,0.3268514615323126,790824000
2011-11-02,0.31676626205444336,0.3270806660157809,0.3101192302619874,0.325476185568684,961608000
2011-11-03,0.33579060435295105,0.3364782349572336,0.3117236971458263,0.3202044017351935,749372000
2011-11-04,0.33968716859817505,0.3408332105893268,0.32753911802720725,0.33281091665126455,654840000
2011-11-07,0.33785349130630493,0.3428960978571368,0.3300604168030491,0.33716586065630094,613536000
2011-11-08,0.3456465005874634,0.3477093646613532,0.3367073591784339,0.3422083755817879,549728000
2011-11-09,0.3282267153263092,0.3419792178223516,0.3268514541471875,0.33762426962812225,532244000
2011-11-10,0.33166491985321045,0.3396872148844012,0.32341340546303715,0.33624908844246226,990484000
2011-11-11,0.3433544635772705,0.3461049584881623,0.322496464141947,0.34106237993089533,1751560000
2011-11-14,0.3367074429988861,0.3467926285870952,0.3357906203653196,0.34335450272552753,500292000
2011-11-15,0.34106236696243286,0.34358364248330187,0.3325816359342798,0.3334984857522432,505660000
2011-11-16,0.3341861069202423,0.343583660947595,0.3330400650790428,0.33464454551575634,512420000
2011-11-17,0.3222672939300537,0.3344153435407986,0.31630786511759945,0.3334985209498645,657504000
2011-11-18,0.31928759813308716,0.3241009853255187,0.31584947223100635,0.3241009853255187,501352000
2011-11-21,0.3353322148323059,0.33854112142893106,0.3094316334398783,0.3142450206586119,1330788000
2011-11-22,0.3456465005874634,0.3474801727219147,0.33716577038109957,0.3389994425155509,1287480000
2011-11-23,0.33097726106643677,0.34450057365359116,0.3307480417268689,0.3419792702135359,825340000
2011-11-25,0.32180893421173096,0.3341861777920449,0.32089208415005677,0.3266222945712759,406620000
2011-11-28,0.33991628885269165,0.34495886667927206,0.3323524084509268,0.3323524084509268,690616000
2011-11-29,0.34174999594688416,0.3461049437601615,0.3362489790353962,0.33945788507425406,623440000
2011-11-30,0.35825300216674805,0.3591698520064909,0.3490846677120715,0.35206438187459976,730324000
2011-12-01,0.3626081347465515,0.3635249576602711,0.35366898838066835,0.3552734421415795,529760000
2011-12-02,0.36031585931777954,0.36787973998350315,0.3568777342264315,0.36650447901744815,546464000
2011-12-05,0.35481494665145874,0.36673380564981106,0.35183523190187066,0.36627539430152,644696000
2011-12-06,0.3497723340988159,0.3575654082542573,0.3461049890116701,0.3568778049587379,573832000
2011-12-07,0.34770941734313965,0.35023072032548885,0.3403747550178413,0.34748022536897605,510016000
2011-12-08,0.3367074429988861,0.35000153512837345,0.33556140104503024,0.34427132535909405,491488000
2011-12-09,0.34152084589004517,0.34427134124142933,0.3296019871610526,0.3341861551879584,555840000
2011-12-12,0.33304011821746826,0.33556142159991237,0.32685149675232034,0.3341861602415252,573208000
2011-12-13,0.32387176156044006,0.34152082947475787,0.32180889697700327,0.33739507298408883,516596000
2011-12-14,0.31126540899276733,0.322955051918809,0.30782728193496744,0.32112137868988805,636020000
2011-12-15,0.3085148334503174,0.31860002084641253,0.3078272300137794,0.31653715588919784,435148000
2011-12-16,0.30966076254844666,0.3169954515489985,0.308285528853686,0.3110360235669977,619116000
2011-12-19,0.30163848400115967,0.31470338229676015,0.3004924422084783,0.31103603763066323,463276000
2011-12-20,0.3185998797416687,0.3197459213933953,0.30851469681220156,0.30851469681220156,445208000
2011-12-21,0.31447431445121765,0.3202045261741427,0.3082856912552196,0.3167663991403877,548424000
2011-12-22,0.3279975354671478,0.32891435814762454,0.3153910733297107,0.3153910733297107,576560000
2011-12-23,0.32478854060173035,0.3300603378929973,0.32203801865930276,0.32960189935339973,248948000
2011-12-27,0.3222672939300537,0.3273098728277796,0.32135044401532536,0.32341333583061843,195712000
2011-12-28,0.31424495577812195,0.32295487844412196,0.31401573650120473,0.32226724793716055,233960000
2011-12-29,0.3202044367790222,0.32089206745856047,0.3128697732861407,0.31745394138466626,211112000
2011-12-30,0.31768307089805603,0.3224964296463105,0.3172246323587837,0.3190583045445047,186956000
2012-01-03,0.32180893421173096,0.330060448147806,0.321121303496425,0.32776833665551974,468044000
2012-01-04,0.3254762589931488,0.32685152045125165,0.31905841772833404,0.3220381326716908,347372000
2012-01-05,0.33716580271720886,0.33877028306610046,0.32249645155851314,0.3238717126221941,563548000
2012-01-06,0.33326923847198486,0.33716577473059195,0.3293727022133778,0.3369365827881968,533252000
2012-01-09,0.33326923847198486,0.3396870773634613,0.3309771551052996,0.333498457738169,508244000
2012-01-10,0.33189404010772705,0.3385410995188238,0.3296019563088235,0.33831188020941577,546328000
2012-01-11,0.32524704933166504,0.33189408226324024,0.3238717879481265,0.32891436748143843,484272000
2012-01-12,0.32318398356437683,0.32616369674476176,0.3160785157745192,0.32593450485321396,652364000
2012-01-13,0.3147033751010895,0.32157962569995246,0.3130989220927796,0.320891995175308,504300000
2012-01-17,0.30989009141921997,0.31951686730602,0.30943168002551524,0.31951686730602,627176000
2012-01-18,0.32043352723121643,0.32295482960082594,0.3142449082521039,0.3158493609764981,632676000
2012-01-19,0.3289143443107605,0.32937278295551,0.31974600859650243,0.32318413448934924,608312000
2012-01-20,0.32593461871147156,0.3323524584210544,0.32478857688203866,0.3284558943419485,546272000
2012-01-23,0.334873765707016,0.3351029850240876,0.32203808507449855,0.32616384151522165,562792000
2012-01-24,0.3424376845359802,0.34381294593770795,0.3323525253359702,0.33258171735372616,730920000
2012-01-25,0.3403748869895935,0.3412917098893084,0.32364263681746813,0.3332694138834913,1274152000
2012-01-26,0.33716580271720886,0.34931387835754457,0.3353321577306893,0.3454173144517122,799672000
2012-01-27,0.34174999594688416,0.3435836409269223,0.33235244246712836,0.33510293726097673,449996000
2012-01-30,0.3392287790775299,0.340833232503543,0.33074804593869256,0.33579065288301685,399076000
2012-01-31,0.33854106068611145,0.3403747329796598,0.33258163256302714,0.3401455136965446,357900000
2012-02-01,0.3422084450721741,0.34610498207176355,0.3376242774670584,0.34243763705815333,428020000
2012-02-02,0.3550441861152649,0.35641942023810136,0.34060402289699016,0.3440421765135786,696236000
2012-02-03,0.3626081347465515,0.3655878502018459,0.3596284192912571,0.36031605013844875,495232000
2012-02-06,0.35985758900642395,0.36123282318716443,0.3566486546037628,0.36077441179358427,278868000
2012-02-07,0.36077427864074707,0.36283714281240576,0.3543564395278901,0.36031586741635513,410296000
2012-02-08,0.37383925914764404,0.38094470301288336,0.3589406861184093,0.3607743587469148,847612000
2012-02-09,0.37361007928848267,0.38048633187889547,0.3729224485646816,0.3784234670312912,561944000
2012-02-10,0.3644416332244873,0.3713178837530761,0.3623787416716362,0.36994262271784206,440268000
2012-02-13,0.3701718747615814,0.3749852614871344,0.3626079930459095,0.3736100003301784,610668000
2012-02-14,0.3722347915172577,0.3754437255601343,0.36696299277265804,0.3701719268155347,453756000
2012-02-15,0.37063026428222656,0.3873625071890521,0.3697134417806048,0.375672870012521,1110856000
2012-02-16,0.3770480453968048,0.38002775905149444,0.34381281133915875,0.34518807220248854,1888588000
2012-02-17,0.36329564452171326,0.37979864273549785,0.35985751875535,0.3772773669011083,1020360000
2012-02-21,0.3651293218135834,0.3740684379929417,0.36237879930566225,0.36306642993264254,518176000
2012-02-22,0.3626081347465515,0.3722348846358225,0.36214972328969175,0.36329576559374316,492432000
2012-02-23,0.36467090249061584,0.3667337944807956,0.35756543117521306,0.36329566848762584,323968000
2012-02-24,0.3619202673435211,0.36627524164673037,0.3603158146313013,0.36581680316570814,366668000
2012-02-27,0.3545857071876526,0.35894065539932374,0.3495431010598729,0.35733620223311824,745268000
2012-02-28,0.35137680172920227,0.35871149220410625,0.3477094564917503,0.35458573564292173,699884000
2012-02-29,0.34725093841552734,0.35848216267512906,0.34702174648601763,0.3525227353272761,689196000
2012-03-01,0.34954315423965454,0.3536689110974459,0.3472510701324147,0.34862633152627776,449944000
2012-03-02,0.3525227904319763,0.35756536887866,0.34839703449422,0.34839703449422,684076000
2012-03-05,0.34060394763946533,0.35068913226424037,0.3380826719761162,0.3500015016928568,514848000
2012-03-06,0.33739498257637024,0.3394578466070459,0.33143555509519235,0.3367073521248823,471400000
2012-03-07,0.3394578993320465,0.34083316044862955,0.3346445400715906,0.3392287073618109,441984000
2012-03-08,0.34060394763946533,0.34404210049638295,0.3385410832491076,0.3403747556648661,430852000
2012-03-09,0.33968716859817505,0.34404214455882953,0.33785349594757297,0.34152084124877713,367836000
2012-03-12,0.3344153165817261,0.3433544590797736,0.3334984940647021,0.3410623754634217,299948000
2012-03-13,0.33899956941604614,0.34083324223691125,0.33418618167675,0.3357906624723813,553288000
2012-03-14,0.329372763633728,0.3396871407072027,0.3282267217366753,0.3389995101042122,735708000
2012-03-15,0.3341861069202423,0.33601977933092,0.32914352828372323,0.3302895701249227,382380000
2012-03-16,0.334644615650177,0.33601984975356064,0.3325817235094038,0.3344153963043805,428340000
2012-03-19,0.3355613946914673,0.33808269787172973,0.3339569414512071,0.3364782446314695,405400000
2012-03-20,0.3300604522228241,0.3337277705434029,0.327080737302242,0.3337277705434029,449616000
2012-03-21,0.3314357399940491,0.33441545539693907,0.32639315940966784,0.33006050564765604,467840000
2012-03-22,0.33097726106643677,0.3337277565222621,0.32799754627104355,0.3289143689817194,425372000
2012-03-23,0.3334985673427582,0.3344153900612312,0.3277683297190086,0.3300604411627872,315456000
2012-03-26,0.33739498257637024,0.3389994354139833,0.3334984464496561,0.3367073521248823,288600000
2012-03-27,0.33968716859817505,0.34381292523108065,0.33808271527532185,0.3387703459347722,419968000
2012-03-28,0.34748029708862305,0.35206446540357716,0.3415208673496633,0.34404217085240746,892448000
2012-03-29,0.3490847051143646,0.35183520028070797,0.3426668648437003,0.34702184057055585,372700000
2012-03-30,0.3529811501502991,0.3550440414798858,0.34702175006477565,0.35206432777523017,527240000
2012-04-02,0.35137680172920227,0.35504414696665426,0.3463342225205527,0.352064432376699,407776000
2012-04-03,0.3456465005874634,0.3543564227332657,0.3438128284530121,0.3538980115306,430476000
2012-04-04,0.33579060435295105,0.34472972023724185,0.33372771254010336,0.3403747719497759,495896000
2012-04-05,0.3353322148323059,0.3403747940514865,0.3341861455348873,0.33624903748168566,369424000
2012-04-09,0.33097726106643677,0.3321233031166805,0.3245594201203124,0.3300604383557609,365504000
2012-04-10,0.32455942034721375,0.3341861681112315,0.32295496694051046,0.3296019999070518,470360000
2012-04-11,0.3286852240562439,0.3357906967152656,0.32776837389041436,0.32891441610485,372960000
2012-04-12,0.3364783823490143,0.3383120283319235,0.3277684273111649,0.3291436891221529,384868000
2012-04-13,0.32455942034721375,0.33533223748607416,0.32433020100748566,0.33349856473964273,311324000
2012-04-16,0.32066288590431213,0.3277683302944478,0.31539108695434176,0.32685150757436515,463468000
2012-04-17,0.32135048508644104,0.325476241920537,0.32020444303940315,0.3215797044253677,460696000
2012-04-18,0.3179123103618622,0.3208920246935593,0.314015773462163,0.31928757153765885,400764000
2012-04-19,0.3130989670753479,0.3257054283177525,0.3114944865127332,0.3137865703749886,667188000
2012-04-20,0.30691036581993103,0.3158495106468608,0.3062227350911212,0.3149326605671813,509592000
2012-04-23,0.30324289202690125,0.3046181529034651,0.29590823110739833,0.3016384392201018,706244000
2012-04-24,0.29384538531303406,0.30668109172721075,0.2922409322576839,0.3041597888375235,730440000
2012-04-25,0.29980480670928955,0.30209689025674075,0.2926993367826743,0.2982003536908319,727112000
2012-04-26,0.3000340759754181,0.30255537922714804,0.2975127727236882,0.29957566465432056,539208000
2012-04-27,0.2975127398967743,0.301409304005654,0.29430383367935975,0.29957563159979167,475356000
2012-04-30,0.29797112941741943,0.2995756097328032,0.29384537363632957,0.2959082651887699,262268000
2012-05-01,0.30324289202690125,0.30645182496428774,0.29636664229165705,0.29636664229165705,408680000
2012-05-02,0.2945330739021301,0.30324299876396194,0.29292862053058677,0.3020969567380314,684008000
2012-05-03,0.2894904911518097,0.29705437390146194,0.28765681846647023,0.2952207012161225,419536000
2012-05-04,0.2810097634792328,0.2892612770505783,0.2810097634792328,0.2876568236683159,545092000
2012-05-07,0.2858230769634247,0.2908656824649478,0.2835309934895652,0.28605229624032674,604440000
2012-05-08,0.2855938971042633,0.2874275421019674,0.278259207818281,0.2833017862095502,462312000
2012-05-09,0.2867400348186493,0.2890321191563881,0.2778008895071876,0.28055138524771406,520608000
2012-05-10,0.28467702865600586,0.28994882598896504,0.2800928618140917,0.2894904147695316,597092000
2012-05-11,0.3027845025062561,0.3135573163879416,0.30163846080171847,0.3082855190823105,1435140000
2012-05-14,0.30095094442367554,0.3055351129799728,0.2940746915892296,0.30026331367547093,437472000
2012-05-15,0.29797112941741943,0.30759790201455933,0.29659589570625,0.3009508434439727,599940000
2012-05-16,0.2920118272304535,0.3018677951102225,0.2910949771231494,0.29842966868638215,470484000
2012-05-17,0.28994882106781006,0.2959082487906679,0.28994882106781006,0.29315775419696016,335364000
2012-05-18,0.27688395977020264,0.2920117503031701,0.2755087259572367,0.2906364891664114,567288000
2012-05-21,0.28169742226600647,0.2830726837730246,0.27550880013202506,0.2773424730334492,416260000
2012-05-22,0.2782592177391052,0.28192656251284887,0.27413346169959174,0.281468151247079,410140000
2012-05-23,0.28513550758361816,0.285593946235702,0.2711537844661691,0.27527954106835045,496000000
2012-05-24,0.27757158875465393,0.2871983620094454,0.2755087243850801,0.28673995074107256,520420000
2012-05-25,0.2842186689376831,0.2865107527739713,0.2773424174288185,0.2773424174288185,391752000
2012-05-29,0.2915533781051636,0.2933870509305016,0.2876568404286947,0.28880288252905606,310000000
2012-05-30,0.28811517357826233,0.2904072571566641,0.2830725951705367,0.28834439286561914,379792000
2012-05-31,0.2849063277244568,0.28926127651449757,0.281238982294256,0.2881152344830345,358192000
2012-06-01,0.2745918333530426,0.2816973025807215,0.2741334221534027,0.27894680805909333,440984000
2012-06-04,0.2688617408275604,0.27757166666661437,0.2665696565185357,0.2759672131150571,432856000
2012-06-05,0.27665480971336365,0.27734244038592787,0.2674864736092989,0.2674864736092989,365224000
2012-06-06,0.28398948907852173,0.284677119789698,0.276654825248171,0.2787176900579014,368968000
2012-06-07,0.2725289762020111,0.2897196288765342,0.27229975693448566,0.28811514865143434,526780000
2012-06-08,0.2778007686138153,0.2787175910204077,0.2729873826697335,0.2734457938730297,370308000
2012-06-11,0.2810097634792328,0.2917825804539887,0.2803221601181185,0.28674000097096525,839080000
2012-06-12,0.2867400348186493,0.28949053055917573,0.28376031971482873,0.28421873111761636,496128000
2012-06-13,0.2791760265827179,0.2871983181884672,0.27780076566364553,0.286510687728931,494276000
2012-06-14,0.275738000869751,0.28100980038130086,0.27298750509270786,0.27871771601313144,589884000
2012-06-15,0.28169742226600647,0.2819266416251095,0.27527958077292203,0.2778008844278552,385288000
2012-06-18,0.2842186689376831,0.2865107527739713,0.2773424174288185,0.2796345012651067,304424000
2012-06-19,0.3034723401069641,0.30782731795065793,0.29453319231652414,0.2959084542300713,960476000
2012-06-20,0.3082856237888336,0.3140158342577378,0.3046182781592154,0.3064519509740245,972720000
2012-06-21,0.294303834438324,0.30805633653206793,0.2936162038688782,0.30805633653206793,516376000
2012-06-22,0.29797112941741943,0.3014092820048199,0.29384537363632957,0.29797112941741943,865360000
2012-06-25,0.2885737419128418,0.29911734304236265,0.2874276994997985,0.2982005200414506,494616000
2012-06-26,0.29178258776664734,0.29384545254928457,0.28605237745510165,0.29017813434417417,437152000
2012-06-27,0.3011801242828369,0.30324298893311696,0.29201178837262093,0.29201178837262093,506064000
2012-06-28,0.3034723401069641,0.30530601355042425,0.2959084542300713,0.29842975863030496,545896000
2012-06-29,0.31676626205444336,0.3174538926283716,0.3103484222374348,0.3105776415366752,616508000
2012-07-02,0.3082856237888336,0.3186000026328612,0.3057643202529962,0.3183708106083843,581684000
2012-07-03,0.3163079619407654,0.3169955927563497,0.3080564468013591,0.30828566618115466,219284000
2012-07-05,0.3130989670753479,0.3156202429295519,0.30828558003509365,0.3142450090064756,280076000
2012-07-06,0.30713951587677,0.3117236832695319,0.30370139033219856,0.31080683339670373,382760000
2012-07-09,0.30301374197006226,0.30668108659849697,0.3004924391225394,0.3053058255318861,306336000
2012-07-10,0.29384538531303406,0.30874395603783356,0.291553301712879,0.29980481360295386,512028000
2012-07-11,0.28903207182884216,0.29842962700428916,0.28765681052187075,0.29476228173489616,485216000
2012-07-12,0.2842186689376831,0.28628153346082463,0.2816973657882482,0.28582312215832595,472160000
2012-07-13,0.2878861129283905,0.2892613473084433,0.2826143128286782,0.2844479859925526,324260000
2012-07-16,0.2888028621673584,0.2910949462064805,0.28330184407918707,0.28605236678517126,334460000
2012-07-17,0.283531129360199,0.29132423330012003,0.2787177408289594,0.289719779564308,447476000
2012-07-18,0.2993464767932892,0.3034722337643767,0.281468214801109,0.2828434489089391,616008000
2012-07-19,0.3023262023925781,0.3062227401552065,0.2993464874009919,0.301409379621536,403036000
2012-07-20,0.293616384267807,0.30255553251526,0.29040744874674324,0.30049263953947414,451000000
2012-07-23,0.2975127398967743,0.29957563159979167,0.2826141960003061,0.2858231022177206,451584000
2012-07-24,0.294303834438324,0.29980482434630445,0.290865708914888,0.2979711519357134,351164000
2012-07-25,0.3000340759754181,0.3030137905482455,0.29201178222292656,0.2933870161862191,415044000
2012-07-26,0.30140942335128784,0.30897330794308414,0.29911731144353415,0.3055351537433553,338440000
2012-07-27,0.3089732229709625,0.30989004562288164,0.3002632711587508,0.3025553824361406,376516000
2012-07-30,0.30553507804870605,0.31286976875925987,0.3030138020252754,0.3089732313966511,363552000
2012-07-31,0.31034839153289795,0.31470336652105224,0.30507659408607446,0.30553500531540906,387788000
2012-08-01,0.30691036581993103,0.31516187991805095,0.30553510436231135,0.312182164975741,335912000
2012-08-02,0.3080563545227051,0.312640522155004,0.30026325315352037,0.30530585940808463,367912000
2012-08-03,0.31447431445121765,0.31768324941033854,0.3055351677691717,0.3128698606335596,326548000
2012-08-06,0.32112133502960205,0.32272578864033635,0.3169955776564272,0.3174539890703797,360324000
2012-08-07,0.32433006167411804,0.327768186350222,0.32249638971543876,0.32501769207409603,407340000
2012-08-08,0.32616397738456726,0.32960210463008305,0.3231842616403589,0.3241011119667803,517064000
2012-08-09,0.33716580271720886,0.3378534332490494,0.3261637961791349,0.3266222074257648,822300000
2012-08-10,0.33510303497314453,0.3488555402762491,0.33074805856621525,0.346105044680388,1278744000
2012-08-13,0.3394578993320465,0.3396871186260745,0.33418610148353467,0.3355613626001177,447244000
2012-08-14,0.3344153165817261,0.3410623754634217,0.3330400554823981,0.34060393688111773,388828000
2012-08-15,0.33189404010772705,0.33831188020941577,0.3302895869132534,0.3355613851154904,594404000
2012-08-16,0.3387703597545624,0.33991640179246574,0.3337277529287496,0.334873794966653,371008000
2012-08-17,0.33579060435295105,0.338770318755646,0.33281088995025604,0.338770318755646,309864000
2012-08-20,0.33579060435295105,0.3362490156478747,0.33074799813740835,0.3346445624537448,314392000
2012-08-21,0.334873765707016,0.3389995221477391,0.3314356398937126,0.3369366575892751,340248000
2012-08-22,0.3355613946914673,0.33693665593957317,0.3316648575868939,0.3328108995190505,313556000
2012-08-23,0.3279975354671478,0.33510300687413114,0.32662227412263595,0.33487378754211355,379040000
2012-08-24,0.334644615650177,0.33624906909935715,0.32730992447027035,0.3279975551838614,347724000
2012-08-27,0.3289143443107605,0.335332212099296,0.3286851523121815,0.33441536213359274,340944000
2012-08-28,0.3275391459465027,0.3307480528657349,0.32570547313959913,0.3263931038576628,310764000
2012-08-29,0.3282267153263092,0.3302895797711981,0.32662223484273606,0.3273098654322969,250412000
2012-08-30,0.3220381438732147,0.32868520472018586,0.32043369033215274,0.3275391625731702,307488000
2012-08-31,0.32157957553863525,0.3266221530598144,0.31837067002255404,0.3243300698843887,485064000
2012-09-04,0.30438894033432007,0.3174538369772405,0.30140925390930556,0.31630779532953085,694452000
2012-09-05,0.3053058981895447,0.3098900664041472,0.30209696404504416,0.30553509020599606,480256000
2012-09-06,0.3147033751010895,0.3229548867492415,0.30736868593660277,0.3075979052194146,657296000
2012-09-07,0.30713951587677,0.30920238027399566,0.29682511191926275,0.3066811046022524,781064000
2012-09-10,0.30438894033432007,0.3108067790262517,0.3037013372047248,0.3064518316944703,371108000
2012-09-11,0.3080563545227051,0.31286974146613666,0.3030137755919352,0.3041598175000099,382808000
2012-09-12,0.3114945590496063,0.3130990399858521,0.3075980210411552,0.31057773622072415,322608000
2012-09-13,0.31355735659599304,0.3153910290231464,0.3075979280386927,0.31424498717164967,433836000
2012-09-14,0.3172246515750885,0.3227256684654829,0.31332811502176194,0.31332811502176194,339468000
2012-09-17,0.3085148334503174,0.3179123900860742,0.3050767069724259,0.3179123900860742,493348000
2012-09-18,0.3105776906013489,0.3142450360258001,0.3048474804530172,0.30507667246467207,359952000
2012-09-19,0.31424495577812195,0.3185999034492268,0.3075978973092158,0.31126524179714954,451936000
2012-09-20,0.3119528591632843,0.31516179256706833,0.30943158362151635,0.3135573395270721,320596000
2012-09-21,0.31332817673683167,0.31516184939480135,0.31126531207398855,0.3124113540697451,340136000
2012-09-24,0.3130989670753479,0.31355737838304,0.30782716872740157,0.30828558003509365,357832000
2012-09-25,0.3073686957359314,0.3185999217997489,0.306910284479484,0.3172246607066147,481544000
2012-09-26,0.3020968735218048,0.30645184841498896,0.298429556443312,0.3062226291434252,436812000
2012-09-27,0.30438894033432007,0.30484737885243446,0.30026318493780774,0.3027844874922842,558888000
2012-09-28,0.3057642877101898,0.3101192635973318,0.299117227879435,0.30301379244261356,485508000
2012-10-01,0.300721675157547,0.3089731873692143,0.2995756333128039,0.30713951495286684,504236000
2012-10-02,0.3018677532672882,0.30278457592370833,0.2984296273200184,0.30278457592370833,295492000
2012-10-03,0.2988879680633545,0.30347213491045855,0.29728351513162604,0.3025553124705536,430872000
2012-10-04,0.3121821880340576,0.31401586100505574,0.2979712430016728,0.29957572392867193,502608000
2012-10-05,0.30484744906425476,0.3163078681808907,0.30370140715259114,0.3130989617577504,483068000
2012-10-08,0.3018677532672882,0.30507665988855487,0.29957566930244167,0.3037014259039247,240596000
2012-10-09,0.2954499125480652,0.3023261644390464,0.29453306256832334,0.3014093417831007,366360000
2012-10-10,0.2904072701931,0.2954498761509807,0.28926122835245305,0.2940746150126872,326568000
2012-10-11,0.2920118272304535,0.29407469215523774,0.28971974294789327,0.2931578693717336,320516000
2012-10-12,0.2894904911518097,0.29224098651792046,0.28765681846647023,0.28994890249219535,260696000
2012-10-15,0.2931578755378723,0.2933870675766691,0.2865108145843567,0.2899489410805129,249580000
2012-10-16,0.30163848400115967,0.3025553338295797,0.2929285609120232,0.29567905574970005,367696000
2012-10-17,0.2993464767932892,0.3007217382249179,0.294991500475664,0.2979712153616605,391752000
2012-10-18,0.29476219415664673,0.2986587302702851,0.293616152515942,0.2986587302702851,254772000
2012-10-19,0.27757158875465393,0.29247015990521386,0.2759671356534529,0.2904072682118474,709412000
2012-10-22,0.2743627727031708,0.28032220312156175,0.2720706882843745,0.2787177221693631,480840000
2012-10-23,0.282614141702652,0.28444781375621736,0.271153698198815,0.2718413286343755,573948000
2012-10-24,0.2789468467235565,0.28559390567293574,0.2761963518206858,0.28444786385309023,332916000
2012-10-25,0.2791760265827179,0.2842186044130027,0.2780299849247537,0.2812388906375381,307356000
2012-10-26,0.2761964499950409,0.2812390303299937,0.2761964499950409,0.2796345766766635,389376000
2012-10-31,0.2745918333530426,0.2796344385204475,0.27390423021547694,0.2773423551984593,347112000
2012-11-01,0.2876567542552948,0.28788597353621936,0.2757378981230318,0.2759671174039564,473220000
2012-11-02,0.2862817049026489,0.29109509477090456,0.284448058594562,0.29063668319388286,256700000
2012-11-05,0.2984295189380646,0.2995755605042749,0.28559384246699426,0.28559384246699426,444840000
2012-11-06,0.29820021986961365,0.2991170419476418,0.29315764379290066,0.2991170419476418,350804000
2012-11-07,0.28903207182884216,0.29774199635080345,0.28765681052187075,0.2959083237161069,324620000
2012-11-08,0.29063650965690613,0.2998048450182374,0.28994887904004735,0.29224096288038015,839024000
2012-11-09,0.27940526604652405,0.29567907128728477,0.2784884434937177,0.2922409457285714,846280000
2012-11-12,0.2732166349887848,0.28100970835904243,0.2704661127886543,0.2798636665502521,643624000
2012-11-13,0.27115383744239807,0.27803011800533967,0.2709246453953743,0.27184146823107236,492120000
2012-11-14,0.26450666785240173,0.27550867285451974,0.2642774485991917,0.2727581784349371,619300000
2012-11-15,0.26565268635749817,0.27298734661282154,0.26381901446272105,0.2661110975002462,466688000
2012-11-16,0.2608393430709839,0.2665695515879461,0.25556754577062074,0.26565272915474797,624552000
2012-11-19,0.26817411184310913,0.2690909619670609,0.26244390103266246,0.2656528354807929,404092000
2012-11-20,0.26505976915359497,0.2682893778856282,0.26229150166891013,0.2671359422670343,336976000
2012-11-21,0.27267247438430786,0.273364513817961,0.26482909496882956,0.2650597931134318,422312000
2012-11-23,0.27451786398887634,0.2777474716828292,0.27244166404270764,0.27382579734015344,276932000
2012-11-26,0.27936238050460815,0.28005444741338603,0.27451796714331445,0.27497933591580775,364600000
2012-11-27,0.2805158495903015,0.2846682240373667,0.2759021063158022,0.2782089779530519,451404000
2012-11-28,0.28282278776168823,0.2842069220696877,0.2759021712218624,0.2793624794917753,398332000
2012-11-29,0.2777475118637085,0.28466812435199024,0.2768247745319654,0.2832840183543756,488688000
2012-11-30,0.27613282203674316,0.2795931297126323,0.27451801728801106,0.2775169286070503,460504000
2012-12-03,0.2710575759410858,0.2795930201984158,0.2703655366770386,0.2795930201984158,391380000
2012-12-04,0.27913182973861694,0.2795931987092403,0.2699043128257114,0.2715191454730247,528068000
2012-12-05,0.27590212225914,0.2786703628837899,0.2719804457492126,0.27682488746741046,633024000
2012-12-06,0.27636340260505676,0.2782089049304761,0.27428722967650493,0.27520996708917866,412896000
2012-12-07,0.27590212225914,0.27797832335268796,0.2726725127803952,0.27659418929032265,338288000
2012-12-10,0.285129576921463,0.2872057777789421,0.2752100239359365,0.27590209088842954,513644000
2012-12-11,0.2918194532394409,0.2955104577982201,0.2853602090116129,0.2860522758038929,816724000
2012-12-12,0.2888205647468567,0.2943570725295753,0.2876671290629665,0.2927422680721442,399404000
2012-12-13,0.28905126452445984,0.2945877448385303,0.2862830243674246,0.288359197610182,377556000
2012-12-14,0.2904353141784668,0.2934342518884184,0.28812844324774567,0.2902046435854371,338660000
2012-12-17,0.2892819344997406,0.2913581352378174,0.28489888988614964,0.2897433307749194,445232000
2012-12-18,0.2897433638572693,0.29297297315181586,0.28835922987384693,0.28928196752940905,416436000
2012-12-19,0.2918194532394409,0.2952797597007697,0.2906660177523313,0.2918194532394409,458544000
2012-12-20,0.29158884286880493,0.29320364738427684,0.2883592063377842,0.2929729492391765,334332000
2012-12-21,0.28489887714385986,0.28766711717074156,0.2816692408624356,0.28766711717074156,462172000
2012-12-24,0.28259196877479553,0.2855909065352694,0.2816692038869191,0.28466814164739296,127376000
2012-12-26,0.28236135840415955,0.28651373293951954,0.2812079225610084,0.28189998956691503,196740000
2012-12-27,0.2805158495903015,0.2832841175550644,0.27728624029818366,0.28282272122755114,299804000
2012-12-28,0.27913182973861694,0.28351487620967036,0.2775169970913037,0.2779783935620147,220600000
2012-12-31,0.28282278776168823,0.2839762238516592,0.27751697624780464,0.27820904340180436,326460000
2013-01-02,0.2934342920780182,0.29366499020271564,0.2885898789600416,0.28974331458338,478836000
2013-01-03,0.29366499185562134,0.29689460061911704,0.29020468496612967,0.2934342937296254,298888000
2013-01-04,0.303353875875473,0.3042766133876093,0.2932036257415995,0.2941263632537358,524968000
2013-01-07,0.2945879101753235,0.30404609914532993,0.2925117357673179,0.30312336107512555,610732000
2013-01-08,0.2881285548210144,0.2962026337051695,0.28605238117942794,0.2952798684755123,466424000
2013-01-09,0.2816692590713501,0.29181950982619353,0.27982378393417545,0.290435375973236,695020000
2013-01-10,0.28213077783584595,0.285591086470371,0.28051594513966344,0.28420695201652557,506368000
2013-01-11,0.2816692590713501,0.28351476170860135,0.27890101886551155,0.28328409106649277,513172000
2013-01-14,0.28143852949142456,0.2835147023359999,0.2782088936775542,0.2835147023359999,305684000
2013-01-15,0.27636340260505676,0.2800544072558955,0.27474859838284177,0.2800544072558955,375888000
2013-01-16,0.278901070356369,0.28120794220380974,0.27590213145467973,0.27590213145467973,337376000
2013-01-17,0.28259196877479553,0.2837454042595877,0.27913166232041897,0.27982372911130854,580736000
2013-01-18,0.28074660897254944,0.2825921121847881,0.2772863007621339,0.2825921121847881,397088000
2013-01-22,0.27936238050460815,0.28305338568470645,0.27797827418712817,0.2805158161858794,308224000
2013-01-23,0.27982380986213684,0.28051584935266216,0.276824871236237,0.2802851786891801,421808000
2013-01-24,0.2812079191207886,0.2823613549498289,0.27751691346782786,0.278901047462708,396980000
2013-01-25,0.2862831652164459,0.28651383596797597,0.2802852856752309,0.28166939268468005,393920000
2013-01-28,0.29089677333831787,0.29274227598242536,0.2869750699070608,0.28766713683611067,422492000
2013-01-29,0.2846682071685791,0.29043538591995344,0.2835147714183043,0.2897433464698505,388872000
2013-01-30,0.2842068076133728,0.2888205501152014,0.28328407011303686,0.28489887448866197,287592000
2013-01-31,0.28282278776168823,0.28743655962165776,0.2809773120178031,0.2842069220696877,470544000
2013-02-01,0.28536030650138855,0.28628307170637013,0.28282273656278994,0.28512960832512296,288816000
2013-02-04,0.2805158495903015,0.28951266547562265,0.280285178926624,0.2837454863824985,511744000
2013-02-05,0.28697502613067627,0.28858985788548497,0.28097717782736004,0.2818999152586172,367296000
2013-02-06,0.2846682071685791,0.28697507866912886,0.27843965961711037,0.2800544641674797,530688000
2013-02-07,0.28351473808288574,0.28605230743515625,0.28074649810772884,0.2837454362058464,440000000
2013-02-08,0.28536030650138855,0.28766717826372157,0.283514803591506,0.28536030650138855,307232000
2013-02-11,0.28858980536460876,0.2915887427205222,0.2848988013111665,0.2876670406012145,408308000
2013-02-12,0.28674444556236267,0.2899740550859517,0.28559100966106926,0.2860523785215704,277804000
2013-02-13,0.28536030650138855,0.2922809217883877,0.28443756879648757,0.2869751112350055,856396000
2013-02-14,0.29366499185562134,0.2938956899816173,0.2779782617899108,0.2814385686794025,882096000
2013-02-15,0.29366499185562134,0.29504912561144786,0.28720574682855526,0.29297292497770805,733860000
2013-02-19,0.2897433638572693,0.29412640897130804,0.2878978610460659,0.2938957383074571,433552000
2013-02-20,0.2855909764766693,0.2952798314217157,0.2846682113628071,0.2906660883526386,713012000
2013-02-21,0.28351473808288574,0.28835917866446603,0.28282267121407795,0.28512954244338773,580408000
2013-02-22,0.2888205647468567,0.2890512628836651,0.28374545323775485,0.285360257695186,370148000
2013-02-25,0.28374552726745605,0.2918195791612218,0.2832841583735432,0.28951270719157446,644444000
2013-02-26,0.2871110439300537,0.2887357557846778,0.28339739311765694,0.2843258196551554,487504000
2013-02-27,0.29244932532310486,0.2945382637003451,0.2864146513472432,0.2871109641396566,476980000
2013-02-28,0.2938418686389923,0.2982518023082794,0.2903603333204657,0.2915208450933079,591392000
2013-03-01,0.29500246047973633,0.29593085908247757,0.2891999000406271,0.29175301003256077,389396000
2013-03-04,0.2938418686389923,0.296627091360057,0.2905924190737642,0.2929134426194486,353680000
2013-03-05,0.29709121584892273,0.2975554149076068,0.29407388046431193,0.29546650530914037,366168000
2013-03-06,0.2968592345714569,0.30173336790523525,0.2954666092367854,0.2989481449046782,342928000
2013-03-07,0.2961629033088684,0.30150126319821363,0.2945381922996201,0.2984839269417329,314824000
2013-03-08,0.29755547642707825,0.2989481015598313,0.2954665663967305,0.29685919152948365,246464000
2013-03-11,0.29477035999298096,0.2959308721319773,0.29221722221967233,0.29453827416645684,299748000
2013-03-12,0.29569876194000244,0.2966271605071831,0.2915209130501103,0.29430613642044184,310856000
2013-03-13,0.29569876194000244,0.3008050093970752,0.2929135109008813,0.29569876194000244,485840000
2013-03-14,0.29593080282211304,0.29848393999745215,0.29407397830084686,0.2975555139024264,383304000
2013-03-15,0.29337766766548157,0.2959307769488163,0.2922171282309692,0.2959307769488163,355776000
2013-03-18,0.2912888824939728,0.29407410665716305,0.28919997128877944,0.2915209960362376,298312000
2013-03-19,0.28943192958831787,0.2929134651749364,0.28734301930386086,0.29152086754156015,355480000
2013-03-20,0.2929134964942932,0.2938419226846,0.2896640740001902,0.2922171837687602,340588000
2013-03-21,0.288271427154541,0.2917529628550294,0.28780722792823316,0.29128876362872147,339032000
2013-03-22,0.28966405987739563,0.29082457180710625,0.28803934870955816,0.2891998606392688,232476000
2013-03-25,0.2880394756793976,0.29152101300321576,0.28595053668382725,0.2912888994474415,362076000
2013-03-26,0.2901281416416168,0.2903602550010902,0.28757500536251257,0.288735516822328,232540000
2013-03-27,0.2936098575592041,0.29523456907374507,0.28827149600960417,0.2889678088497768,254944000
2013-03-28,0.2977876365184784,0.2980197499665828,0.29082456510078103,0.2929134754585757,349276000
2013-04-01,0.2880394756793976,0.2970914616538051,0.28595053668382725,0.2970914616538051,442828000
2013-04-02,0.2850220799446106,0.2889678159102734,0.28316525488171235,0.28827150305308735,371524000
2013-04-03,0.28154057264328003,0.28618262194948874,0.2794516338542083,0.2845578825572786,353156000
2013-04-04,0.28432562947273254,0.2852540277204366,0.27968358289665207,0.2806119811443561,294676000
2013-04-05,0.28919997811317444,0.28919997811317444,0.2794516518087761,0.2801479647832043,551352000
2013-04-08,0.2885035574436188,0.2894319559504302,0.2831651968574834,0.2894319559504302,326660000
2013-04-09,0.29314562678337097,0.29523453741106914,0.2866467537533913,0.2887356643810895,380584000
2013-04-10,0.2977876365184784,0.298251835745901,0.29268138967925755,0.29337770235478455,384688000
2013-04-11,0.29639509320259094,0.29825191829499287,0.28548628382932134,0.293609869398385,969220000
2013-04-12,0.30382227897644043,0.3070717009109306,0.2952344696218327,0.2977876066194918,770548000
2013-04-15,0.29755547642707825,0.3038222618556852,0.29569867980845005,0.30289383587758917,430420000
2013-04-16,0.30080515146255493,0.3028940630596658,0.2987162121966413,0.3003409519597306,468844000
2013-04-17,0.2968592345714569,0.3012691686832734,0.2950024100148236,0.29848394568271636,532948000
2013-04-18,0.29105669260025024,0.2994123905667098,0.29105669260025024,0.2975555657220754,402548000
2013-04-19,0.29175299406051636,0.29268142028122146,0.2871109459633583,0.2908245955086004,303028000
2013-04-22,0.29221707582473755,0.29477021231897566,0.28919976790999186,0.2915207910251981,245568000
2013-04-23,0.2998766601085663,0.30289396978213207,0.29430618478371845,0.2947703841435906,376948000
2013-04-24,0.3100891709327698,0.3126423090324364,0.3005729591090621,0.3008050726340483,556556000
2013-04-25,0.31264224648475647,0.3133385592516143,0.30892859684070806,0.31171384790813933,353224000
2013-04-26,0.311249703168869,0.31264232907045225,0.3096249913962201,0.3121781296595236,324332000
2013-04-29,0.31496310234069824,0.31612361377591536,0.3103210565998298,0.31171368138960037,269712000
2013-04-30,0.31960535049438477,0.31960535049438477,0.31357067614185896,0.3156596146494837,276712000
2013-05-01,0.3168201148509979,0.32169427684919594,0.3156596027246452,0.3196053384204861,341316000
2013-05-02,0.320533812046051,0.32146221081668414,0.3147312228888089,0.3165880480988709,323480000
2013-05-03,0.32192638516426086,0.3242474095791224,0.3207658729568301,0.32262269802247806,293864000
2013-05-06,0.3209979832172394,0.32378320695312723,0.31914115817038313,0.32192638190627093,217116000
2013-05-07,0.3168201148509979,0.32169427684919594,0.31380277778872256,0.320997964039626,448068000
2013-05-08,0.3226226568222046,0.32447948165072815,0.3161237837567672,0.31728429581599565,334032000
2013-05-09,0.3228546977043152,0.32424729526097523,0.3163558261002169,0.31682002528577025,566800000
2013-05-10,0.3374771773815155,0.33886980271212586,0.3295856799560333,0.3295856799560333,861136000
2013-05-13,0.330514132976532,0.33654880634213946,0.3291215075325339,0.33515618089814136,289812000
2013-05-14,0.3353882133960724,0.33817343594290317,0.3312103657414355,0.3344597874346078,454140000
2013-05-15,0.341190904378891,0.3423514165297528,0.33376360447834136,0.33376360447834136,313172000
2013-05-16,0.3395661413669586,0.3442081892659025,0.33840560172343465,0.3407266533416946,308368000
2013-05-17,0.3451366722583771,0.3474576967759736,0.33863779807534794,0.341190936112222,312116000
2013-05-20,0.3444403111934662,0.34583293677675947,0.3425834863053388,0.3437439984018196,236380000
2013-05-21,0.3480561673641205,0.349455866849305,0.34245742504205384,0.34642320317096237,357784000
2013-05-22,0.33592554926872253,0.3494558760127341,0.33452584974683514,0.3494558760127341,480404000
2013-05-23,0.34129104018211365,0.3424574472255456,0.33102664151430977,0.33195975602532035,393884000
2013-05-24,0.3391915261745453,0.3422241903654509,0.33545901212276297,0.33942481873128433,283304000
2013-05-28,0.33895817399024963,0.34269068738542985,0.33569224562646854,0.34175757294130255,279300000
2013-05-29,0.3368585407733917,0.33895806148045543,0.33545884176246504,0.3368585407733917,335052000
2013-05-30,0.34129104018211365,0.3447902613124096,0.3354589771556163,0.33639211947596437,284504000
2013-05-31,0.33755847811698914,0.344323626875107,0.33755847811698914,0.33942473468074585,577508000
2013-06-03,0.33709201216697693,0.34059123374263317,0.3300935412063234,0.33802512679674884,444468000
2013-06-04,0.33755847811698914,0.3452567690616521,0.3354589290542628,0.33919144218177616,363676000
2013-06-05,0.33032676577568054,0.33965802139006634,0.32939362352864077,0.33709194278171145,464520000
2013-06-06,0.33242619037628174,0.334992296046827,0.330093377151905,0.33032666959807355,341044000
2013-06-07,0.33709201216697693,0.3391915339886343,0.33335949802920717,0.33475916997386507,274584000
2013-06-10,0.3368585407733917,0.33895806148045543,0.33429243518980156,0.33615869126792836,224148000
2013-06-11,0.3305601179599762,0.3370920036309997,0.3305601179599762,0.3324263471722626,296336000
2013-06-12,0.3277606964111328,0.33499243145355906,0.3258944395154094,0.3321930600146432,312588000
2013-06-13,0.3352256715297699,0.33685863562946006,0.32636097351945087,0.3265942382140728,236256000
2013-06-14,0.3347591459751129,0.3368586954555954,0.3324263317585806,0.33639213817415675,236012000
2013-06-17,0.33802512288093567,0.34105778710657436,0.3354590159647781,0.3373252730120435,255336000
2013-06-18,0.33592554926872253,0.34339054849700384,0.3331261502249477,0.33965803497819497,486772000
2013-06-19,0.346189945936203,0.3611199733322266,0.33779180378785606,0.33895821087460765,1159588000
2013-06-20,0.3368585407733917,0.34385698020937244,0.3345257276280648,0.34339042314217233,628696000
2013-06-21,0.33639201521873474,0.33989123526452514,0.3307932464598727,0.338724828582595,714228000
2013-06-24,0.32939356565475464,0.3356921843352768,0.32449467400353016,0.33149311448470553,580772000
2013-06-25,0.3317265212535858,0.33359275044410747,0.32822727199800766,0.33289292840233187,457360000
2013-06-26,0.32986021041870117,0.3359255377260214,0.3284605109449087,0.33545895269520026,579752000
2013-06-27,0.3268274664878845,0.3312598007173074,0.32332824647223635,0.33079324361042,808036000
2013-06-28,0.32752737402915955,0.3307933021648082,0.322628454016353,0.3268275243402824,431536000
2013-07-01,0.32892704010009766,0.33056003194996275,0.32682751887788986,0.32986018227278247,199524000
2013-07-02,0.3286937475204468,0.3335926392263149,0.3256610843829108,0.32706075580915994,256392000
2013-07-03,0.3296268880367279,0.3335926657740314,0.325894374984364,0.325894374984364,140388000
2013-07-05,0.3321930170059204,0.3328928667273751,0.3284605036977187,0.33056005286208273,184684000
2013-07-08,0.3305601179599762,0.334759161496961,0.3286938609383494,0.33312619703154017,262084000
2013-07-09,0.3321930170059204,0.33429253836094963,0.3303267603518195,0.33125987477420255,157364000
2013-07-10,0.33662542700767517,0.3375585694466909,0.3312599483636931,0.33219309080270887,208468000
2013-07-11,0.34129104018211365,0.34175759743761897,0.3377917912424802,0.3384916410304069,239832000
2013-07-12,0.34152424335479736,0.3447901991734102,0.33942472217873604,0.3405911290119551,216360000
2013-07-15,0.3408244848251343,0.3422241845229921,0.3354590063957994,0.3422241845229921,201332000
2013-07-16,0.34269070625305176,0.34455696305339295,0.34059118473350364,0.34222414900530074,162560000
2013-07-17,0.3408244848251343,0.34385714896426617,0.33989137023278904,0.3426907418191647,166100000
2013-07-18,0.3394247591495514,0.34152428055429673,0.33499239601493774,0.3403578735940303,344488000
2013-07-19,0.3321930170059204,0.3389581660915344,0.32869379620798184,0.3373252019476967,480532000
2013-07-22,0.33195966482162476,0.33779169843647244,0.33055999343965925,0.33475903539488566,292384000
2013-07-23,0.3314931392669678,0.336158766603218,0.3298601752611467,0.336158766603218,246792000
2013-07-24,0.3314931392669678,0.3354589169409139,0.33102658209520924,0.3345258025973969,284252000
2013-07-25,0.33265963196754456,0.337091995766669,0.32892711801137026,0.3312599322816443,243320000
2013-07-26,0.3312598466873169,0.33335939567366424,0.32869376833866903,0.32869376833866903,227360000
2013-07-29,0.3305601179599762,0.334759161496961,0.3296269755444926,0.3305601179599762,179540000
2013-07-30,0.336158812046051,0.3405911753002668,0.33149318407908895,0.33172647660117155,266076000
2013-07-31,0.3368585407733917,0.34012446805311886,0.33429243518980156,0.3345257276280648,270160000
2013-08-01,0.34152424335479736,0.3422240930165953,0.3340592451840619,0.3380250228551402,277648000
2013-08-02,0.34432363510131836,0.3450234848056139,0.3384916005810794,0.340824414389175,209628000
2013-08-05,0.34595659375190735,0.3471230005438091,0.34152423125708176,0.34339048768599084,185188000
2013-08-06,0.3408244848251343,0.34688981310339806,0.3401246349762054,0.34618996325446916,206608000
2013-08-07,0.3405911922454834,0.34409041339479945,0.33872493540398063,0.33895820012833244,244380000
2013-08-08,0.3429240584373474,0.3445570229932183,0.33849169428930714,0.34245750110843315,345696000
2013-08-09,0.33802512288093567,0.34315730890391005,0.3291604227634304,0.3293936875135006,906224000
2013-08-12,0.3352256715297699,0.3401245638288404,0.30583217868867635,0.3242614244118486,257568000
2013-08-13,0.33639201521873474,0.3377916865514536,0.33359261693463926,0.33569216564771087,197468000
2013-08-14,0.3506222665309906,0.35272178790580205,0.33545894845438223,0.3356922409668436,828508000
2013-08-15,0.352955162525177,0.3557545342792469,0.3454901341018685,0.34688983388357425,723616000
2013-08-16,0.3543546795845032,0.3592535706756853,0.35155528146459647,0.3522551309945731,660456000
2013-08-19,0.34875601530075073,0.35342164314809155,0.34852272278464946,0.35225523618625637,393432000
2013-08-20,0.3505144417285919,0.3528590176906922,0.34816986576649167,0.3486387753690017,234192000
2013-08-21,0.34887322783470154,0.35285900119402125,0.34746647114338924,0.3484042903045649,261540000
2013-08-22,0.3507489264011383,0.3540313217170222,0.3486387911698832,0.3486387911698832,129016000
2013-08-23,0.3507489264011383,0.3540313217170222,0.35004554799071996,0.3512178360249001,245120000
2013-08-26,0.3514522314071655,0.3523900784829447,0.3500455027178185,0.35098332184404984,300152000
2013-08-27,0.34699746966362,0.3505143325109422,0.34582518204784596,0.3481697572793941,277464000
2013-08-28,0.34699746966362,0.3502798638079708,0.34559071334487457,0.3477008478229927,318824000
2013-08-29,0.34629425406455994,0.3495766776993146,0.344887497085443,0.34582534438803914,276216000
2013-08-30,0.3458253741264343,0.34746657211016513,0.34418417614270347,0.3465287526764781,378120000
2013-09-03,0.3460597097873688,0.3509833301910451,0.3439496027283923,0.34676308812354373,284680000
2013-09-04,0.3493421971797943,0.35145230462820537,0.3455908639942263,0.3460597736550339,222080000
2013-09-05,0.3502799868583679,0.35168674367129515,0.347700969967403,0.34793541080319007,174904000
2013-09-06,0.34887322783470154,0.35239009161343343,0.3462941832171452,0.3505144253415333,226756000
2013-09-09,0.35473474860191345,0.35473474860191345,0.35074897433095553,0.35168679370663203,246408000
2013-09-10,0.3622373044490814,0.3624717732140495,0.3556724864750125,0.35731371193069134,292132000
2013-09-11,0.36833322048187256,0.36927106761164663,0.35918935770170946,0.3617684023716515,396164000
2013-09-12,0.3680988848209381,0.3727880379607686,0.36645765886235154,0.36645765886235154,303808000
2013-09-13,0.3704434037208557,0.37208460147438605,0.3666920706131695,0.3692711156183979,159696000
2013-09-16,0.3706778585910797,0.37607038965624795,0.369271129584658,0.3734913725030312,231412000
2013-09-17,0.37185007333755493,0.3748980275074905,0.3704433446088106,0.3720845421004533,168608000
2013-09-18,0.37513259053230286,0.3760704099204508,0.3702089688706371,0.3720846355964886,268168000
2013-09-19,0.37349140644073486,0.37747718091209914,0.3718501805264467,0.376773802370198,227572000
2013-09-20,0.37020885944366455,0.37677367706892695,0.36950548113568155,0.3744291013420152,356036000
2013-09-23,0.3666919767856598,0.37302232532923996,0.36458184197143584,0.3699743714528359,271244000
2013-09-24,0.3680988848209381,0.36950561399315285,0.36481646085332237,0.36692659653598053,229732000
2013-09-25,0.36856773495674133,0.3713812207958572,0.3657542211680726,0.36739544686131365,233156000
2013-09-26,0.36739540100097656,0.37020888648889755,0.3652852659228738,0.36950550812953,148816000
2013-09-27,0.3652852475643158,0.36762982334467414,0.3631751405418125,0.3645818692402987,151920000
2013-09-30,0.3648163974285126,0.3673954423868649,0.3594238666653094,0.36153400198111196,226640000
2013-10-01,0.3645819425582886,0.3669265467596984,0.3624718351114394,0.36528532102375616,226976000
2013-10-02,0.3643474280834198,0.36575415678056017,0.36083056441624684,0.36083056441624684,162036000
2013-10-03,0.36059609055519104,0.3678642865443027,0.35895489312364737,0.3645818637316678,436768000
2013-10-04,0.36551979184150696,0.3685677465756144,0.35918941356699385,0.36012726084263275,246228000
2013-10-07,0.36551979184150696,0.36809883691257184,0.3622373683011013,0.3641130349028254,169952000
2013-10-08,0.3624718487262726,0.3697400465598497,0.3596583627082783,0.3645819562523797,290712000
2013-10-09,0.3568447232246399,0.36505076547753584,0.3549690851720812,0.3648162967461936,275860000
2013-10-10,0.3608306348323822,0.3617684541468247,0.3568448328721182,0.3594238779111651,223484000
2013-10-11,0.3577825427055359,0.3596582085634979,0.35403121098961177,0.35520349865714523,213704000
2013-10-14,0.3631751835346222,0.3631751835346222,0.3568448058186239,0.3568448058186239,166628000
2013-10-15,0.3612995147705078,0.3652852884533641,0.361065045986407,0.3631751811946611,208820000
2013-10-16,0.3657541871070862,0.36716094387041587,0.36294070152997715,0.36340961113457027,210072000
2013-10-17,0.36645764112472534,0.3673954884770313,0.36294077644007905,0.36294077644007905,213324000
2013-10-18,0.3706778585910797,0.3718501467378748,0.364347508188297,0.36575423719471867,255068000
2013-10-21,0.3716156780719757,0.37536698309129485,0.37044339001289744,0.3751325422492104,195008000
2013-10-22,0.36973991990089417,0.37185002670415823,0.3664574973797061,0.3716155859202095,179452000
2013-10-23,0.36340969800949097,0.36903669845842213,0.36223740974299157,0.36903669845842213,252216000
2013-10-24,0.3608306348323822,0.36669207542153115,0.3601272563717737,0.3643474991858716,236436000
2013-10-25,0.35731372237205505,0.36294069340023094,0.356141434412056,0.3627062525779609,330492000
2013-10-28,0.35661032795906067,0.35848599420056615,0.3516867075688022,0.35684476877078114,394024000
2013-10-29,0.3570793867111206,0.3577827653392332,0.3528591428920052,0.3561415671733439,387952000
2013-10-30,0.3568447232246399,0.359892676984365,0.35379676946491484,0.3582514797136037,204032000
2013-10-31,0.3561413586139679,0.35989266251783975,0.35543798039775953,0.35731364632446727,293368000
2013-11-01,0.3577825427055359,0.3594237398501742,0.35520349865714523,0.358016983469317,206136000
2013-11-04,0.34746643900871277,0.3589548763931499,0.34676306072810703,0.3589548763931499,410264000
2013-11-05,0.34699746966362,0.3486386667357954,0.341604941041151,0.3453562725914446,422368000
2013-11-06,0.3493421971797943,0.34957666598497494,0.3434807565458153,0.34699762092620273,198044000
2013-11-07,0.3411361575126648,0.3491077050627503,0.3404327790936451,0.3481698858037585,553076000
2013-11-08,0.3648163974285126,0.3659886855096632,0.35028000286260336,0.35168675973980507,734532000
2013-11-11,0.3678642511367798,0.36880207016466743,0.36270619058430803,0.36340954088045135,297624000
2013-11-12,0.36856773495674133,0.3716156895947639,0.3643474922232911,0.3695055542532623,316032000
2013-11-13,0.37864941358566284,0.37864941358566284,0.3669265327732331,0.3676298832623369,332792000
2013-11-14,0.38029056787490845,0.38263514376961055,0.3772426136218859,0.37747708239117583,307980000
2013-11-15,0.3791183531284332,0.3821663079699606,0.37536701979277576,0.38169739829039206,450332000
2013-11-18,0.3699745535850525,0.3741947973415092,0.36903673406119974,0.3709124010584649,316948000
2013-11-19,0.36396342515945435,0.37150669562399286,0.3634919760243432,0.3682065235772948,206716000
2013-11-20,0.3585416078567505,0.3651419785415958,0.35783442026535395,0.36419905238609585,204776000
2013-11-21,0.36137041449546814,0.36207760225198143,0.35736305467645313,0.359013140707704,213568000
2013-11-22,0.35783448815345764,0.3618418477970935,0.3571273004278939,0.3618418477970935,158668000
2013-11-25,0.3656134605407715,0.36608490961058104,0.35783445253570717,0.35783445253570717,248208000
2013-11-26,0.36867794394493103,0.37268530343206663,0.36726356854903947,0.36962084214158014,753176000
2013-11-27,0.37009236216545105,0.3712709990981054,0.3660849741136893,0.36844224797899805,181272000
2013-11-29,0.3677351474761963,0.3710353485314394,0.3653778730514202,0.3700924500019001,116964000
2013-12-02,0.3712710440158844,0.37386402872088054,0.3656135691941279,0.36632075705946304,373872000
2013-12-03,0.37103521823883057,0.3762212145320395,0.36867794464183395,0.3712709568388974,290560000
2013-12-04,0.3762211799621582,0.3769283675964593,0.36914935982097763,0.3700922860336842,493176000
2013-12-05,0.37009236216545105,0.37692844513447804,0.3696208849116524,0.37692844513447804,271812000
2013-12-06,0.3646705150604248,0.3745710566448236,0.3637275889422981,0.3745710566448236,281000000
2013-12-09,0.3585416078567505,0.3658491661329924,0.35783442026535395,0.3646705295143026,385220000
2013-12-10,0.3667922019958496,0.36844228826178993,0.35807029336080154,0.35854174256522386,524268000
2013-12-11,0.36325618624687195,0.36797073313584683,0.3625489985933425,0.36749928406713256,414156000
2013-12-12,0.3561843931674957,0.3639634017497122,0.35547720545985456,0.3620775772296418,258724000
2013-12-13,0.35406285524368286,0.3594845905869128,0.3535914061053412,0.3568916062755734,184588000
2013-12-16,0.35453423857688904,0.35759869955869544,0.3540627895260531,0.3542985281019286,237620000
2013-12-17,0.3561843931674957,0.35712729137707183,0.3512341073149257,0.3542985686474253,274104000
2013-12-18,0.3611345887184143,0.3618417763042516,0.3524126834288564,0.35689151940521713,426232000
2013-12-19,0.3625490069389343,0.363020456018501,0.358305909021001,0.360663182519751,258544000
2013-12-20,0.369856595993042,0.3700923346023844,0.36231329770511317,0.36325622404156377,382080000
2013-12-23,0.3719782531261444,0.3750427155485054,0.36891381880471164,0.3719782531261444,168568000
2013-12-24,0.37292101979255676,0.37409965651853916,0.36914937102904666,0.37409965651853916,79600000
2013-12-26,0.36938512325286865,0.3755140456946327,0.36844219697671876,0.37433540892513323,168920000
2013-12-27,0.37150663137435913,0.3722138190051824,0.3691493580055583,0.37127092089802816,210976000
2013-12-30,0.3764570355415344,0.3766927741932063,0.37127103811306955,0.37174248731548926,248180000
2013-12-31,0.3776356279850006,0.3795214526728163,0.3748069050037374,0.37716417883827685,235776000
2014-01-02,0.37386399507522583,0.3766927462819946,0.37056382280189154,0.37527837067861025,260092000
2014-01-03,0.36938512325286865,0.3752783071003659,0.36820648648336923,0.3745711194184828,259332000
2014-01-06,0.3743354082107544,0.37716413083197137,0.36962083304083665,0.37315674334258714,409492000
2014-01-07,0.3804643452167511,0.3818787207364692,0.37551408709957823,0.3781070714178344,333288000
2014-01-08,0.3856503963470459,0.3875362211349305,0.38046437115513265,0.38187874677127664,308192000
2014-01-09,0.3712710440158844,0.38046440196246745,0.370092406940634,0.37975721409713237,292172000
2014-01-10,0.3707994520664215,0.3750425498456857,0.36749928051639147,0.37244956594235235,218492000
2014-01-13,0.362077534198761,0.3731567132987138,0.3613703465751651,0.37079943995400405,243332000
2014-01-14,0.3733925223350525,0.37409971009209914,0.3623133130434688,0.36396342717688435,241828000
2014-01-15,0.3774000108242035,0.3788143868205005,0.37339264963593505,0.37504273623099504,175044000
2014-01-16,0.3785785436630249,0.37928573146604544,0.3757498205518649,0.3773999066916314,220652000
2014-01-17,0.37692850828170776,0.3830574325986641,0.37457123402148235,0.3785785946436804,340400000
2014-01-21,0.37834271788597107,0.38069999111073183,0.37433535902406057,0.37739979173551874,246076000
2014-01-22,0.3778713345527649,0.3795214204767762,0.3733924977865419,0.379049971370047,337940000
2014-01-23,0.3764570355415344,0.3807001345651599,0.3736283122260921,0.3766927741932063,185028000
2014-01-24,0.3667922019958496,0.37480695087472626,0.3667922019958496,0.37339257516053503,246696000
2014-01-27,0.3644349277019501,0.3719781992719436,0.36231336413165793,0.3667922018238808,233812000
2014-01-28,0.3679707944393158,0.36820653306340473,0.36231332036946834,0.36372769591216036,167996000
2014-01-29,0.3644349277019501,0.3686780267416102,0.3641991890493873,0.36655646317131807,162944000
2014-01-30,0.3705638647079468,0.37127105258961296,0.3653778389763452,0.3665564760788137,202896000
2014-01-31,0.37009236216545105,0.3722138974038605,0.3651420758079342,0.36537778633391244,335348000
2014-02-03,0.36514195799827576,0.3731566753140831,0.363727582895057,0.3726852263133142,431728000
2014-02-04,0.3672635555267334,0.36797074319960393,0.3630204575904269,0.3649062820177761,280692000
2014-02-05,0.36396342515945435,0.36584924980081895,0.3611346741469474,0.36467061291258107,214676000
2014-02-06,0.36867794394493103,0.36962084214158014,0.3639633967598496,0.36443484585817415,168380000
2014-02-07,0.3740997910499573,0.3745712402897066,0.3663207802408512,0.36962095302002285,157248000
2014-02-10,0.3752783238887787,0.3802286097824987,0.37339249935303204,0.37362823795784483,324372000
2014-02-11,0.3830573558807373,0.38400025415561545,0.3755140853789516,0.3773998819287079,235384000
2014-02-12,0.3967295289039612,0.39955827978378233,0.38423597285448025,0.38423597285448025,744528000
2014-02-13,0.40922313928604126,0.4115804413658444,0.3995583328331841,0.406630154769826,902836000
2014-02-14,0.4221882224082947,0.42313112086698634,0.40521582534444,0.4054515640095757,817536000
2014-02-18,0.42195236682891846,0.42383819132470457,0.4184164564371637,0.4224238440285534,428988000
2014-02-19,0.4276098608970642,0.43138151007016523,0.4200665625508621,0.4219523871374126,450340000
2014-02-20,0.4426965117454529,0.44363941016346736,0.4278456790057162,0.4285528387687648,398088000
2014-02-21,0.4393962621688843,0.44764674886226274,0.43656753912879753,0.4419892746811679,451052000
2014-02-24,0.4457607567310333,0.44906092768827777,0.43444584071904985,0.438453199195964,403112000
2014-02-25,0.44374820590019226,0.44706330774234,0.43901237032095836,0.4451689678650851,242184000
2014-02-26,0.44303789734840393,0.44943127037268904,0.4416171352417586,0.4428010942546932,360884000
2014-02-27,0.43806514143943787,0.4475368110183008,0.43688118274208,0.4430377792594617,388848000
2014-02-28,0.4352237582206726,0.4399595942289204,0.4288303570272907,0.43569733617593553,321692000
2014-03-03,0.43309253454208374,0.43309253454208374,0.42172652459035836,0.4255152039835348,375948000
2014-03-04,0.4375914931297302,0.4404329879001916,0.4345131953668148,0.4352235761163795,260344000
2014-03-05,0.4413802921772003,0.44161709524946646,0.43522372280415716,0.4371180344710585,241472000
2014-03-06,0.4352237582206726,0.4444586271456321,0.43451337717387356,0.4420907091415082,290144000
2014-03-07,0.4347500801086426,0.43782837865026414,0.4314350067424683,0.4371179977209969,268452000
2014-03-10,0.42835667729377747,0.43522365481081715,0.42646233769501474,0.4333293152120544,300888000
2014-03-11,0.4326188862323761,0.4364075650086492,0.42906701046504486,0.4304877438352977,297220000
2014-03-12,0.43380287289619446,0.4364075932519285,0.4288302352089935,0.4304877716954601,239428000
2014-03-13,0.42006897926330566,0.43640762705256886,0.41793783656324346,0.43475006220991935,385172000
2014-03-14,0.42196327447891235,0.4257519536482397,0.4158067061135083,0.4158067061135083,460048000
2014-03-17,0.42196327447891235,0.426225531487455,0.421489696639697,0.42314723319085185,299656000
2014-03-18,0.431908518075943,0.4347500131274228,0.4217264682659901,0.42362080770957666,293904000
2014-03-19,0.43948596715927124,0.4477737080076391,0.434039750363056,0.43522373753665816,366168000
2014-03-20,0.43972259759902954,0.4435112760292125,0.43522356666250955,0.4371178776498042,191800000
2014-03-21,0.439012348651886,0.44706328567588394,0.43664443097914635,0.4435114091667745,566116000
2014-03-24,0.43688124418258667,0.4428010385019024,0.430487843735481,0.43924916191031294,306096000
2014-03-25,0.43688124418258667,0.4420906575380233,0.43356614242708635,0.44161707963803926,304424000
2014-03-26,0.4269358813762665,0.44919432048205443,0.423147202481894,0.4409066100999398,557756000
2014-03-27,0.421252965927124,0.4295406777781869,0.41651710235585426,0.4259888012705885,540728000
2014-03-28,0.42385759949684143,0.4264623198647127,0.41935856783721065,0.42054252650846097,398820000
2014-03-31,0.42409446835517883,0.42835672587887846,0.42172655064510195,0.4245680462516331,273404000
2014-04-01,0.44161704182624817,0.44682645473564847,0.43238214654213514,0.437591587679339,656272000
2014-04-02,0.43877553939819336,0.4425641904406639,0.43688119976305656,0.44161703473699704,239948000
2014-04-03,0.44351136684417725,0.45416699535467964,0.43948588460241206,0.43972268763821093,599548000
2014-04-04,0.42977744340896606,0.4484840083232577,0.4278831037909893,0.4458792878200643,368032000
2014-04-07,0.4311980903148651,0.4394857997790115,0.42764621483023096,0.43001413181998704,428576000
2014-04-08,0.4465896487236023,0.4477736074033888,0.4304877768051444,0.43119815765857655,470692000
2014-04-09,0.44611603021621704,0.45250942949083495,0.4425641542760075,0.44872075053015775,421968000
2014-04-10,0.4352237582206726,0.45037842215594187,0.43380299612707457,0.44422185228190525,372748000
2014-04-11,0.4290670156478882,0.43853868447518296,0.4233839974148315,0.43190851065051666,353112000
2014-04-14,0.43380287289619446,0.43546040938266106,0.42906703823326064,0.4319085333854607,290184000
2014-04-15,0.43688124418258667,0.43924916191031294,0.4300142658354969,0.4342765233909654,304636000
2014-04-16,0.4378283619880676,0.4394858986080748,0.4323821460413554,0.4390123207491875,235136000
2014-04-17,0.43948596715927124,0.4435114501572181,0.43522373753665816,0.4361708934021704,153532000
2014-04-21,0.44303789734840393,0.4442218563613386,0.4368812991900201,0.4397227951755013,117004000
2014-04-22,0.4468264877796173,0.44966801160197684,0.4413802714238356,0.4437481891239315,255120000
2014-04-23,0.45203590393066406,0.45321986271425996,0.4468264627005988,0.4475368436163172,261580000
2014-04-24,0.45606133341789246,0.46079716829545975,0.45511417773349994,0.45511417773349994,391492000
2014-04-25,0.44351136684417725,0.459376436319834,0.44256418292878436,0.4551141792700725,313600000
2014-04-28,0.44161704182624817,0.4494311753042504,0.4361708258732282,0.4470632577792681,226788000
2014-04-29,0.4425641894340515,0.444221754253403,0.43759157965940604,0.44327457032408746,171300000
2014-04-30,0.43735477328300476,0.4423274112475108,0.4364076175887192,0.44185383340036805,305740000
2014-05-01,0.43972259759902954,0.44493200926968346,0.4361707221561569,0.44398485377603614,198104000
2014-05-02,0.4364076554775238,0.4418538717620118,0.43380293475039317,0.4418538717620118,156376000
2014-05-05,0.44114357233047485,0.4444586463886521,0.4354605519378432,0.4359341299136099,239260000
2014-05-06,0.4321453273296356,0.4491943261124093,0.4309613686887791,0.4454056753983488,416188000
2014-05-07,0.4326188862323761,0.43617076199970733,0.42788305187593445,0.4321453084422918,293900000
2014-05-08,0.43806514143943787,0.44493209059299266,0.4288302466633654,0.4309613892552907,432728000
2014-05-09,0.42740947008132935,0.4288302317599027,0.41935856251021597,0.424804777974346,539532000
2014-05-12,0.4399595558643341,0.44090671169226775,0.42811993864832304,0.42835674171920984,299856000
2014-05-13,0.4328557848930359,0.4411435256164866,0.4314350511161815,0.4340397438209849,221104000
2014-05-14,0.42859333753585815,0.43474993252919436,0.4283565627916806,0.4330923964087715,214320000
2014-05-15,0.42622557282447815,0.43001425236124646,0.42196331540256504,0.4276463347077175,325896000
2014-05-16,0.4252784252166748,0.42835672387090606,0.42291050751769776,0.42291050751769776,283960000
2014-05-19,0.439012348651886,0.4413802663246256,0.42788314123557075,0.4297774810193235,360076000
2014-05-20,0.43389779329299927,0.44032061066982614,0.43175686361999405,0.43913119899419856,256200000
2014-05-21,0.43389779329299927,0.43936909267244856,0.431281076263494,0.4355629639673157,216712000
2014-05-22,0.4358009397983551,0.43817976359804217,0.43294635691029393,0.43294635691029393,130364000
2014-05-23,0.43984487652778625,0.4419858346795932,0.4355629885819852,0.4381797057593672,182656000
2014-05-27,0.4476951062679291,0.4476951062679291,0.44103439325097643,0.44246169902525895,209680000
2014-05-28,0.4515010714530945,0.4543556536029092,0.445078254526559,0.44936014193018575,224676000
2014-05-29,0.4507875442504883,0.4550694328454808,0.44983602605507533,0.45126330334819476,171884000
2014-05-30,0.45197686553001404,0.45316627721465313,0.44840863047609686,0.450787453845375,239128000
2014-06-02,0.45054975152015686,0.45625891832872584,0.4467436214092298,0.4534043349244414,181500000
2014-06-03,0.4486466348171234,0.45197697701243406,0.4426995465692371,0.4515012178927923,243212000
2014-06-04,0.4491223096847534,0.4524526512553167,0.44721924520536877,0.44745713889947175,161236000
2014-06-05,0.45102542638778687,0.4524527036442281,0.4472192969883108,0.4498360144951777,188696000
2014-06-06,0.45269060134887695,0.45673459614776607,0.4515011894458027,0.4531663604385433,161052000
2014-06-09,0.45316627621650696,0.45744816394333854,0.44912228216920375,0.4522147582140161,247456000
2014-06-10,0.4555450975894928,0.4576860556224568,0.4495980392053893,0.45150110355986467,217608000
2014-06-11,0.4614922106266022,0.46268162237119387,0.4538799527749647,0.4538799527749647,266228000
2014-06-12,0.46434685587882996,0.4664877859652258,0.4574482498134563,0.46149227297769657,337148000
2014-06-13,0.4648225009441376,0.4693422820901867,0.4603027197980885,0.4691043884243595,227852000
2014-06-16,0.46339529752731323,0.46648777407379977,0.4593513028239767,0.4626816730885837,198620000
2014-06-17,0.46648773550987244,0.4683908000240646,0.4614922230626583,0.46387104661594514,157608000
2014-06-18,0.46601206064224243,0.46815301924159036,0.461016518934916,0.4652984077757931,215536000
2014-06-19,0.4553072452545166,0.4598269984122174,0.4519768754497473,0.45744817499073026,474592000
2014-06-20,0.4503118097782135,0.45816193457201665,0.4467435738135592,0.45649676346007506,353148000
2014-06-23,0.44507840275764465,0.445316268140627,0.4391313144579869,0.44436474989306024,414200000
2014-06-24,0.43817979097366333,0.447932980504845,0.4362767261434549,0.4443647445823861,275780000
2014-06-25,0.44269949197769165,0.44293738568708585,0.4353251556380658,0.43936915019306255,215420000
2014-06-26,0.43675243854522705,0.44293739149238903,0.4353251613436003,0.44269949777987694,256908000
2014-06-27,0.4372282922267914,0.4398449816718751,0.4336600277874598,0.4362767455903631,302820000
2014-06-30,0.44103434681892395,0.44222375871966507,0.43556304640395155,0.43556304640395155,180512000
2014-07-01,0.44602981209754944,0.448646529176159,0.43913120723476595,0.4405585126154279,321180000
2014-07-02,0.44436466693878174,0.4462677314364687,0.4417479497097355,0.44436466693878174,179284000
2014-07-03,0.44840866327285767,0.4495980750444907,0.4403206462110649,0.4403206462110649,136892000
2014-07-07,0.4448404908180237,0.4493602732036043,0.4441268379826354,0.4491223794725357,127496000
2014-07-08,0.44127216935157776,0.44555405717501034,0.43699028152814523,0.44365099276928344,221940000
2014-07-09,0.454593688249588,0.45649675305893994,0.4417480220548259,0.4450783925606463,387668000
2014-07-10,0.4522148072719574,0.454117871841202,0.4424616190782129,0.44602985451136606,266308000
2014-07-11,0.45316627621650696,0.4545935815780546,0.45102534653199683,0.4526905172152615,191188000
2014-07-14,0.45887547731399536,0.46006488901677434,0.4534041778096497,0.4550693485219779,272636000
2014-07-15,0.46077853441238403,0.4619679460963256,0.4564966466786321,0.4595891227284425,395440000
2014-07-16,0.4603027403354645,0.4662498270261992,0.4576860516836646,0.462681592026445,319728000
2014-07-17,0.45911329984664917,0.46387097457212173,0.4550693061056972,0.4550693061056972,324832000
2014-07-18,0.4386554956436157,0.4531663312702507,0.43794184287614246,0.4495980957906993,567816000
2014-07-21,0.44127216935157776,0.4443646454661575,0.43699028152814523,0.43699028152814523,243364000
2014-07-22,0.4393691420555115,0.4469813719635455,0.43841762395118766,0.44460254834492147,298816000
2014-07-23,0.4300917685031891,0.4398449579429475,0.4296160093895512,0.43960709256503755,297352000
2014-07-24,0.43080535531044006,0.43365993791248036,0.42771287900914073,0.4324705261318124,254576000
2014-07-25,0.42319321632385254,0.43032968853801246,0.42247956343087256,0.4293781418947659,266132000
2014-07-28,0.4215279519557953,0.4250961875140736,0.4143914808392387,0.4250961875140736,330352000
2014-07-29,0.42295512557029724,0.4286643176970997,0.421527820449145,0.4217657140886059,217972000
2014-07-30,0.4300917685031891,0.4312811804661929,0.4243826024238981,0.4255720143869019,246184000
2014-07-31,0.41629448533058167,0.42818860213975946,0.4155808326504687,0.4248582607763142,401880000
2014-08-01,0.4208143353462219,0.423193159095923,0.41486724761415344,0.41629455320710046,219884000
2014-08-04,0.4198627769947052,0.4239067715836237,0.41772184702345866,0.4203385360596694,241724000
2014-08-05,0.4201006591320038,0.42628561187958386,0.4151051181929726,0.4186733536186193,298136000
2014-08-06,0.41962483525276184,0.4248582407303111,0.414153536107129,0.4172459836453558,223456000
2014-08-07,0.4153429865837097,0.4269992102539461,0.41248837573092206,0.42319310971325036,407696000
2014-08-08,0.45197686553001404,0.4543556888992922,0.43342203757808245,0.43342203757808245,894348000
2014-08-11,0.4495980441570282,0.4543556909167092,0.44840863246710794,0.4524526265412745,344624000
2014-08-12,0.4495980441570282,0.45197686753686867,0.4446025037162385,0.4493601788337311,296152000
2014-08-13,0.4522148072719574,0.4560209364104466,0.44745716002775315,0.4503117427027128,256596000
2014-08-14,0.4472193121910095,0.4538800246876076,0.44531624742657905,0.4538800246876076,255992000
2014-08-15,0.4529285132884979,0.4555452025658093,0.4443647358988186,0.4486466245936582,369796000
2014-08-18,0.45911329984664917,0.45958908716966285,0.45031165973803383,0.45483141244419034,284076000
2014-08-19,0.46281686425209045,0.4652062107374628,0.45756027919766573,0.45923284452403185,248260000
2014-08-20,0.4599497318267822,0.4632948347682154,0.45875505830839824,0.4611444053451662,221468000
2014-08-21,0.4556487798690796,0.46114428228376353,0.4549319987359408,0.45875493588461885,272796000
2014-08-22,0.4558878540992737,0.4597108208062368,0.45230383349271974,0.45517104428131017,251224000
2014-08-25,0.456604540348053,0.46090536960865314,0.45564878468833286,0.457799213560261,153380000
2014-08-26,0.46472832560539246,0.46568405276195823,0.45612666726327844,0.4577992040288963,269636000
2014-08-27,0.459471732378006,0.4654450982052619,0.45875492278208424,0.46186107870890836,182972000
2014-08-28,0.46329465508461,0.4642503821353438,0.4570823438050828,0.4585159628644359,179704000
2014-08-29,0.46472832560539246,0.46568405276195823,0.459949604372797,0.4649672431529061,207932000
2014-09-02,0.46592316031455994,0.46592316031455994,0.4616223296525317,0.46592316031455994,192636000
2014-09-03,0.4702237844467163,0.47189632105754853,0.4652061461309668,0.4683123018272283,259456000
2014-09-04,0.4785865545272827,0.48145379304887653,0.46926808629861566,0.4695070323365006,491832000
2014-09-05,0.4771530330181122,0.4802591897306752,0.4740468763055492,0.47810876039893363,253792000
2014-09-08,0.47285202145576477,0.47763071349332964,0.47094053894408855,0.47667498647911716,319288000
2014-09-09,0.4668786823749542,0.47380780330474737,0.46640081884127094,0.4707016476109265,198588000
2014-09-10,0.4685511887073517,0.47022375369204383,0.4642503602156096,0.46950694419621164,172376000
2014-09-11,0.46377259492874146,0.46687875107965643,0.4587549558785513,0.46520621422401204,250720000
2014-09-12,0.45684346556663513,0.46663979746443146,0.4563656019703843,0.46663979746443146,262536000
2014-09-15,0.45063117146492004,0.4589938838980045,0.4487196886407067,0.4582770742785175,294152000
2014-09-16,0.45732128620147705,0.4597106322927139,0.4480028193557018,0.4494364384037448,219936000
2014-09-17,0.4575602114200592,0.4618610401533065,0.4539761922228952,0.4561266208311452,173584000
2014-09-18,0.4644894301891327,0.4649672938194874,0.45899392723190646,0.46042754660622937,219604000
2014-09-19,0.4558878540992737,0.46640099830179027,0.45517104428131017,0.46592313458423584,601316000
2014-09-22,0.45134806632995605,0.4652062838188172,0.45087017417120184,0.4652062838188172,221464000
2014-09-23,0.4494365453720093,0.45445415626787333,0.44728611628813136,0.4489586532534193,196144000
2014-09-24,0.45206475257873535,0.45349837178713226,0.44871967907014965,0.44919754264519685,159592000
2014-09-25,0.44226840138435364,0.45278154198263765,0.44131267427689785,0.4515868688566909,298440000
2014-09-26,0.443224161863327,0.4465692352595687,0.44179054270307805,0.4437020254223252,241188000
2014-09-29,0.4425073564052582,0.4456135122925625,0.4353393175037502,0.4396401465413059,208540000
2014-09-30,0.4408349096775055,0.4439410661988577,0.43557832395678914,0.44059596360537817,277204000
2014-10-01,0.43653395771980286,0.4446577231353145,0.43533928465968336,0.4415515959656058,350976000
2014-10-02,0.43462255597114563,0.43796762976839676,0.4245872776128767,0.4358172292534864,288996000
2014-10-03,0.435578316450119,0.4432242488272978,0.435578316450119,0.4372508819596644,239140000
2014-10-06,0.43295007944107056,0.44083492990059836,0.4300828403770519,0.4372509095538368,199032000
2014-10-07,0.42841029167175293,0.4353394145782594,0.4279324280017465,0.4310385845816797,301896000
2014-10-08,0.4362950325012207,0.43844546120184186,0.4245872188642936,0.427932320681953,260172000
2014-10-09,0.427932471036911,0.434861594640247,0.42434845042654323,0.4343837024389202,306956000
2014-10-10,0.4026053249835968,0.42602095890280894,0.40236640738233664,0.4245873393622002,691376000
2014-10-13,0.40117165446281433,0.4133573326944831,0.4006937908716865,0.40523353771228515,397628000
2014-10-14,0.4104900062084198,0.42171992558864785,0.4042776958364222,0.40666704159746,376620000
2014-10-15,0.4167024493217468,0.4188528784286432,0.4018885055683619,0.40451676983244517,404428000
2014-10-16,0.41694140434265137,0.4217200978163134,0.4083397446967557,0.4092955004814441,351116000
2014-10-17,0.4162244498729706,0.42673758894878816,0.4145519134355053,0.42195889713703016,290716000
2014-10-20,0.4198085367679596,0.42363150223023394,0.41335730747321936,0.41622451732829785,200336000
2014-10-21,0.4377287030220032,0.43820656662826635,0.42172005858775746,0.422914731845044,351092000
2014-10-22,0.42745450139045715,0.43844550659851994,0.42745450139045715,0.4370118873163355,239512000
2014-10-23,0.4370119273662567,0.440118083773482,0.4317553703219383,0.43486152672916356,214476000
2014-10-24,0.44155165553092957,0.44417991952779384,0.4370118802001082,0.4396401726802288,210156000
2014-10-27,0.4417906701564789,0.4434632073371146,0.4365341125245113,0.44131280645962045,145092000
2014-10-28,0.4523037075996399,0.45278157118418694,0.44011802953578194,0.44059589312032904,192580000
2014-10-29,0.4494365453720093,0.4530205653618803,0.44537463326354837,0.45039227264267134,168340000
2014-10-30,0.4465692639350891,0.45015328358259754,0.44083484389237815,0.4482418292238647,170260000
2014-10-31,0.4668786823749542,0.46711762838342236,0.45445405959967083,0.45684340575134025,256316000
2014-11-03,0.4747636616230011,0.4793034376561695,0.47237431481078423,0.47763087210100913,308732000
2014-11-04,0.48097601532936096,0.48264855254244676,0.46998500767206025,0.47786985851462266,360196000
2014-11-05,0.48097601532936096,0.48408217214409927,0.47739199480849287,0.48384325453266597,335652000
2014-11-06,0.48312631249427795,0.4838431220989047,0.47452462572201265,0.4819316108310632,394088000
2014-11-07,0.47285202145576477,0.494356164108058,0.4680733294181999,0.4886217450562807,450800000
2014-11-10,0.47834762930870056,0.481453785335157,0.47117956160281727,0.4723742348065885,293388000
2014-11-11,0.47261321544647217,0.47810868979960636,0.46855130346962265,0.47548042564881565,212992000
2014-11-12,0.46950703859329224,0.47213530262876974,0.4630557803169912,0.4709406293899372,204584000
2014-11-13,0.4671178162097931,0.4718965104346275,0.4632948494366198,0.47117970060424946,225328000
2014-11-14,0.47285202145576477,0.47285202145576477,0.46305569138545627,0.46759546591109363,160248000
2014-11-17,0.4707017242908478,0.475719363420056,0.4675955680910168,0.4707017242908478,158732000
2014-11-18,0.4819316864013672,0.48312638825191967,0.46974600666167804,0.4709406800289707,207772000
2014-11-19,0.48013198375701904,0.48373119934176334,0.47509313914596807,0.4822915131078656,240300000
2014-11-20,0.48805028200149536,0.4885301965618042,0.4753331468331162,0.47677283330644227,220968000
2014-11-21,0.4906899034976959,0.4930893627506686,0.4866108284884044,0.4923695192540147,198976000
2014-11-24,0.4938090145587921,0.49596848700286106,0.4899698698028043,0.4918894135769988,136004000
2014-11-25,0.49356919527053833,0.49716841257145744,0.49188957959931545,0.4928493518103545,190240000
2014-11-26,0.5019671320915222,0.5024470466108394,0.4904496984962715,0.4906896843597279,219264000
2014-11-28,0.503166913986206,0.5060462871527738,0.4990878401386384,0.503646828583169,124832000
2014-12-01,0.4938090145587921,0.5038867051847111,0.49308917134156943,0.5010073895234195,190060000
2014-12-02,0.4945289194583893,0.4966883921718084,0.4887701730023223,0.49332916154417333,245952000
2014-12-03,0.5072459578514099,0.5074858865048479,0.4954885957190254,0.49692828205484313,284424000
2014-12-04,0.5026869177818298,0.5084456053171215,0.49932768815354217,0.506526061874554,185332000
2014-12-05,0.5055662393569946,0.5082056256272325,0.5026868672748565,0.5029267958791735,165680000
2014-12-08,0.4990875720977783,0.5098851584658314,0.4950085004409241,0.5048463153381129,226944000
2014-12-09,0.4974082410335541,0.4986079989611682,0.48853024975811515,0.4959685544034598,239448000
2014-12-10,0.4863707423210144,0.4978881786871603,0.4858908848938475,0.49596857735566463,204364000
2014-12-11,0.48613065481185913,0.4926091856232618,0.48517088306342737,0.4892499558999553,135652000
2014-12-12,0.4710140824317932,0.4839711445657793,0.4705341679348484,0.4796521143198518,323964000
2014-12-15,0.4695744216442108,0.4851709285468198,0.46813473528280136,0.47653283898216114,254696000
2014-12-16,0.46429556608200073,0.4765328136931719,0.46405563743703054,0.469094510830759,185308000
2014-12-17,0.4832514822483063,0.4839713256592796,0.4582970918253432,0.4736536463788144,345596000
2014-12-18,0.4851708710193634,0.4950086313098563,0.4806118838179983,0.48924994375463093,226156000
2014-12-19,0.4899698495864868,0.49188939328148024,0.48397117542633844,0.4885301632114435,325528000
2014-12-22,0.4986080825328827,0.4986080825328827,0.48781048820499745,0.48949010381909225,148976000
2014-12-23,0.49548864364624023,0.5048465485266239,0.49500872908534854,0.5024470901373665,109280000
2014-12-24,0.49356919527053833,0.49740834132231265,0.4930893377688279,0.4966884978621288,45644000
2014-12-26,0.494049072265625,0.4966884599464038,0.492369456722619,0.49356915759293163,52636000
2014-12-29,0.49332907795906067,0.4966883080175389,0.49020977655973197,0.49260923477401586,82944000
2014-12-30,0.48877012729644775,0.4923693434949197,0.4880502840567533,0.48996988509847195,112120000
2014-12-31,0.48109182715415955,0.49212934566845745,0.47965211227326476,0.48948990175791274,166300000
2015-01-02,0.4830115735530853,0.4866107907572766,0.4753332816558884,0.4830115735530853,113680000
2015-01-05,0.47485315799713135,0.48445101806687674,0.4726936573588099,0.4830113319054664,197952000
2015-01-06,0.4604564905166626,0.4760529693490393,0.45997660458104156,0.4755730834134183,197764000
2015-01-07,0.45925667881965637,0.46789473852325175,0.4578169926677925,0.46381563729423547,321808000
2015-01-08,0.47653287649154663,0.47941224944100996,0.4642956272677284,0.46453558454811705,283780000
2015-01-09,0.4784524738788605,0.48205169025342115,0.47173398431935015,0.47821254518975764,209540000
2015-01-12,0.4724537432193756,0.47989207472539636,0.46813471294503445,0.47965211747534536,190732000
2015-01-13,0.47173386812210083,0.4856507297951347,0.4683746384716903,0.4760528981039106,236720000
2015-01-14,0.4736534655094147,0.47509315178160244,0.4654953195771406,0.4666950486026983,155260000
2015-01-15,0.4702942371368408,0.47989206937104695,0.47005427988946713,0.4770127254215444,188932000
2015-01-16,0.47893229126930237,0.479412177153921,0.4681347015445058,0.4695743878021576,181512000
2015-01-20,0.48037204146385193,0.4849309722764145,0.4743733669944176,0.4822915852578152,140308000
2015-01-21,0.4870905876159668,0.48829034560389745,0.47437345042347195,0.47773270986130717,144780000
2015-01-22,0.49548864364624023,0.4969283301213147,0.48301143713906197,0.4880502825942222,159712000
2015-01-23,0.49692845344543457,0.4978882255978067,0.491889549532155,0.4959686240854477,120416000
2015-01-26,0.49476873874664307,0.4971681968368606,0.4916494375086009,0.49476873874664307,133240000
2015-01-27,0.4710140824317932,0.4875703602738826,0.47005428204170013,0.48709044577693783,357948000
2015-01-28,0.46333587169647217,0.47869242308799564,0.4630959144076197,0.47677285058858004,272728000
2015-01-29,0.4746133089065552,0.4772526958397133,0.46141625982556944,0.46357578942957023,235340000
2015-01-30,0.4606964588165283,0.4767728535713856,0.45997664415307027,0.47125409332746454,298200000
2015-02-02,0.4707740843296051,0.4726936563394145,0.4544577651519162,0.46357571074566534,259604000
2015-02-03,0.4825315475463867,0.4830114621321112,0.47173398423601737,0.47413344274943275,183468000
2015-02-04,0.48373129963874817,0.4892500598745567,0.4796521973315409,0.481091912467745,181516000
2015-02-05,0.4916493892669678,0.4918893178901692,0.48373117262544196,0.48421102987184483,140448000
2015-02-06,0.48949000239372253,0.49692836395214346,0.48733047253409023,0.49116961765979067,210524000
2015-02-09,0.4890100955963135,0.4904497248163316,0.48349133576218156,0.4866106372861517,273944000
2015-02-10,0.5026869177818298,0.5029268464102535,0.4873303414109335,0.4894898706895137,226204000
2015-02-11,0.49932751059532166,0.503886438952186,0.4959682249539891,0.503886438952186,320832000
2015-02-12,0.5350796580314636,0.5398785741136443,0.5247619827340162,0.5278812839081928,676904000
2015-02-13,0.5353197455406189,0.5360395888873337,0.5257219105278995,0.5338800588471891,310084000
2015-02-17,0.5369992256164551,0.5396386696251059,0.5310006088490378,0.5343598388153991,203340000
2015-02-18,0.5307607054710388,0.5372392949655826,0.5298009335040114,0.5362794657909515,170948000
2015-02-19,0.5322004556655884,0.5384390600086811,0.529800996857292,0.5374792879268846,169432000
2015-02-20,0.5360394716262817,0.5362794002868315,0.5278813250916236,0.5317204696984029,157752000
2015-02-23,0.5317204594612122,0.535799532650007,0.5290810154155954,0.535799532650007,125008000
2015-02-24,0.5373810529708862,0.5373810529708862,0.5289506382212796,0.5337680344861672,149356000
2015-02-25,0.5332861542701721,0.5376218444090536,0.530877456668976,0.5352130893799767,123820000
2015-02-26,0.5347311496734619,0.5378624609237681,0.5303954614371046,0.5337676825413343,152864000
2015-02-27,0.5313591957092285,0.5344905081953735,0.5294322032565896,0.5332861307339893,157492000
2015-03-02,0.5443661212921143,0.5472565811010054,0.529191322151186,0.5299139371034088,301512000
2015-03-03,0.5342497229576111,0.5429210474489599,0.5325636400603894,0.540271496814453,160344000
2015-03-04,0.5402714014053345,0.5414757215072913,0.530154848380643,0.532322693477623,226840000
2015-03-05,0.550628662109375,0.5515921294230546,0.5388260295901677,0.5402712592746203,323056000
2015-03-06,0.5431618690490723,0.550147052078398,0.5426801065448957,0.5474975018751325,257392000
2015-03-09,0.5446068644523621,0.5487017008354088,0.5421981675712035,0.5434025447257146,222388000
2015-03-10,0.5540010929107666,0.5576141688598857,0.5460523832505986,0.5470158510277323,527212000
2015-03-11,0.5511106848716736,0.561227182587002,0.5496654545043714,0.5540010881783846,262120000
2015-03-12,0.5460522770881653,0.549906204875321,0.5356948712848828,0.5458114245476814,406972000
2015-03-13,0.5467748641967773,0.5482200942215935,0.5359356964385362,0.543402699090793,359288000
2015-03-16,0.553278386592865,0.5566506093992499,0.5474975234543092,0.5511105988083345,236956000
2015-03-17,0.56002277135849,0.5602636239046596,0.5482201351779157,0.5520740630560506,299900000
2015-03-18,0.5508698225021362,0.5629133142247825,0.5458115732069944,0.5600229106680864,413844000
2015-03-19,0.5593000054359436,0.56122694014133,0.5487017497005806,0.5527965290204284,310756000
2015-03-20,0.5653220415115356,0.5686942653088397,0.5585777087727303,0.5638768683731498,462084000
2015-03-23,0.5470159649848938,0.5556872916413407,0.5467751123474082,0.5484611956656192,426012000
2015-03-24,0.5395488739013672,0.549183665991552,0.537140175878821,0.5453297376698999,330480000
2015-03-25,0.506790816783905,0.5393082846810677,0.5051046756596491,0.5393082846810677,542552000
2015-03-26,0.5051043629646301,0.5072722081298379,0.49282002188421975,0.49643309715956585,311920000
2015-03-27,0.5149799585342407,0.5169068933354196,0.49980516033437383,0.5079947193811918,318288000
2015-03-30,0.5171478390693665,0.5197973889614389,0.5106443044523016,0.5173886915792252,253252000
2015-03-31,0.5041407346725464,0.5161842193717064,0.503659029741299,0.515702514440459,357276000
2015-04-01,0.5060679316520691,0.5077540144500733,0.4973966076709846,0.5060679316520691,330768000
2015-04-02,0.5072721838951111,0.5104034965081862,0.5029365511997121,0.508958266467093,192204000
2015-04-06,0.5219652056694031,0.5236512880031868,0.4998051679776066,0.5051042674758206,515864000
2015-04-07,0.5265418291091919,0.5323226919230413,0.5190748262729169,0.5219652863937821,413964000
2015-04-08,0.5303955078125,0.5323224996730982,0.5219650978844473,0.5270233438412789,366432000
2015-04-09,0.5426801443099976,0.5443662270501267,0.5260601120357284,0.5263009645906366,379432000
2015-04-10,0.5482199788093567,0.5484608312868281,0.5412347401118768,0.5431617322152511,258728000
2015-04-13,0.5431618690490723,0.550147052078398,0.5407531139560717,0.5470157393709559,236724000
2015-04-14,0.5385853052139282,0.5431618478272078,0.5332861475865582,0.5409940027849365,220276000
2015-04-15,0.5450887680053711,0.54918354802131,0.537380913017793,0.5400305204729546,243560000
2015-04-16,0.5417167544364929,0.5465341507936033,0.5378628258652256,0.5419576070259801,155284000
2015-04-17,0.5347311496734619,0.5400303050419468,0.5301546090110366,0.5303954614371046,293636000
2015-04-20,0.5320819616317749,0.5405123765413371,0.5311184364182011,0.5371402105775123,231624000
2015-04-21,0.5313591957092285,0.5385852881938987,0.5287095882653348,0.5385852881938987,230456000
2015-04-22,0.5373810529708862,0.5381036681534087,0.526301030076066,0.5344906496686896,207420000
2015-04-23,0.5352128744125366,0.5402711775429052,0.5214833093429658,0.5275050796412615,259380000
2015-04-24,0.530636727809906,0.5352132141192795,0.5246149536895124,0.5349723615313898,240960000
2015-04-27,0.5347311496734619,0.5441250834243806,0.5277459124667899,0.5323224531292152,248456000
2015-04-28,0.5373810529708862,0.5393080459335773,0.5287097282085098,0.5337680344861672,234484000
2015-04-29,0.5332861542701721,0.5388261644957113,0.5311183092007314,0.5335270068019276,195156000
2015-04-30,0.5347311496734619,0.5373806986437766,0.529431994304977,0.5306363712910281,218844000
2015-05-01,0.5479791760444641,0.5496652583954604,0.5366582471582599,0.5390669444350936,256968000
2015-05-04,0.5446068644523621,0.5511103977165673,0.5429207823783374,0.5474973236808978,200720000
2015-05-05,0.530636727809906,0.543402833814362,0.5282280296473274,0.542680218622799,292928000
2015-05-06,0.5323225259780884,0.5385851493357471,0.5253372878154795,0.5335268457010963,316484000
2015-05-07,0.5417167544364929,0.5434028374186921,0.5284688857404918,0.5301549687226911,534564000
2015-05-08,0.5017321109771729,0.5260599938204438,0.4935425516717789,0.5060678005585273,1146552000
2015-05-11,0.49691450595855713,0.5019728083280236,0.49089279399394337,0.49474666208592866,544144000
2015-05-12,0.5017321109771729,0.5058268906298697,0.4930607892423373,0.4933016991709948,388800000
2015-05-13,0.5046225786209106,0.5091991207749033,0.49980518396235235,0.5053451935624818,308524000
2015-05-14,0.5128121972084045,0.5154618047757591,0.5048634893621027,0.5060678668796058,293052000
2015-05-15,0.5130531191825867,0.5173887520057857,0.5099218064772109,0.5149800543422568,215824000
2015-05-18,0.5123303532600403,0.5154616650432483,0.5094398939438897,0.5118485908980601,324972000
2015-05-19,0.5091363787651062,0.514702033315081,0.508168393691772,0.5130080882836014,253808000
2015-05-20,0.5091363787651062,0.5154279932732265,0.5086523862284391,0.5093783461865845,196824000
2015-05-21,0.5055063962936401,0.5115560411940514,0.505022403931879,0.5093781621066606,239692000
2015-05-22,0.504780650138855,0.5086524175897773,0.5035707552631559,0.5067165627111732,212592000
2015-05-26,0.5016348361968994,0.5057485710309642,0.4977630687960993,0.5023607961904065,259732000
2015-05-27,0.5284948945045471,0.5309147405979544,0.5033284489781661,0.5050223354741831,432332000
2015-05-28,0.535754382610321,0.5374482689477023,0.5275269182019908,0.5284948450099692,327656000
2015-05-29,0.5355125069618225,0.5391422475362352,0.5347865473082027,0.5357544742818003,335168000
2015-06-01,0.5415621995925903,0.5468858855277053,0.5355126115557618,0.5389003854718816,372660000
2015-06-02,0.5309149026870728,0.5410782824597511,0.5304309102431549,0.5381744431836432,224304000
2015-06-03,0.525107204914093,0.53648047759013,0.5241392201680419,0.5323667443473309,250788000
2015-06-04,0.534544825553894,0.53623871295927,0.5219615960354298,0.5219615960354298,323712000
2015-06-05,0.5386584401130676,0.5410782869654083,0.5272851079827368,0.5328507615124902,313320000
2015-06-08,0.5263171792030334,0.5405942928971611,0.5202675909371639,0.5369645514763793,342812000
2015-06-09,0.5289790034294128,0.5328507118775492,0.5258331970450313,0.5268011241570654,256888000
2015-06-10,0.5195416808128357,0.5260752621501951,0.5166378412434737,0.5226874877817428,529460000
2015-06-11,0.525107204914093,0.5287369457838664,0.5195415522459081,0.5195415522459081,283052000
2015-06-12,0.5108300447463989,0.524865129903438,0.5096200927758913,0.5217193240125406,323728000
2015-06-15,0.5098622441291809,0.5122820909761446,0.5042965906117944,0.5081682994119766,306548000
2015-06-16,0.5161535739898682,0.5168795334957632,0.5038123777770017,0.5088940366245924,256892000
2015-06-17,0.522203266620636,0.5251071049184323,0.5147017612762355,0.515911655437864,233544000
2015-06-18,0.5309149026870728,0.534302676713399,0.5251072818285563,0.5265592014666102,299404000
2015-06-19,0.5292210578918457,0.5352706466080697,0.524381363841385,0.5309149450401366,355656000
2015-06-22,0.5270432233810425,0.5330928703088789,0.5190577217447754,0.530189030552524,514236000
2015-06-23,0.5134921073913574,0.5321249267647008,0.5093783725448048,0.5280111919181482,414064000
2015-06-24,0.5084102153778076,0.5154277870361466,0.5059903690501412,0.5127659156901323,253368000
2015-06-25,0.5122820138931274,0.5154278200902012,0.5084102479818298,0.5084102479818298,350460000
2015-06-26,0.5018767714500427,0.5086523783904223,0.4996989493028757,0.5081683858612132,421296000
2015-06-29,0.4868735373020172,0.5011506471090434,0.48614757767677147,0.4960689297323233,391724000
2015-06-30,0.4866316616535187,0.49195534797469126,0.48324388749172786,0.489777468430525,315916000
2015-07-01,0.4936491549015045,0.5057483875816997,0.48929345421411113,0.49873087301277114,302892000
2015-07-02,0.4941330850124359,0.49727889088220173,0.4909872791426701,0.493407125373745,145764000
2015-07-06,0.4880836308002472,0.49679509216581985,0.4844538888859213,0.4900195431557675,214776000
2015-07-07,0.4788881540298462,0.4871156508410618,0.46364311271060465,0.4851797963883999,594252000
2015-07-08,0.47550034523010254,0.47913011533453403,0.4716285789133029,0.47622630502035856,332492000
2015-07-09,0.46969273686408997,0.4851798034867721,0.4667889262957626,0.48300192392538827,357588000
2015-07-10,0.47792014479637146,0.4822758742611548,0.47453234239183073,0.4757422656405569,216708000
2015-07-13,0.481065958738327,0.4837277726201658,0.4779201524717483,0.4827598455443783,212472000
2015-07-14,0.4813080132007599,0.48227596929859395,0.4750164283756697,0.4817920056731026,249216000
2015-07-15,0.47792014479637146,0.4832438013213975,0.47356441533158805,0.4800979951053403,265732000
2015-07-16,0.4885675609111786,0.4885675609111786,0.479130140829376,0.4808240278655405,282848000
2015-07-17,0.48566359281539917,0.48735747940240687,0.47937198109583634,0.4868735447739389,220372000
2015-07-20,0.4767102301120758,0.48759956839309165,0.47550030684161254,0.4856636565441349,188412000
2015-07-21,0.4788881540298462,0.48566373115471473,0.47574234727399467,0.47574234727399467,149720000
2015-07-22,0.46969273686408997,0.47550038684759577,0.46388511572743524,0.47550038684759577,356472000
2015-07-23,0.47550034523010254,0.4825178892265974,0.469692695754903,0.47066065175752725,169916000
2015-07-24,0.46993476152420044,0.47937215365384916,0.4679988780792627,0.478888190004328,188844000
2015-07-27,0.46727290749549866,0.4725965652121911,0.46194924977880614,0.46582098773328606,192420000
2015-07-28,0.4774361848831177,0.48058196227616035,0.46364303666567125,0.4684827296972396,198308000
2015-07-29,0.4832439124584198,0.48711567928351546,0.47453245152538065,0.4764683349379285,232680000
2015-07-30,0.48445379734039307,0.4892934907740928,0.4820339217766949,0.4820339217766949,190180000
2015-07-31,0.48275983333587646,0.48663157038796045,0.4798560233351021,0.4863896030485558,218340000
2015-08-03,0.4909871816635132,0.49147111619743816,0.48033984305256977,0.4866314246961467,397132000
2015-08-04,0.4929230511188507,0.4943749701549019,0.4873573999431048,0.4892933112223982,260100000
2015-08-05,0.49800488352775574,0.5055063900331684,0.4970368988162215,0.5050223976774014,234628000
2015-08-06,0.4948591887950897,0.5004248425171095,0.48663166305795064,0.49679504326635665,655676000
2015-08-07,0.5560812950134277,0.5655186562401163,0.5294629250799883,0.5434980697862521,1405248000
2015-08-10,0.5754401683807373,0.5795539024965058,0.5488217937831945,0.5522096257259185,662304000
2015-08-11,0.5725362300872803,0.5781018829758474,0.5669705771987131,0.5669705771987131,435008000
2015-08-12,0.5739883184432983,0.5781020530592904,0.5633410019258066,0.5633410019258066,384048000
2015-08-13,0.5691483616828918,0.5759239655772243,0.5676964424417004,0.5747140136450034,276884000
2015-08-14,0.5696325898170471,0.5730203643198782,0.5652768302902292,0.5686646047930604,214652000
2015-08-17,0.5660027265548706,0.5686645408371998,0.5589851532356016,0.5686645408371998,273880000
2015-08-18,0.5608511567115784,0.5681412425069203,0.5564770704725021,0.5642531851621142,287084000
2015-08-19,0.5586639642715454,0.5664400768827472,0.5525888654309622,0.5601219926282003,249248000
2015-08-20,0.5384947061538696,0.5550188724077391,0.5358216349555294,0.5523458591458329,426932000
2015-08-21,0.5217276811599731,0.5435979396123707,0.5212416522420047,0.5346068391533638,382664000
2015-08-24,0.5032593011856079,0.5304756378703342,0.48600606188705936,0.4925671316717557,682284000
2015-08-25,0.4928101897239685,0.5273166114137434,0.4928101897239685,0.5253725542003195,622684000
2015-08-26,0.5299897193908691,0.5304757482649847,0.504960420071132,0.508848477254708,614976000
2015-08-27,0.5499157905578613,0.5501587759446461,0.5324195681078951,0.5355786098818176,463764000
2015-08-28,0.552345871925354,0.5557478994167528,0.5460277877633645,0.5499158440120069,320944000
2015-08-31,0.5462707877159119,0.5535609295864578,0.5440838030911851,0.5496728732343122,219352000
2015-09-01,0.5239147543907166,0.5394669871387514,0.5200267541401722,0.530475885170555,353408000
2015-09-02,0.539709746837616,0.5399527322674856,0.5292606201794986,0.5382517183855177,344044000
2015-09-03,0.5411677360534668,0.5504018769562934,0.5401957364680208,0.5477288056757721,262556000
2015-09-04,0.5285314917564392,0.5404386442939392,0.5282885063790701,0.531933518785317,287972000
2015-09-08,0.5511308908462524,0.553317933594617,0.5392237932901879,0.5414107781021105,238448000
2015-09-09,0.540195882320404,0.5574490679138309,0.5389808390582091,0.5528320541522641,289392000
2015-09-10,0.5487010478973389,0.555505163877119,0.5346069028348381,0.5370369318412322,357076000
2015-09-11,0.5504018664360046,0.5540468792958658,0.5404387115504187,0.5426257540281962,301584000
2015-09-14,0.5513737797737122,0.5547758066939233,0.5484577235927164,0.5530747932338178,192460000
2015-09-15,0.5574489831924438,0.5603650402293666,0.5499159130956504,0.5516169270550411,327976000
2015-09-16,0.5613371133804321,0.5644961562716446,0.5523460135886927,0.5564770563072513,173508000
2015-09-17,0.5664401054382324,0.5761602177240286,0.5652250624342883,0.5710571182184782,268712000
2015-09-18,0.5659541487693787,0.5708142055315979,0.5552620354797858,0.5586640636260499,326412000
2015-09-21,0.5717862248420715,0.5730012680423834,0.5637671251166491,0.5666831824482386,281840000
2015-09-22,0.5562338829040527,0.5632809806601511,0.5533178264707898,0.5593929247279441,228356000
2015-09-23,0.5589070320129395,0.5623090600552979,0.5545330042351135,0.5567199891558041,161632000
2015-09-24,0.5695993304252625,0.5754313880801003,0.5467570128777559,0.5555051283282416,382440000
2015-09-25,0.5737302899360657,0.5849084326058694,0.5681412186011637,0.5766462893696345,369692000
2015-09-28,0.5661971569061279,0.5773752994942727,0.5625521431566823,0.573730285744827,395584000
2015-09-29,0.576160192489624,0.5771321920883447,0.5642530380800962,0.5722721361583051,380736000
2015-09-30,0.599002480506897,0.5997314947347528,0.57810422713887,0.5815062549112371,556380000
2015-10-01,0.587338387966156,0.6007035140627863,0.5703281326744485,0.5990025001209041,489296000
2015-10-02,0.6026474237442017,0.6026474237442017,0.5781041044458101,0.5841792024097894,386144000
2015-10-05,0.6177136301994324,0.6252466985216812,0.6033764497060041,0.6065354914396893,482024000
2015-10-06,0.625732958316803,0.628405972333858,0.6087227585114107,0.6111527870550382,453216000
2015-10-07,0.6322940587997437,0.6386121448923288,0.6169848724740384,0.6271910160033263,310152000
2015-10-08,0.6359389424324036,0.637639956194158,0.6189286889419868,0.6296208582107806,460068000
2015-10-09,0.6335088014602661,0.6386118418350031,0.6216016493161208,0.6325367441100466,423248000
2015-10-12,0.6403128504753113,0.6439579206701435,0.6296207411311787,0.634237752796066,227588000
2015-10-13,0.6415281891822815,0.6454161886020976,0.6330230600944169,0.6352101032204024,298444000
2015-10-14,0.6648563742637634,0.6753055014723021,0.6415280916106643,0.642257047938672,612148000
2015-10-15,0.6665573120117188,0.6801654801645792,0.6592672281373045,0.6660712832455165,526048000
2015-10-16,0.6770064234733582,0.6833245076159996,0.6670432685036408,0.6687443401805664,448396000
2015-10-19,0.6757915019989014,0.6823526306667407,0.6680154460644272,0.6791935880277074,294712000
2015-10-20,0.6748194694519043,0.6779785119374034,0.6677723702199108,0.6728754700468785,264824000
2015-10-21,0.6660712957382202,0.6830815497006643,0.6648563107045814,0.6789504499515545,386280000
2015-10-22,0.6901286840438843,0.6923157269250597,0.6728755002562433,0.673847500002395,306884000
2015-10-23,0.6947457790374756,0.69936285041028,0.6857546796890573,0.6962038076748294,381776000
2015-10-26,0.6915867328643799,0.6969328185292876,0.6852686474248837,0.6952318044396458,247436000
2015-10-27,0.6911005973815918,0.6954746242939278,0.68769851207596,0.6881845408157455,208268000
2015-10-28,0.6966897249221802,0.6966897249221802,0.6852685410502289,0.695474681940221,217036000
2015-10-29,0.6726322174072266,0.6925584658235061,0.6714172326411885,0.6855114267203501,327168000
2015-10-30,0.6893996596336365,0.6942597741659668,0.6748194898459793,0.6799225898271706,301160000
2015-11-02,0.6974188089370728,0.6981478232724976,0.6874557095803483,0.6915867521901231,190088000
2015-11-03,0.6925585269927979,0.697175596971674,0.6847824731686397,0.6932875410913799,376768000
2015-11-04,0.6811375021934509,0.6957176704224696,0.6779784599501865,0.6906146289232445,442264000
2015-11-05,0.6733614206314087,0.6864836189973138,0.6714174212849848,0.6845395617144487,478800000
2015-11-06,0.7666747570037842,0.7761518860421294,0.7246352559093224,0.7399444420726292,1172272000
2015-11-09,0.7632726430892944,0.7654596859925676,0.7525804719642564,0.7591416006740759,492568000
2015-11-10,0.7486922740936279,0.7574403854468454,0.7326540796021344,0.753309286192368,552260000
2015-11-11,0.7414023876190186,0.7545245291613958,0.7387293158704261,0.749178443600657,619896000
2015-11-12,0.7387292981147766,0.7465054118459591,0.7355702555325115,0.7397012978470633,291080000
2015-11-13,0.7241490483283997,0.7426172729475419,0.7205039773144197,0.7394582307142388,292940000
2015-11-16,0.7387292981147766,0.7392153269491423,0.7277941418013291,0.7336262560679382,344280000
2015-11-17,0.7387292981147766,0.7450473832793069,0.7355702555325115,0.7406733555157946,257048000
2015-11-18,0.7569016218185425,0.7578773704618018,0.7337286674351562,0.7417782157252268,350216000
2015-11-19,0.759097158908844,0.7666588347687333,0.7534868645107171,0.7595850333525087,254072000
2015-11-20,0.7656830549240112,0.7700737499366388,0.760072761178837,0.7647073643066856,239744000
2015-11-23,0.754218578338623,0.7720251506405246,0.7515354145342021,0.7720251506405246,242552000
2015-11-24,0.760316789150238,0.7669027740471909,0.7508036740073301,0.7542186205233136,195428000
2015-11-25,0.7593409419059753,0.7678783652461469,0.7566577782991505,0.7588531256991555,138300000
2015-11-27,0.7656830549240112,0.7681223105455461,0.7569017230551977,0.7608045436809416,86996000
2015-11-30,0.773732602596283,0.7771476069841061,0.7656830532472021,0.7664148357477041,327244000
2015-12-01,0.7988568544387817,0.7995886368064801,0.7798306291914872,0.7805624115591855,409496000
2015-12-02,0.7927588224411011,0.8083700465790659,0.7910513493444832,0.8000765892079384,294240000
2015-12-03,0.79105144739151,0.80739445604744,0.7871486263341727,0.7991009976483782,246656000
2015-12-04,0.8232495188713074,0.8247130838070562,0.791051322910587,0.791051322910587,458756000
2015-12-07,0.8076383471488953,0.8230056636487905,0.8051990914847285,0.8230056636487905,333588000
2015-12-08,0.8186149001121521,0.8220298461251615,0.7925148725035265,0.7976372915230406,314488000
2015-12-09,0.7978811860084534,0.8232494888869679,0.7895877292165252,0.8183709780497823,372676000
2015-12-10,0.8044674396514893,0.8088580772976495,0.7976374877884658,0.800320652007983,236596000
2015-12-11,0.7925149202346802,0.8020280345493892,0.7908074471253387,0.7964177408373639,227320000
2015-12-14,0.7944663166999817,0.7988570117709037,0.7849532022027594,0.7932467179512426,275892000
2015-12-15,0.804223358631134,0.8098336525855406,0.7991009390818058,0.803491576101738,307296000
2015-12-16,0.8091018199920654,0.8117850418193044,0.79885698152732,0.8059307819463757,236356000
2015-12-17,0.796905517578125,0.8186149088527414,0.7964177013747366,0.8103214518307561,254160000
2015-12-18,0.783977210521698,0.7993445210559244,0.7830015202660877,0.7912949746734048,395896000
2015-12-21,0.802515983581543,0.8032477662004229,0.7854411915060603,0.7925150513842669,284216000
2015-12-22,0.8032475113868713,0.8112970594845496,0.7983690009129109,0.8049549842371143,130012000
2015-12-23,0.8064185380935669,0.8095895756743561,0.8030035924393113,0.8044671571929727,122524000
2015-12-24,0.8091018199920654,0.8110532593351883,0.8027597439006858,0.8039794007596927,52448000
2015-12-28,0.8083701133728027,0.8083701133728027,0.7893439414695138,0.8005645297370835,142024000
2015-12-29,0.821541965007782,0.8239812202752412,0.8066624671667771,0.8088578143544204,203660000
2015-12-30,0.8144683241844177,0.8278842608064279,0.8142244160396471,0.8208104012000426,180344000
2015-12-31,0.8039793372154236,0.8169073964856106,0.8039793372154236,0.8132485425106556,148528000
2016-01-04,0.7895879745483398,0.7947103950720341,0.7815384233502747,0.7876365928697291,358076000
2016-01-05,0.8022719621658325,0.8156878974093572,0.7927588476198664,0.8044673097125422,490272000
2016-01-06,0.7690979242324829,0.7927586937898731,0.7600726276772389,0.7890997819220131,449344000
2016-01-07,0.7386071085929871,0.7549501104325882,0.7288500309408957,0.7498276344878662,645304000
2016-01-08,0.7227521538734436,0.7488521835519988,0.7212885888499571,0.7481204010402556,398472000
2016-01-11,0.7239717245101929,0.7290942018934896,0.7110436642321294,0.7234839082922674,409372000
2016-01-12,0.7361680865287781,0.7469008587412169,0.7310456667158731,0.7368998690958283,469356000
2016-01-13,0.7137268781661987,0.7466568569261618,0.7129950956909604,0.7417782877057605,481672000
2016-01-14,0.6993352770805359,0.7073848264279634,0.6786015752689336,0.6990913108094577,600236000
2016-01-15,0.6612829566001892,0.6793334984186511,0.6498184586484688,0.6712839474046426,841452000
2016-01-19,0.6666492223739624,0.6939689092317807,0.6639660004184913,0.6749426800483721,457140000
2016-01-20,0.6703080534934998,0.6788454771482242,0.6451837150670011,0.6539650468341219,481180000
2016-01-21,0.678113579750061,0.688602382839539,0.6637219567413585,0.6776257636079273,481456000
2016-01-22,0.6939688920974731,0.6986034952184546,0.6895781970913514,0.691041762093392,257996000
2016-01-25,0.6932370662689209,0.7017744894762719,0.6917735013583536,0.6937249406245892,270728000
2016-01-26,0.7000671625137329,0.7029942931886886,0.6876269734580807,0.6947008338182538,227944000
2016-01-27,0.6917734742164612,0.701286587605462,0.6786015068510357,0.699091240325746,231700000
2016-01-28,0.6842117309570312,0.6998229521165181,0.670795798699246,0.6973836969929599,276776000
2016-01-29,0.7144584655761719,0.7159220302461913,0.6873827518065256,0.6900659149306091,310504000
2016-02-01,0.7147026062011719,0.7183614606126634,0.7076287473407948,0.713726915568537,289884000
2016-02-02,0.6844556927680969,0.7110435931495773,0.6795771821379043,0.7073847392551499,341908000
2016-02-03,0.6878708004951477,0.6939689692965474,0.6720156662931147,0.6898222401004326,326772000
2016-02-04,0.6881146430969238,0.703725866350664,0.6812846929408619,0.688846367391366,348140000
2016-02-05,0.6446958780288696,0.6910417951422827,0.6427444967037854,0.6834801198120262,600428000
2016-02-08,0.6151808500289917,0.6381098403996825,0.6061555522193324,0.6349388023922755,608852000
2016-02-09,0.6217666864395142,0.6476228005687997,0.6049358098193598,0.6078629390250999,425372000
2016-02-10,0.6203034520149231,0.6437203236560187,0.6168885048947845,0.6256698390297525,335800000
2016-02-11,0.6171323657035828,0.6234744431007291,0.60444821090929,0.60444821090929,340144000
2016-02-12,0.6276211142539978,0.6288407712507479,0.6037163721570048,0.6268893316872372,340816000
2016-02-16,0.658355712890625,0.6593314616964455,0.6346949384001234,0.6366463196988776,485352000
2016-02-17,0.6746986508369446,0.6810407260931796,0.6639658812541936,0.6666491027280975,771468000
2016-02-18,0.7327530384063721,0.7556820866302837,0.7293380923378443,0.7300698748034486,1068660000
2016-02-19,0.7425100803375244,0.7490961227047566,0.7232399439243535,0.728850237540295,525628000
2016-02-22,0.7688539624214172,0.7773913847245246,0.751779175971634,0.7532427407271874,449668000
2016-02-23,0.7708057761192322,0.7781235452972568,0.759097310540517,0.7627562242077592,369380000
2016-02-24,0.776171863079071,0.7773915199730355,0.7464129211123518,0.767634497447087,336852000
2016-02-25,0.7778792977333069,0.7817821181819499,0.7639755471371228,0.7790989545669498,349616000
2016-02-26,0.7727571129798889,0.783489828851494,0.7649514697151999,0.7815384471135499,361964000
2016-02-29,0.7677380442619324,0.7838957931559785,0.7672484508823003,0.7738584284538084,323344000
2016-03-01,0.8017674684524536,0.8017674684524536,0.7684726599233542,0.7696967603754239,348700000
2016-03-02,0.8064188361167908,0.8093566302801554,0.7958918181891576,0.7973607152708398,233812000
2016-03-03,0.799319326877594,0.8088670419209336,0.7885474530123908,0.8054396540403337,302004000
2016-03-04,0.7968711853027344,0.8061741036139476,0.7907507997642692,0.8054396550145988,175304000
2016-03-07,0.7917301654815674,0.7978505519505732,0.7814479418957034,0.7924646141925813,239968000
2016-03-08,0.7772859334945679,0.7883026033637904,0.7748377911201093,0.7836511153418237,274940000
2016-03-09,0.7767962217330933,0.7853646895545447,0.7667587986687094,0.7841406477378986,222788000
2016-03-10,0.7755722999572754,0.7858545220766023,0.759904199216467,0.7814478304390381,286084000
2016-03-11,0.7887921333312988,0.7890369884068602,0.7777755227170728,0.7870784396439373,277400000
2016-03-14,0.7907509207725525,0.7939335124006536,0.7814479426693862,0.7851201862280917,190312000
2016-03-15,0.7868335247039795,0.7917298083230815,0.7728791222263696,0.7865887280335159,226216000
2016-03-16,0.8103359341621399,0.8130289317961324,0.7772859809068358,0.7809582238766793,363644000
2016-03-17,0.8034811019897461,0.8113151224944524,0.7924644322225759,0.8073981414262581,353680000
2016-03-18,0.8277177810668945,0.838489596421482,0.8078877859070606,0.8130289260283694,545512000
2016-03-21,0.8301658034324646,0.8304106001371835,0.8115599114026298,0.820373234823953,337780000
2016-03-22,0.8286970257759094,0.8345725561132601,0.8184148039093047,0.8274729837077753,242012000
2016-03-23,0.8428962826728821,0.8490166097164267,0.8286970212036134,0.832369264124397,429008000
2016-03-24,0.8441203832626343,0.8455892805327959,0.8326141185935763,0.8353070580099893,244956000
2016-03-28,0.8526889085769653,0.8563610933703377,0.8416722374601985,0.8426514828472094,265388000
2016-03-29,0.8663985133171082,0.8683570040780577,0.8470581689873524,0.849016659748302,261812000
2016-03-30,0.875456690788269,0.887452607973248,0.8690915078587566,0.8695811597642299,376700000
2016-03-31,0.8722741007804871,0.8813322232844123,0.8654193243023798,0.879373732395904,379884000
2016-04-01,0.8850044012069702,0.8854940530770474,0.86027811995039,0.8668880991706501,348292000
2016-04-04,0.8764357566833496,0.897000198607126,0.873008369152159,0.8923487107471865,393940000
2016-04-05,0.8752118349075317,0.8832907114080579,0.8651744092857215,0.8686018556558874,339568000
2016-04-06,0.8764357566833496,0.8769254084885124,0.8477924977367595,0.864195045237443,453376000
2016-04-07,0.867377519607544,0.8786389842996257,0.863705335850909,0.8708049066786188,378104000
2016-04-08,0.8730084896087646,0.8801081207374836,0.8644399612301972,0.8744773868586133,255936000
2016-04-11,0.8783944249153137,0.8928384838950221,0.8754566304217039,0.8781495697952968,387524000
2016-04-12,0.8774151802062988,0.8825562622056947,0.860278123471664,0.8813321617096532,292764000
2016-04-13,0.8994483351707458,0.8996931318876108,0.8813320356514727,0.8813320356514727,350716000
2016-04-14,0.901896595954895,0.9058136357810188,0.8933280676872289,0.8970003107643212,416564000
2016-04-15,0.9089961647987366,0.9170750406472639,0.8987139432547057,0.9016517375153772,436972000
2016-04-18,0.9050790667533875,0.9072824123065084,0.8962657429092192,0.9072824123065084,307320000
2016-04-19,0.888921320438385,0.9102201524508787,0.8832905873540307,0.9085064586906382,309152000
2016-04-20,0.8923487663269043,0.8977347030458914,0.8864732361405764,0.8874524814435777,200172000
2016-04-21,0.8913694620132446,0.8967553983756706,0.8874524226922361,0.8925935039688819,178280000
2016-04-22,0.8879421353340149,0.9004276443048942,0.8850043410498927,0.894307317370733,223540000
2016-04-25,0.8923487663269043,0.8972450512102308,0.8857387875712455,0.8881869300129087,191972000
2016-04-26,0.8930831551551819,0.9080168639081905,0.8891661158368793,0.8977346429936859,214536000
2016-04-27,0.9134028553962708,0.9138925072600202,0.8891662263229729,0.8908799202936113,352396000
2016-04-28,0.8862284421920776,0.9131580692769512,0.8840251547003685,0.9077721321863117,381224000
2016-04-29,0.8698257803916931,0.8845146341614387,0.8602780079308636,0.8825561436727992,321904000
2016-05-02,0.8813321590423584,0.886718096145657,0.87398773119331,0.8781495678042717,256076000
2016-05-03,0.870805025100708,0.8749668611627459,0.8632158015014997,0.8712946769067251,224024000
2016-05-04,0.8509752750396729,0.8610126431144979,0.8421619491935276,0.8602781944299583,525764000
2016-05-05,0.8561162948608398,0.8661537205700216,0.8497511123058282,0.8580748439991722,246884000
2016-05-06,0.8649296164512634,0.867132962334566,0.8529337000221596,0.8546473940308423,183240000
2016-05-09,0.8637053966522217,0.8708049679797121,0.8566057669564187,0.8671327839645705,333336000
2016-05-10,0.8803528547286987,0.8818217518738287,0.8607677151091536,0.8690913877737962,269676000
2016-05-11,0.8828009963035583,0.8925935661035962,0.8781495081380443,0.8830458514063834,328176000
2016-05-12,0.870805025100708,0.8930831608289487,0.8551369260962742,0.8891661214857611,670540000
2016-05-13,1.0032498836517334,1.0037394771884416,0.9547766214179444,0.9594280518583119,2110256000
2016-05-16,1.0328725576400757,1.0478063302439233,0.992478166040887,0.9956607580073891,973032000
2016-05-17,1.0350756645202637,1.042420033568484,1.0150008145327365,1.028220772208846,628392000
2016-05-18,1.0615156888961792,1.0735116641207343,1.0282208778129762,1.0282208778129762,541072000
2016-05-19,1.0661669969558716,1.073756278971172,1.0558848342796323,1.0573536146019806,398880000
2016-05-20,1.0852627754211426,1.0896694675459477,1.0710635119545429,1.072777206102524,391084000
2016-05-23,1.086976170539856,1.0940757419517206,1.0803661925393955,1.0899139644815332,413636000
2016-05-24,1.1133623123168945,1.1167987179791823,1.0873445981411096,1.0902900218288971,415788000
2016-05-25,1.1086987257003784,1.1214620317194366,1.099862455718197,1.1167985813308168,458076000
2016-05-26,1.1204801797866821,1.1285800345338668,1.1074713257090758,1.1106621811258388,309964000
2016-05-27,1.1266164779663086,1.1283346219100971,1.1180256412075873,1.1217074785498014,277416000
2016-05-31,1.1467434167861938,1.1491979751777053,1.1307891383607271,1.1315255526940948,412524000
2016-06-01,1.1489524841308594,1.1599976452098166,1.1379072060121223,1.1413434939531018,387132000
2016-06-02,1.1570523977279663,1.1668703972106484,1.1437979930905382,1.1550887041996012,329208000
2016-06-03,1.1408525705337524,1.1472342819053676,1.1207257066939116,1.1457616873178742,461076000
2016-06-06,1.1349618434906006,1.1526342660159445,1.1290709969688906,1.1437979962333793,322512000
2016-06-07,1.137170672416687,1.1482159493766733,1.1366798076308375,1.14183423900156,193400000
2016-06-08,1.1334888935089111,1.1415887472531234,1.1241617608241186,1.1374160456710547,234616000
2016-06-09,1.1629430055618286,1.1646611494396084,1.1271072994941065,1.1295618576279485,472168000
2016-06-10,1.1339800357818604,1.1595068822021206,1.1325073241007075,1.1491980174738416,400024000
2016-06-13,1.1484615802764893,1.1707975704500713,1.1352072924494634,1.1352072924494634,475588000
2016-06-14,1.1506707668304443,1.156070631811614,1.1329983431177684,1.1457617667458007,298344000
2016-06-15,1.162451982498169,1.172515411989413,1.147479554447311,1.160242974110258,301036000
2016-06-16,1.167115569114685,1.169079145164949,1.1425705758869873,1.1538612844757044,246456000
2016-06-17,1.1467434167861938,1.1688339741506533,1.1420798494741509,1.1685885417194595,471000000
2016-06-20,1.1673616170883179,1.182334053296825,1.1644161929398,1.1651526074968404,293768000
2016-06-21,1.1602433919906616,1.1754612578944967,1.1585251306881674,1.1722704018295216,212508000
2016-06-22,1.1592612266540527,1.1703065036170632,1.1572976504703498,1.1626975142354752,202620000
2016-06-23,1.190187931060791,1.1914152100646256,1.1695700885474885,1.1703065027656963,297880000
2016-06-24,1.1224440336227417,1.1624524524291935,1.111889735120801,1.141343738385507,1017684000
2016-06-27,1.1104167699813843,1.1217074803615654,1.0939715107217336,1.1131166435889681,449088000
2016-06-28,1.1266164779663086,1.132752639457109,1.1111530654324326,1.1315254773828158,381920000
2016-06-29,1.1450250148773193,1.1538612826491588,1.1334888739305509,1.136434296521164,318932000
2016-06-30,1.1538618803024292,1.1609798910501163,1.1376621647030263,1.1469891850179703,430940000
2016-07-01,1.145270824432373,1.1624523838429524,1.1413436710447082,1.1474799506227578,218488000
2016-07-05,1.162207007408142,1.164170584196625,1.129807580758862,1.1388891672955215,371084000
2016-07-06,1.1695698499679565,1.176442540763615,1.1482157146322252,1.1541065590171486,273104000
2016-07-07,1.2000062465667725,1.2041789494681152,1.172024956705375,1.1774248218955257,395400000
2016-07-08,1.2481141090393066,1.254004954247573,1.2081057055859779,1.2127692718692287,481932000
2016-07-11,1.2768323421478271,1.286159361606587,1.2645597818034138,1.2660324937263359,448776000
2016-07-12,1.295977234840393,1.3077588109542786,1.274868406953325,1.2910682350396252,436760000
2016-07-13,1.2954858541488647,1.305794832484962,1.2935222782409537,1.2984312765306067,324604000
2016-07-14,1.308740258216858,1.3205219488276139,1.2915588211424422,1.302358665189048,316892000
2016-07-15,1.2935223579406738,1.2994132030671193,1.2724136522905887,1.2920496466590625,428616000
2016-07-18,1.3001497983932495,1.31144050944876,1.2952407986751922,1.3094769329694942,252992000
2016-07-19,1.3136494159698486,1.318803847256861,1.296958726084586,1.2994132840535058,382652000
2016-07-20,1.3308308124542236,1.3379489367122406,1.3126675287967964,1.3180673923058255,296460000
2016-07-21,1.3062862157821655,1.3320584962940718,1.301868080455605,1.3278857934234651,361308000
2016-07-22,1.3418761491775513,1.3418761491775513,1.3013768784409867,1.3109494439823355,315768000
2016-07-25,1.3666669130325317,1.3698577689989317,1.344085488814901,1.349976335842038,312528000
2016-07-26,1.3899848461151123,1.397102855890163,1.376730556443057,1.3786941332389533,514508000
2016-07-27,1.3759936094284058,1.4044658715882765,1.3676483234959635,1.4020113137635681,446676000
2016-07-28,1.3789390325546265,1.3892478945271103,1.3747663310668539,1.3791844649292437,221916000
2016-07-29,1.4015203714370728,1.4052020909305845,1.359302962322897,1.3840933863734968,409588000
2016-08-01,1.3924388885498047,1.4125658667955268,1.3833573045831218,1.4074114352944735,301120000
2016-08-02,1.3755027055740356,1.3998022655569728,1.3622484214087527,1.3990658514145928,282748000
2016-08-03,1.379184365272522,1.381884355277736,1.3661755140397187,1.3737845023018445,299828000
2016-08-04,1.4047118425369263,1.4110935548802404,1.383112263780988,1.385812137975603,272712000
2016-08-05,1.4285205602645874,1.4292568576769777,1.4140389911293334,1.4209115684708629,371588000
2016-08-08,1.4417742490768433,1.4515922460554183,1.4265562718322227,1.4481559588168926,305064000
2016-08-09,1.4454563856124878,1.459447088010337,1.4417746649435026,1.4488926738421792,372344000
2016-08-10,1.436129093170166,1.4604286575919847,1.4314655262157026,1.4582196488408292,375740000
2016-08-11,1.4653375148773193,1.4714737927508286,1.4407925204230478,1.4437379431655135,681064000
2016-08-12,1.5473179817199707,1.5556632685620773,1.4881645595816377,1.519336698298844,1425744000
2016-08-15,1.54584538936615,1.558608811533775,1.5249821121336686,1.5490362449080561,573304000
2016-08-16,1.5365188121795654,1.5460912645065568,1.5318552437413924,1.5436368225621475,287652000
2016-08-17,1.5009279251098633,1.5399546045024837,1.488900917677263,1.536518316664598,595212000
2016-08-18,1.5242459774017334,1.5267004189050322,1.4928282834729982,1.4987191303445844,331684000
2016-08-19,1.5281728506088257,1.539708992752034,1.5168821408669961,1.5235092838633122,291560000
2016-08-22,1.5345549583435059,1.5367640846071766,1.5146735242092824,1.53283681404943,244748000
2016-08-23,1.546972632408142,1.5570546079141554,1.5425463563608248,1.5501693677886295,339764000
2016-08-24,1.5231199264526367,1.5531200829253387,1.5159888022672634,1.5523824289428965,298448000
2016-08-25,1.5130382776260376,1.52434979524726,1.4941038648563916,1.5236121411059802,406032000
2016-08-26,1.5253331661224365,1.5339397157719528,1.5049232143759321,1.5169725011406998,300024000
2016-08-29,1.5243494510650635,1.5376281606536377,1.5218904872272063,1.5314806924312743,274652000
2016-08-30,1.5154969692230225,1.5304969882009416,1.5113165783986335,1.5223822084580756,285544000
2016-08-31,1.5083658695220947,1.5226282358859757,1.5039397108876245,1.5184479619250375,388544000
2016-09-01,1.5528743267059326,1.5585300261387747,1.5083659162648473,1.5095954569260568,428492000
2016-09-02,1.537628173828125,1.5577922402974351,1.5201691903889716,1.5560709304195546,323148000
2016-09-06,1.5521368980407715,1.5521368980407715,1.5351696787412858,1.5430385765524521,306812000
2016-09-07,1.5292681455612183,1.55484203696805,1.5204157078271943,1.547219023047439,397988000
2016-09-08,1.5403333902359009,1.5427924717503938,1.5103333461940334,1.5277923324739997,315808000
2016-09-09,1.4636117219924927,1.5319725873153522,1.4508247806723247,1.5233660372942583,697760000
2016-09-12,1.4938582181930542,1.4968090699709502,1.4095136440282505,1.444185976535286,598260000
2016-09-13,1.4722181558609009,1.5073822417170435,1.4638574911778286,1.4901690257774665,471768000
2016-09-14,1.4852511882781982,1.4901692339113528,1.4633659262500698,1.475660981705228,319048000
2016-09-15,1.5415630340576172,1.5432843443306599,1.4842676738472085,1.4877104116487623,515212000
2016-09-16,1.5452513694763184,1.555333345289632,1.527546382002849,1.5469726795601657,902444000
2016-09-19,1.5656609535217285,1.6047594240981324,1.5543494396738455,1.5614805630159212,417128000
2016-09-20,1.5513991117477417,1.5836123544560499,1.5427925604630488,1.5836123544560499,331112000
2016-09-21,1.594923973083496,1.5978748243551957,1.5558254868721642,1.5560713716022267,336212000
2016-09-22,1.5988584756851196,1.609186455862189,1.5897601537557646,1.6042684091487454,308732000
2016-09-23,1.5971369743347168,1.6054976410228936,1.5900058484918373,1.6008255968706082,276132000
2016-09-26,1.5821367502212524,1.5885302210979126,1.5622186835310972,1.5789400147829222,230040000
2016-09-27,1.6362354755401611,1.6386945572561809,1.5752517264017962,1.57598938056332,402752000
2016-09-28,1.6421372890472412,1.6433668299885063,1.6212355620676488,1.6386946682160817,319788000
2016-09-29,1.6573830842971802,1.6625471324449672,1.624186301949806,1.639432209906476,336684000
2016-09-30,1.6849241256713867,1.7013995729410043,1.6566452748906149,1.6664813663129376,429932000
2016-10-03,1.683202862739563,1.7092686365365168,1.6802521288289276,1.68492429029935,242596000
2016-10-04,1.679513931274414,1.7139402458813886,1.6669728756281836,1.685661516768091,281624000
2016-10-05,1.677793025970459,1.7109899252877672,1.6726290951225584,1.6937767052059627,305440000
2016-10-06,1.6559078693389893,1.6679570421004197,1.6293503247082508,1.6576291797334792,360212000
2016-10-07,1.643858551979065,1.6713996350882796,1.6391863903415984,1.6669733581808681,286260000
2016-10-10,1.6500060558319092,1.661317573630872,1.6345141460669403,1.652465020263613,287876000
2016-10-11,1.6261534690856934,1.6470551942723346,1.613612410522615,1.6445962298562127,388540000
2016-10-12,1.6335302591323853,1.6421368086927137,1.6059891832838908,1.6195137779151845,419920000
2016-10-13,1.6069726943969727,1.6180383249308108,1.566398793943194,1.6143498205046785,390116000
2016-10-14,1.6227107048034668,1.6377107264539035,1.6131204981936489,1.6266450944229247,330636000
2016-10-17,1.6133662462234497,1.6377105877272682,1.6111531669069017,1.6224646826739926,195328000
2016-10-18,1.6379566192626953,1.6473009412245214,1.6291041839473313,1.635743539747719,269372000
2016-10-19,1.6345140933990479,1.642137105677089,1.6185304147138637,1.6268911983764713,199060000
2016-10-20,1.665497899055481,1.6709078320298045,1.6303339209997385,1.6536946114618631,312084000
2016-10-21,1.6608260869979858,1.6637768213673825,1.6450882898355907,1.6595965459450357,279508000
2016-10-24,1.7387772798538208,1.7407444752936707,1.6718916968549637,1.672137698883503,339836000
2016-10-25,1.7673012018203735,1.7778750636313927,1.7274650703475976,1.7358257355731637,397460000
2016-10-26,1.7744327783584595,1.7938590784090664,1.7508260862788545,1.7525473965836253,333792000
2016-10-27,1.7380391359329224,1.7913999896831998,1.7309080100203822,1.7879573690871136,388664000
2016-10-28,1.7350879907608032,1.7729569255970543,1.7318912556428145,1.7463995060048056,290856000
2016-10-31,1.749842882156372,1.7614002870581604,1.7397607858647972,1.7407444421937655,252388000
2016-11-01,1.6979566812515259,1.76582577157,1.679268040183204,1.7562355663779043,473224000
2016-11-02,1.6908257007598877,1.7341045731304803,1.6878748498985243,1.7109897701422314,295848000
2016-11-03,1.67115318775177,1.7001696867281633,1.6386940692026435,1.6986942615890726,309664000
2016-11-04,1.661563515663147,1.6900882544898561,1.6372191689466438,1.660088090051043,328780000
2016-11-07,1.7525469064712524,1.7636125366247506,1.7090221570703932,1.7102516975886568,487580000
2016-11-08,1.749842882156372,1.7648429083263106,1.733613314889096,1.7591870896318547,429884000
2016-11-09,1.7203339338302612,1.7434488535226456,1.6898421216713344,1.7023830616498223,456532000
2016-11-10,1.6664817333221436,1.7582034291533997,1.6416456145994403,1.7579575444020092,869280000
2016-11-11,2.1632041931152344,2.1828763736041075,1.93033452793008,1.9551707554644107,2175344000
2016-11-14,2.056727886199951,2.1686134667180146,2.0562361170136003,2.166154386275442,1348796000
2016-11-15,2.119433641433716,2.150417219703466,2.0638594861598194,2.0727120375986994,626092000
2016-11-16,2.2532050609588623,2.2760738645924543,2.123368546360063,2.1477128928473377,987984000
2016-11-17,2.27189302444458,2.330909561619676,2.2291058122073064,2.2699257127343944,832988000
2016-11-18,2.295745849609375,2.3195981876241447,2.2573850258264994,2.271893277083706,576060000
2016-11-21,2.2864019870758057,2.3200906569836155,2.2721395003788363,2.3136971850703745,436436000
2016-11-22,2.302877902984619,2.305090983340564,2.271648306934943,2.294271349094276,330368000
2016-11-23,2.3142056465148926,2.345728122432591,2.284653193232163,2.3080487386255606,443236000
2016-11-25,2.318885564804077,2.3420349824085314,2.300415069926688,2.3252886101965067,195564000
2016-11-28,2.317653179168701,2.333168162679376,2.305093229302157,2.3117426421564446,278736000
2016-11-29,2.296473264694214,2.325779572765879,2.278741892606424,2.3149435124537283,444568000
2016-11-30,2.270615577697754,2.3188846520517683,2.268152814701874,2.3050933201920456,440500000
2016-12-01,2.158316135406494,2.2698767657520067,2.0876365264406753,2.268152878578743,1035524000
2016-12-02,2.1782643795013428,2.186883816313569,2.0962561923529517,2.124084760430442,478292000
2016-12-05,2.2627346515655518,2.2807123976389354,2.191808678468315,2.2161894670416156,602284000
2016-12-06,2.299921989440918,2.3082952908858023,2.2551006828930897,2.27086203952567,498796000
2016-12-07,2.341295003890991,2.3469591704545536,2.268152639567463,2.2863767555229972,480804000
2016-12-08,2.302138090133667,2.3794671115208224,2.2915486318256058,2.3442504925654344,381544000
2016-12-09,2.2612569332122803,2.321593208554229,2.2339208786247147,2.3198693216833726,382312000
2016-12-12,2.206338882446289,2.215204688731009,2.155853412967606,2.212741925619362,601332000
2016-12-13,2.2452497482299805,2.272832179625927,2.2176675516960613,2.2186525630402647,387796000
2016-12-14,2.3752808570861816,2.39153471845304,2.255100549243079,2.2789888356249812,983980000
2016-12-15,2.430938243865967,2.4612295768209553,2.378975015206992,2.3863630707275587,746548000
2016-12-16,2.472804069519043,2.47994575413142,2.4068033766722388,2.4585202305702283,1089528000
2016-12-19,2.5028491020202637,2.523043244541883,2.438079788922998,2.4553188972959252,744656000
2016-12-20,2.590029239654541,2.6136711595160977,2.5641706916410976,2.5754992632565092,848056000
2016-12-21,2.606283187866211,2.6092384573022174,2.554073819266878,2.6016040308310395,576136000
2016-12-22,2.637805461883545,2.6811490148891854,2.6235216228668228,2.6306635423751836,718612000
2016-12-23,2.703559398651123,2.7050371504690864,2.6171184328848396,2.6198273314017486,647692000
2016-12-27,2.8892476558685303,2.890232667174002,2.739022393269251,2.7597092747182828,1194272000
2016-12-28,2.690507650375366,2.9535247386470855,2.676716550244624,2.9453978068040323,2295764000
2016-12-29,2.744194507598877,2.745672259662873,2.531662899921924,2.5833797597826993,2175368000
2016-12-30,2.6286935806274414,2.7562619604652205,2.6178577498720776,2.742224490139509,1212932000
2017-01-03,2.512207508087158,2.619581503259775,2.4474381925833324,2.571066050487868,1501996000
2017-01-04,2.570819616317749,2.5981556763595317,2.500386141043587,2.5464388250530794,1199220000
2017-01-05,2.5055577754974365,2.6060362082428243,2.488565038928948,2.57426736281114,984296000
2017-01-06,2.539050817489624,2.567371889360109,2.492259256705149,2.5328939095642866,822856000
2017-01-09,2.6419920921325684,2.659723707207968,2.5489019350038964,2.5489019350038964,916248000
2017-01-10,2.622044086456299,2.6890295556190273,2.601357204034373,2.6550443153617653,880920000
2017-01-11,2.589782238006592,2.615394409472004,2.5649089424116833,2.610469118346659,525664000
2017-01-12,2.547424554824829,2.5784547683051606,2.5026032397363878,2.566880060189485,625616000
2017-01-13,2.54717755317688,2.585841945569292,2.5380653771169572,2.5513639684113794,457820000
2017-01-17,2.4900426864624023,2.541513164797707,2.4767440950975965,2.5365878736702263,580612000
2017-01-18,2.5353567600250244,2.5422523092491933,2.4407888587389435,2.468617425905925,654424000
2017-01-19,2.589782238006592,2.621797452338357,2.5360953669440973,2.5383117596936033,644872000
2017-01-20,2.5614616870880127,2.630171285414499,2.539543655672773,2.6124396701022206,492024000
2017-01-23,2.5880582332611084,2.608006236824073,2.5538266277355985,2.556289390617346,369904000
2017-01-24,2.6432225704193115,2.649379476964162,2.583378801002792,2.5981551418484625,428052000
2017-01-25,2.654552459716797,2.6917393482665437,2.618596953089343,2.685582438655077,522760000
2017-01-26,2.7003579139709473,2.707745968254435,2.627708048074285,2.657260500070248,458800000
2017-01-27,2.7525672912597656,2.7555225599691218,2.6806563006767914,2.7072534841989855,471996000
2017-01-30,2.709469795227051,2.733850585196769,2.657506811285291,2.731634192447159,496004000
2017-01-31,2.6887834072113037,2.710208930612465,2.6646487503127574,2.683119239672819,362756000
2017-02-01,2.8062548637390137,2.810441279814016,2.705530045267542,2.7232614255993473,590004000
2017-02-02,2.8417165279388428,2.850336196779526,2.7597086026113176,2.7902460594019263,483240000
2017-02-03,2.816844940185547,2.8542782016539463,2.8050240956656074,2.8431959984488073,372744000
2017-02-06,2.8890013694763184,2.889493875143351,2.807485692600748,2.807485692600748,506768000
2017-02-07,2.9338221549987793,2.9779045750486026,2.903530830637843,2.9232324630111055,746224000
2017-02-08,2.9210164546966553,2.9382553265753426,2.8660979652142426,2.915844793133049,449580000
2017-02-09,2.8660974502563477,2.9320981269057227,2.846888559249693,2.927172601618498,842568000
2017-02-10,2.7981276512145996,2.972487107275527,2.7730079829764387,2.953524347109578,1651092000
2017-02-13,2.6690821647644043,2.8069936378949953,2.6646491433248656,2.792463661504082,1180724000
2017-02-14,2.6789329051971436,2.7126720138646467,2.6176113618004613,2.6594774021948213,850632000
2017-02-15,2.684349775314331,2.7040514069419537,2.653812316750108,2.6818872475073596,373020000
2017-02-16,2.6412527561187744,2.6951859934423403,2.6020956259419994,2.693954612036443,647176000
2017-02-17,2.6407604217529297,2.6451934424682513,2.5806705030214663,2.627708199594876,563740000
2017-02-21,2.7353291511535645,2.739269432199316,2.665141794110131,2.6653881644276485,551952000
2017-02-22,2.7311370372772217,2.7567815385810897,2.7121501073742804,2.7474114142463324,433772000
2017-02-23,2.4778971672058105,2.6233802737663714,2.457924222175237,2.6014345847715257,1592888000
2017-02-24,2.5018162727355957,2.515131651388397,2.3597852535610793,2.3935669451063544,1029904000
2017-02-27,2.574556827545166,2.589598263498667,2.504281154326461,2.5200623985677173,715400000
2017-02-28,2.5023086071014404,2.5940370817591676,2.485047980087699,2.5841735975702798,625360000
2017-03-01,2.5346107482910156,2.573570614804738,2.493185010883901,2.559268751749771,504804000
2017-03-02,2.441157102584839,2.5358446039199056,2.4384447847129223,2.5217894169174278,754332000
2017-03-03,2.4271020889282227,2.4354857235726697,2.3726074055261983,2.430554215280372,864692000
2017-03-06,2.4083616733551025,2.418964732913503,2.3467162954385943,2.3908543615703346,883568000
2017-03-07,2.4347457885742188,2.4542258449711927,2.3955394648740724,2.408361714989978,603400000
2017-03-08,2.430306911468506,2.4978702744219947,2.4280877215475423,2.4830752830182194,638712000
2017-03-09,2.429814100265503,2.4522529187243305,2.4017037305219344,2.414279533640161,478060000
2017-03-10,2.444114923477173,2.468033350943678,2.425868045421132,2.4561975953512536,499740000
2017-03-13,2.511432647705078,2.521295898168099,2.453732526675109,2.4544723351284063,774136000
2017-03-14,2.509706974029541,2.5336251778644883,2.4774046650208428,2.5242552883559446,522016000
2017-03-15,2.5286924839019775,2.5395419854599663,2.4737046975741004,2.5212951071650926,615036000
2017-03-16,2.5597615242004395,2.560254886437468,2.52524027710998,2.539295457064678,523100000
2017-03-17,2.6154897212982178,2.616722656858964,2.559762115681193,2.577269424390327,1119688000
2017-03-20,2.69883394241333,2.702779430046828,2.6169689541318464,2.632996880352132,748568000
2017-03-21,2.611544370651245,2.7114100398929146,2.6036538648379977,2.681573609167124,913484000
2017-03-22,2.6648061275482178,2.669491188896306,2.5965029513739313,2.600448204309577,616764000
2017-03-23,2.6406409740448,2.676888528668481,2.631024405456424,2.656915347931608,533940000
2017-03-24,2.6500117778778076,2.6948896581972224,2.6241208287465017,2.6869991504120105,439500000
2017-03-27,2.6692442893981934,2.6731895420111713,2.5540907443194434,2.60340698987769,506644000
2017-03-28,2.655435800552368,2.6850255480308256,2.6450794242086695,2.6704772378837034,432444000
2017-03-29,2.64680552482605,2.675162337170746,2.6445863348861156,2.662833216755274,349992000
2017-03-30,2.6976020336151123,2.7123970299756235,2.64828577101089,2.653957088299715,525532000
2017-03-31,2.6860110759735107,2.7096830556809697,2.6729423860718344,2.687983819335247,440808000
2017-04-03,2.672450065612793,2.7037658767975663,2.6487780787607176,2.6865052490166086,445232000
2017-04-04,2.4850478172302246,2.5748035421363564,2.474198314555238,2.5496521764514792,1271280000
2017-04-05,2.4665544033050537,2.5242545156214145,2.45348547495698,2.4663077221383936,747048000
2017-04-06,2.4845547676086426,2.49663720610344,2.426607975780423,2.471732520793397,635120000
2017-04-07,2.473951816558838,2.5084733060381126,2.4589103792964018,2.490965997707498,429068000
2017-04-10,2.410827159881592,2.481349287878512,2.406635225939796,2.4746917179342627,756332000
2017-04-11,2.4194576740264893,2.4386910473879277,2.3758127385322747,2.380744246103742,618148000
2017-04-12,2.399484634399414,2.4337594488644303,2.394306445321256,2.4194578173854873,414092000
2017-04-13,2.3546066284179688,2.3970186283624724,2.3546066284179688,2.3753196187265924,506892000
2017-04-17,2.4468281269073486,2.4470745729379186,2.362250577053552,2.3674287655966304,497292000
2017-04-18,2.448307752609253,2.454472431364373,2.406635558921817,2.432526504217974,370116000
2017-04-19,2.4579238891601562,2.4899792693379843,2.4512660849463948,2.465814393631354,380828000
2017-04-20,2.4968838691711426,2.5015689299027044,2.4512661973278713,2.472472311198814,404016000
2017-04-21,2.5072405338287354,2.5099528510853704,2.4746917861154194,2.4865275447285375,341896000
2017-04-24,2.5385563373565674,2.551625031539965,2.517843583484727,2.538802783383562,371820000
2017-04-25,2.5826942920684814,2.5972426024536075,2.5316519827120727,2.5531045441059486,388440000
2017-04-26,2.5649402141571045,2.59872165657657,2.562967470478147,2.5962560209258525,327004000
2017-04-27,2.604886293411255,2.6132699248111173,2.554337118396484,2.572337551740117,319700000
2017-04-28,2.5718443393707275,2.604886207069189,2.566172789753611,2.5979819572657825,348248000
2017-05-01,2.629544973373413,2.6347233973906476,2.575543659424466,2.5826945924402276,307732000
2017-05-02,2.5516250133514404,2.6039004951876685,2.5289395156332364,2.6026675595862154,629972000
2017-05-03,2.5706119537353516,2.580228522258433,2.52992601929458,2.5447207762775395,336904000
2017-05-04,2.560748815536499,2.5878726946253305,2.552858074331348,2.57677650882571,209788000
2017-05-05,2.560995101928711,2.5681460342592035,2.5336245433503075,2.5491593435964406,228428000
2017-05-08,2.5341176986694336,2.5743102667010582,2.522774833307852,2.572830885214799,365240000
2017-05-09,2.5383105278015137,2.587380347242144,2.5314062741400485,2.539790145105258,847672000
2017-05-10,2.9907870292663574,3.0038559601424217,2.811522450375564,2.818180021262334,2129096000
2017-05-11,3.119255542755127,3.2161622103688967,2.956758489205162,2.960210614780751,1939792000
2017-05-12,3.1535298824310303,3.1956954265943076,3.1015013253720145,3.12246075688182,962620000
2017-05-15,3.3118350505828857,3.314300921264647,3.19027040084084,3.194709015099684,1087540000
2017-05-16,3.373481035232544,3.389015835295427,3.2884105972865765,3.362877977452078,1120700000
2017-05-17,3.149338483810425,3.3253975841439227,3.1451465500780644,3.3066573405110673,1271368000
2017-05-18,3.2812600135803223,3.290137009536551,3.1328178943613243,3.19323033278754,1156032000
2017-05-19,3.357039451599121,3.4118379770126195,3.3377858265704696,3.3824640106959367,1018372000
2017-05-22,3.428624391555786,3.442941085272147,3.3898701890064444,3.400731356355795,836608000
2017-05-23,3.3824644088745117,3.450592574209828,3.349881383514407,3.448371047100016,681248000
2017-05-24,3.4204788208007812,3.4821891248740173,3.4083834185272717,3.479473715185126,815996000
2017-05-25,3.4128262996673584,3.4565172010079146,3.367901164144707,3.4557766134174375,608228000
2017-05-26,3.5011956691741943,3.5861090101276765,3.3844398842146854,3.404680808489597,779140000
2017-05-30,3.575988292694092,3.6110395538433995,3.53106315834622,3.547107731481699,989652000
2017-05-31,3.563153028488159,3.6285657995532823,3.506379426843917,3.6209136880190407,887316000
2017-06-01,3.56339955329895,3.57993800984728,3.517980768450587,3.5789504811984973,503340000
2017-06-02,3.5456271171569824,3.5866026118236496,3.5397028868565665,3.5604374575019078,487456000
2017-06-05,3.653496265411377,3.6663320182421213,3.517733802924942,3.5293353215904877,817376000
2017-06-06,3.636957883834839,3.6949654745842344,3.623628485011703,3.648806107563134,758728000
2017-06-07,3.6808953285217285,3.6996553095352542,3.645844070014339,3.6613949953989886,612612000
2017-06-08,3.9479777812957764,3.949458720970966,3.7468020958689103,3.788024526071077,1161744000
2017-06-09,3.692744255065918,4.159274194376145,3.523657934356882,4.066462041443039,3692928000
2017-06-12,3.701876640319824,3.7445802418766707,3.5078596708421856,3.600918748052399,1697532000
2017-06-13,3.737175941467285,3.8203614014766347,3.5952420597728643,3.8112281149004037,1672504000
2017-06-14,3.745074510574341,3.8028353997716846,3.665591758657904,3.740137809194948,1184640000
2017-06-15,3.7611186504364014,3.791479911721274,3.616222688926653,3.627577500269062,963824000
2017-06-16,3.742605686187744,3.8186329046912255,3.7085417201511537,3.770745658213769,924960000
2017-06-19,3.883305549621582,3.888489191828269,3.7830879961467754,3.786790463205212,778176000
2017-06-20,3.8776276111602783,3.992408785831019,3.8734314979694164,3.925514855465349,1095444000
2017-06-21,3.936375856399536,3.9400785585353675,3.843316775121516,3.905274005920417,682652000
2017-06-22,3.9092233180999756,3.9578511495901676,3.8852796961000218,3.9445215163893126,469132000
2017-06-23,3.7971582412719727,3.9326740062486705,3.7821007248024636,3.916876137560779,1088588000
2017-06-26,3.755688190460205,3.8655324285048196,3.661394877298636,3.8299872891963807,1063960000
2017-06-27,3.6181979179382324,3.7468021466850656,3.612520629330547,3.7381627432807427,999492000
2017-06-28,3.7458152770996094,3.750505273107416,3.597710462145663,3.685832857646056,994948000
2017-06-29,3.6206655502319336,3.7203891955389174,3.556486803465832,3.7174273168322047,1064424000
2017-06-30,3.568336009979248,3.651521457332143,3.542170859321787,3.6379451177454887,731060000
2017-07-03,3.4392383098602295,3.5952419391988726,3.4207252671228234,3.580431599171392,709072000
2017-07-05,3.5310635566711426,3.559943885735314,3.48366994867735,3.502676638835246,820188000
2017-07-06,3.541677236557007,3.5885771937944866,3.4498523792582882,3.5019359788105264,746284000
2017-07-07,3.6226415634155273,3.6409079017403516,3.575494895369659,3.5984512299370954,654972000
2017-07-10,3.7939488887786865,3.8013540582267775,3.6700346528396732,3.6961998046019486,958492000
2017-07-11,3.8477606773376465,3.8554127883929534,3.7556888744753865,3.79765189707112,757956000
2017-07-12,4.011417388916016,4.023512558552946,3.8645470010837832,3.907497329822538,1145208000
2017-07-13,3.9650092124938965,4.104968001224459,3.918603145403543,4.023510442861153,1369132000
2017-07-14,4.071645736694336,4.073126441119593,3.974390056845251,3.981301580203844,941948000
2017-07-17,4.054366588592529,4.134590168241512,3.9926562875739995,4.105709604237921,930792000
2017-07-18,4.09657621383667,4.111139846600428,3.98154785599202,3.993396314988326,776640000
2017-07-19,4.075348854064941,4.132122225227503,4.0632536862580135,4.105710126403025,687044000
2017-07-20,4.134590148925781,4.13483685453478,4.045974341635557,4.095836181762635,699596000
2017-07-21,4.14940071105957,4.1790218641507195,4.099785573889556,4.114102503784633,648332000
2017-07-24,4.101265907287598,4.166185254326222,4.090651917965548,4.156558558102485,652524000
2017-07-25,4.081520080566406,4.0958370126004215,4.037829167487233,4.078311023749548,496556000
2017-07-26,4.128665924072266,4.1945725743035975,4.093861129856091,4.139033209410651,640404000
2017-07-27,3.9924099445343018,4.165198991402906,3.889230257246844,4.153597235300933,782856000
2017-07-28,4.057821750640869,4.082259255988734,3.9316862285042915,3.9566169095934502,513348000
2017-07-31,4.011417388916016,4.107438628974897,3.9647645917449985,4.07139982574296,559672000
2017-08-01,4.060290813446045,4.062018694339238,3.974143474396219,4.002036274297123,431384000
2017-08-02,4.057821750640869,4.095341713576656,3.980807709367627,4.091392541148992,478444000
2017-08-03,4.109414577484131,4.113117046718837,4.0402988366240065,4.057330948403598,442420000
2017-08-04,4.127432346343994,4.19802876441674,4.1094129479679244,4.132122107460813,589096000
2017-08-07,4.254307270050049,4.254800681150564,4.146931033360959,4.156558199566437,717412000
2017-08-08,4.203705787658691,4.308859814493777,4.164457939096253,4.292321593524357,755336000
2017-08-09,4.248383045196533,4.250851513137813,4.1387855168267285,4.157545496530759,530784000
2017-08-10,4.066462516784668,4.261960719208786,4.056341936297165,4.2496183756341726,1328088000
2017-08-11,3.8497354984283447,3.9247752028961593,3.7744490883408073,3.878862769172216,1497196000
2017-08-14,4.156805992126465,4.160508459597006,3.9297120612925163,3.9413135811520457,1279020000
2017-08-15,4.121754169464111,4.1881542271919665,4.08744325920215,4.16198930970338,764532000
2017-08-16,4.0765814781188965,4.16026080197758,4.044245629930377,4.136811062009823,596632000
2017-08-17,3.9857442378997803,4.085221199879361,3.983522946077151,4.068189569594577,525444000
2017-08-18,3.986485004425049,4.0570818801948265,3.9405725764813138,4.040049778333185,601204000
2017-08-21,3.9284768104553223,4.022276473737112,3.884539210971077,4.010921897836621,623672000
2017-08-22,4.015936374664307,4.021865821113382,3.9457718866526093,3.9650424698054114,450456000
2017-08-23,4.09622859954834,4.1073462473375635,3.9739344738668816,3.9825819521265364,579520000
2017-08-24,4.081160068511963,4.132795687522469,4.054725187512744,4.128348248988642,469700000
2017-08-25,4.047064781188965,4.115500080497786,4.040641019929581,4.105370593112831,357200000
2017-08-28,4.0757246017456055,4.07893648334564,4.010501163361822,4.066089428172265,389496000
2017-08-29,4.069051742553711,4.090793191221299,4.00876962017628,4.016922781233253,324096000
2017-08-30,4.093264579772949,4.1043822288289435,4.058429153737076,4.088817143169276,384400000
2017-08-31,4.186158657073975,4.190111305975892,4.106111862090705,4.113523314395109,612684000
2017-09-01,4.21135950088501,4.2469361772977905,4.190112358407383,4.1987598403122135,445432000
2017-09-05,4.098948001861572,4.164912678840168,4.0408895673400025,4.1599713951112145,695364000
2017-09-06,4.096477508544922,4.145642482345367,4.061642540814134,4.131807264384001,397672000
2017-09-07,4.115501403808594,4.147865729580124,4.075230835294606,4.1132776846822585,352868000
2017-09-08,4.044100284576416,4.1187119596802555,4.019888658171419,4.1038885822605975,498856000
2017-09-11,4.175288677215576,4.18591248330027,4.08437113903112,4.089806739083767,567444000
2017-09-12,4.1903605461120605,4.199995721088757,4.125137098228529,4.199995721088757,411488000
2017-09-13,4.209134578704834,4.238040086661337,4.132793521068126,4.165157831919931,580960000
2017-09-14,4.185171127319336,4.263241609649804,4.145641804966695,4.170100355230046,513712000
2017-09-15,4.449769973754883,4.449769973754883,4.265464285589707,4.270652490782241,1364792000
2017-09-18,4.633581638336182,4.723758399252469,4.567123128871037,4.574040736232068,1684460000
2017-09-19,4.628641128540039,4.690405753276462,4.56119398114663,4.583182360964218,874280000
2017-09-20,4.591335773468018,4.679782680944065,4.551065205440124,4.632347581195742,724920000
2017-09-21,4.465829372406006,4.513758780366745,4.388005815164736,4.48757035768881,1075600000
2017-09-22,4.422346591949463,4.504123263537257,4.412464498023753,4.454464457467965,491232000
2017-09-25,4.224699974060059,4.392699810758895,4.203947152845256,4.391464254509458,874580000
2017-09-26,4.24841833114624,4.414441884314873,4.208642080662409,4.359347936896705,1125620000
2017-09-27,4.341558456420898,4.3548998248318265,4.267934949858787,4.338840892432985,713720000
2017-09-28,4.340324401855469,4.352677139724702,4.292888832889708,4.34872401856864,435244000
2017-09-29,4.416665077209473,4.440382388246096,4.379112079034777,4.424323924764225,619092000
2017-10-02,4.422346591949463,4.495970100163902,4.372935179867629,4.466817192681763,503480000
2017-10-03,4.431488990783691,4.461383145014506,4.387265302102384,4.428524032029293,390332000
2017-10-04,4.4685468673706055,4.490782169094744,4.401099722643831,4.437664556223377,427848000
2017-10-05,4.466076850891113,4.496465320738952,4.436182697890911,4.49300651648571,437364000
2017-10-06,4.479170322418213,4.49251169230366,4.422346981467149,4.438405915640862,318800000
2017-10-09,4.58021879196167,4.613324833123041,4.4972070018111,4.515983506203898,563492000
2017-10-10,4.6676764488220215,4.766994077654325,4.626417721951962,4.729441077725951,974876000
2017-10-11,4.717335224151611,4.718817703406691,4.638276575205916,4.684229191072911,529508000
2017-10-12,4.719558238983154,4.7704521306237195,4.6923816557521825,4.720793324026995,528292000
2017-10-13,4.807511806488037,4.8176412966128614,4.734876915911171,4.781817696953885,628728000
2017-10-16,4.890028476715088,4.892993434921235,4.774158079660464,4.837405180822676,576640000
2017-10-17,4.885582447052002,4.91399412209767,4.85099440286193,4.869276587472859,478596000
2017-10-18,4.881382465362549,4.8952176832155025,4.776135852059215,4.89447691473918,567316000
2017-10-19,4.886816024780273,4.891756835359041,4.754639799460239,4.803804281111594,570772000
2017-10-20,4.864582061767578,4.931040576734188,4.855687657833784,4.903864461806197,451620000
2017-10-23,4.857665538787842,4.9127594917724,4.837406556042006,4.886324139310113,428696000
2017-10-24,4.908559799194336,4.9102892016880055,4.84086570785153,4.866806745256573,407244000
2017-10-25,4.784534931182861,4.921899874191827,4.723017697464773,4.869029179432835,828160000
2017-10-26,4.83468770980835,4.846299206401788,4.788240780981238,4.812205484960618,322744000
2017-10-27,4.987123012542725,4.987369935325871,4.8608757288054605,4.886817229063083,572192000
2017-10-30,5.036040306091309,5.091628087744789,4.9713107272448065,4.987122737802117,504056000
2017-10-31,5.1094183921813965,5.136100669602403,5.06223020754508,5.067912732021352,411908000
2017-11-01,5.119052410125732,5.187487726327024,5.054817137809243,5.172170030094623,502576000
2017-11-02,5.087922096252441,5.134122097990003,5.031345684014674,5.089404575245795,342308000
2017-11-03,5.1558637619018555,5.1558637619018555,5.073099389730648,5.1190520035513885,353640000
2017-11-06,5.1790876388549805,5.187734649433972,5.106699672800351,5.119052410419844,389944000
2017-11-07,5.2383809089660645,5.259875442286922,5.189710733592025,5.201816546741778,427700000
2017-11-08,5.167475700378418,5.237640412718127,5.1200406076421014,5.233934214766832,522988000
2017-11-09,5.072606086730957,5.097558959009352,4.950312367405639,5.071371001311025,978564000
2017-11-10,5.339922904968262,5.402428774316869,5.2284994602024915,5.264323058525985,1253256000
2017-11-13,5.253204822540283,5.365369023257795,5.2378871282189765,5.339922311541653,582376000
2017-11-14,5.29149866104126,5.3068163555765615,5.218616386221153,5.262345751113217,529292000
2017-11-15,5.1877336502075195,5.237639850370907,5.133875272182704,5.236404294110901,501948000
2017-11-16,5.228003978729248,5.291992313109857,5.219110047444409,5.261851244614987,441768000
2017-11-17,5.221827983856201,5.320404359405614,5.206757684147104,5.285075083270091,515664000
2017-11-20,5.289029598236084,5.301135414239555,5.20058221635257,5.2373939812562345,396100000
2017-11-21,5.3376994132995605,5.349311382827759,5.296935000996345,5.328805479654759,399176000
2017-11-22,5.313718318939209,5.364895147783119,5.281083942400697,5.364895147783119,356640000
2017-11-24,5.363905429840088,5.364894750374522,5.305559096014242,5.330035112382122,180752000
2017-11-27,5.294186115264893,5.3737943449359955,5.29097200272298,5.372558401718221,422896000
2017-11-28,5.209386825561523,5.308773461909633,5.148321036240558,5.299378688817627,512752000
2017-11-29,4.856094837188721,5.194799891301983,4.727782135553212,5.192080438771233,1396788000
2017-11-30,4.962156295776367,5.010860761449722,4.861781289112957,4.924824771993025,823768000
2017-12-01,4.8872456550598145,4.947817250986927,4.75843876594354,4.927544197043412,811548000
2017-12-04,4.6147990226745605,4.952021096079405,4.561397397338705,4.945839963810695,1240844000
2017-12-05,4.641499996185303,4.764126251814109,4.464483264208015,4.509478966185353,981488000
2017-12-06,4.679079055786133,4.700835151838539,4.5698029720615665,4.591064879314031,467032000
2017-12-07,4.746572017669678,4.7863763741601435,4.7003399067002745,4.74583026300785,542600000
2017-12-08,4.734211444854736,4.815550302815628,4.725805519432478,4.796513187634319,466876000
2017-12-11,4.812581539154053,4.81554855719424,4.73247912537966,4.748301649747178,372748000
2017-12-12,4.718141078948975,4.792310422395332,4.6946543795457645,4.769070817386228,455016000
2017-12-13,4.602932453155518,4.760417895439812,4.595515376458171,4.759181951767376,554280000
2017-12-14,4.610101222991943,4.681056450175291,4.563869109272292,4.596503487009203,438164000
2017-12-15,4.735941410064697,4.756214466107102,4.589086715607168,4.654108374324491,670036000
2017-12-18,4.892683982849121,4.895650529067493,4.746818183814195,4.776485532213909,477704000
2017-12-19,4.8484296798706055,4.888481119719906,4.819998273938612,4.883289310068515,373100000
2017-12-20,4.865488529205322,4.896886480843627,4.809861661414073,4.887739276321822,288820000
2017-12-21,4.842991828918457,4.893921087746571,4.834585905306429,4.8689508828196235,300904000
2017-12-22,4.827663898468018,4.83705867184734,4.728277259080394,4.806154898912174,466276000
2017-12-26,4.881310939788818,4.888975106799336,4.7423675564350365,4.772282470049768,355080000
2017-12-27,4.874635696411133,4.943860294860765,4.853374269752615,4.867960849570481,329488000
2017-12-28,4.880323886871338,4.929275453102399,4.874143226441216,4.898371679397625,240248000
2017-12-29,4.7839035987854,4.906529827475546,4.7839035987854,4.906529827475546,279964000
2018-01-02,4.928534030914307,4.93224280466593,4.808627701506926,4.840272760492806,355616000
2018-01-03,5.252899169921875,5.283308751359066,5.037314533526364,5.045967551442448,914704000
2018-01-04,5.280587673187256,5.390852561261847,5.258336925821881,5.334236844096128,583268000
2018-01-05,5.325338363647461,5.362669891130359,5.218534649294459,5.295423439853613,580124000
2018-01-08,5.488509178161621,5.562678029939186,5.403956234443299,5.448952394339711,881216000
2018-01-09,5.487026214599609,5.533505416633515,5.40544028091156,5.493948628878952,497000000
2018-01-10,5.530043601989746,5.533504808749186,5.340170947315524,5.394561406614446,582664000
2018-01-11,5.539933204650879,5.594076571296828,5.51842373734853,5.562678143613948,406032000
2018-01-12,5.512738227844238,5.562431543153365,5.472192590731405,5.528066565771384,359916000
2018-01-16,5.441782474517822,5.624732719588088,5.357230001426734,5.539191397623721,702348000
2018-01-17,5.555756092071533,5.565645053096745,5.362422212065364,5.456369463798318,538408000
2018-01-18,5.548832893371582,5.603223350205553,5.505320244971986,5.536471104395202,408632000
2018-01-19,5.68901252746582,5.713240974940806,5.612124223726254,5.639072123450914,609380000
2018-01-22,5.777520656585693,5.7792512599139485,5.639319013088401,5.6969235831092,550944000
2018-01-23,5.906575679779053,5.929320619616138,5.812380864664879,5.830922842923659,475228000
2018-01-24,5.829685688018799,5.945636569950167,5.774058821695778,5.909788092591555,579972000
2018-01-25,5.843285083770752,5.927343378708648,5.828451405709394,5.8840778163280145,409884000
2018-01-26,6.015851974487305,6.016099068858038,5.874189093623534,5.88704507421381,516356000
2018-01-29,6.102877140045166,6.134028479894716,5.948605836424582,6.0012657049554665,455116000
2018-01-30,6.00076961517334,6.092244971645165,5.894213488467811,5.960965737388814,570832000
2018-01-31,6.07691764831543,6.162706548735359,6.043541518292442,6.076175893663256,478576000
2018-02-01,5.945885181427002,6.104112805070538,5.885561150426025,5.896933620882777,519224000
2018-02-02,5.773318290710449,5.883336103665258,5.715219526064751,5.859354748914135,718464000
2018-02-05,5.283308506011963,5.766148769523712,5.068218068311997,5.612124586215895,1165204000
2018-02-06,5.577017784118652,5.57998433084788,5.0434948941007605,5.05338432630635,1114800000
2018-02-07,5.656625747680664,5.809166896904459,5.604707641396188,5.67590995255354,802932000
2018-02-08,5.377749443054199,5.815346370454423,5.377501877202788,5.782217815549595,1144000000
2018-02-09,5.737717628479004,5.906081307958318,5.377750668311046,5.890258781347157,1674604000
2018-02-12,5.637588977813721,5.82177564678138,5.563420121542526,5.818808628460244,1093172000
2018-02-13,5.751314640045166,5.797546742300246,5.568858588913541,5.601245864235173,625524000
2018-02-14,5.968629837036133,5.997555905547845,5.699890712604371,5.7110160872970255,744988000
2018-02-15,6.0942230224609375,6.140455127802304,5.971102609330808,6.051946784316371,698900000
2018-02-16,6.02846097946167,6.180754579916724,6.019313300468765,6.067028921992249,637656000
2018-02-20,6.158007621765137,6.226984654317432,6.047248075701885,6.050956847892975,686240000
2018-02-21,5.970854759216309,6.229457834989471,5.96714645808926,6.222535421390149,892292000
2018-02-22,5.99039888381958,6.07648834238074,5.924842326398158,6.004747284195494,534364000
2018-02-23,6.08390998840332,6.08390998840332,5.999552209456847,6.050265870358884,415300000
2018-02-26,6.099989414215088,6.134622992043262,6.037648502277265,6.130170170872084,469312000
2018-02-27,6.0871262550354,6.157630603177743,6.0641194587733205,6.073272350216784,455436000
2018-02-28,5.986688137054443,6.137591933903856,5.975060879540058,6.09801056372888,523116000
2018-03-01,5.7444987297058105,6.0383905825890505,5.64331866891923,5.984460818430372,1040120000
2018-03-02,5.851616859436035,5.858049080503653,5.488210052684503,5.636887690723176,913428000
2018-03-05,5.829599380493164,5.869180750754734,5.677952895895069,5.801397548016186,620776000
2018-03-06,5.990645885467529,6.009942074400134,5.871901777033703,5.914946504544787,636808000
2018-03-07,5.982730388641357,6.034928484845222,5.886498096441713,5.887734807945896,581208000
2018-03-08,5.966402053833008,6.010188994512682,5.922120145526819,6.010188994512682,411912000
2018-03-09,6.069066524505615,6.08193002057617,5.997819969257524,6.013899575269276,505524000
2018-03-12,6.178657531738281,6.2588097329259025,6.102215936430128,6.110379835581523,605060000
2018-03-13,6.1279449462890625,6.295918781426515,6.0866318911943,6.221456099970537,619772000
2018-03-14,6.153425216674805,6.198201627277066,6.091084294558158,6.170989256342004,505496000
2018-03-15,6.168267250061035,6.249408911960656,6.126211988070576,6.167030538758575,401952000
2018-03-16,6.196470737457275,6.215519210799486,6.146993778881167,6.18459622965123,399456000
2018-03-19,5.961950778961182,6.16851606374563,5.862997334997157,6.139572482188769,713772000
2018-03-20,6.174203872680664,6.213043020737624,5.964917047484544,5.964917047484544,554696000
2018-03-21,6.148971080780029,6.234071061900999,6.118542605924722,6.167771827905227,438688000
2018-03-22,5.982976913452148,6.1321494994676,5.9456221908964775,6.085641414237361,551196000
2018-03-23,5.763300895690918,5.999057449941208,5.752168605260439,5.99658355519586,735620000
2018-03-26,6.048038959503174,6.0492756708553435,5.835783714196595,5.887734084236219,611424000
2018-03-27,5.578999042510986,6.184594527299858,5.438732578298572,6.128933082184735,1409000000
2018-03-28,5.4758405685424805,5.674736886875905,5.36822874571568,5.544613235986637,945904000
2018-03-29,5.729160308837891,5.82588706726691,5.459759234060585,5.544116993848371,916628000
2018-04-02,5.468419551849365,5.804861717973978,5.380598403789468,5.65865796983592,922092000
2018-04-03,5.574792385101318,5.698484251594531,5.475838986276154,5.635401607295683,667432000
2018-04-04,5.596811294555664,5.607201368983579,5.294013289444341,5.318999012022968,789168000
2018-04-05,5.476583003997803,5.668305365788988,5.405089191104517,5.6551941481934005,701240000
2018-04-06,5.300197124481201,5.482024347827779,5.271005831846002,5.3739175715561425,662988000
2018-04-09,5.328895092010498,5.491178916008509,5.308856685002309,5.3632814287612,499524000
2018-04-10,5.638125419616699,5.66509007432014,5.502064018919736,5.559209911018855,761676000
2018-04-11,5.596811294555664,5.664594498095268,5.564156640111601,5.62328144829461,460244000
2018-04-12,5.803624629974365,5.821436390930149,5.645546372128949,5.689828290648072,593920000
2018-04-13,5.726935863494873,5.875613511418384,5.6786960896693275,5.8672023626233,503036000
2018-04-16,5.726688861846924,5.760085738665743,5.632435485392518,5.733615579541441,350792000
2018-04-17,5.876354694366455,5.897629810565798,5.723224251006935,5.778885700195328,447224000
2018-04-18,5.847410202026367,5.918656757203468,5.758352361940327,5.82588783955547,391364000
2018-04-19,5.666078567504883,5.7665164274401395,5.610664836145937,5.733119556766988,471996000
2018-04-20,5.6579155921936035,5.741778411534169,5.6267453658111215,5.657420624475238,386200000
2018-04-23,5.53842830657959,5.72693453583259,5.5124531223641,5.675726382928785,427508000
2018-04-24,5.4721293449401855,5.660140599894155,5.406820043029598,5.564156045646277,414596000
2018-04-25,5.359817028045654,5.481529990338182,5.20248102441101,5.442443119353928,588492000
2018-04-26,5.5715789794921875,5.579742880678549,5.455555986392221,5.521607524224426,375824000
2018-04-27,5.5990376472473145,5.69724933345639,5.556735132612173,5.677458647463264,400848000
2018-04-30,5.563661575317383,5.665088895021589,5.544365857958718,5.615364698643373,327844000
2018-05-01,5.619075775146484,5.621796917660815,5.496867835131047,5.555498146454636,253788000
2018-05-02,5.5985426902771,5.660140918146858,5.5723197857763305,5.615612232215377,268248000
2018-05-03,5.7637939453125,5.790016845555746,5.585182847400178,5.630454213371176,443144000
2018-05-04,5.913957118988037,5.91717322916036,5.71778194803073,5.735098738424546,400660000
2018-05-07,6.15194034576416,6.2090862262742945,6.008705008550383,6.018600587036718,687616000
2018-05-08,6.194490909576416,6.197212052251537,6.103205938992592,6.152187922686302,506616000
2018-05-09,6.327583312988281,6.3298099599466715,6.187316822637004,6.214529194619265,596760000
2018-05-10,6.435194969177246,6.444347860329408,6.362711224455021,6.38052298278593,994080000
2018-05-11,6.296660423278809,6.426784559800564,6.197954705163433,6.253368441649258,1214456000
2018-05-14,6.317192554473877,6.394624087913714,6.2934440153883,6.334757064764962,523140000
2018-05-15,6.074758052825928,6.256338094355804,5.974320170914812,6.253616479297792,963528000
2018-05-16,6.0858893394470215,6.147982542631627,5.999304907719778,6.0361651385746535,553828000
2018-05-17,6.1279449462890625,6.221703347913221,6.0715412734406256,6.0876213548122555,519784000
2018-05-18,6.084157943725586,6.243225661234405,6.079210153831284,6.179895743606753,483716000
2018-05-21,6.0421013832092285,6.185336708689338,5.949332465811545,6.181626102984507,640624000
2018-05-22,6.004004955291748,6.080693801379532,5.943395716516996,6.055460831126614,518264000
2018-05-23,6.127525806427002,6.128763754810888,5.947071458596598,5.947814133199135,442956000
2018-05-24,6.131237506866455,6.17356664595064,6.070591267821197,6.123811706572926,437372000
2018-05-25,6.170597076416016,6.18693450104351,6.108218076277748,6.143863151765477,292112000
2018-05-29,6.15351676940918,6.221589763174247,6.106732520885247,6.152526694031698,352684000
2018-05-30,6.2624335289001465,6.271097279237739,6.162428826638228,6.1871826013766285,390996000
2018-05-31,6.242629528045654,6.317138240251438,6.2198563802642335,6.230500279662674,493868000
2018-06-01,6.377042293548584,6.383231090742736,6.278770350797195,6.287434100302282,421968000
2018-06-04,6.556011199951172,6.578041673065869,6.379022379852716,6.411201950716572,642024000
2018-06-05,6.56145715713501,6.599082851947313,6.514425038619631,6.55922913357155,391712000
2018-06-06,6.563436985015869,6.566655083736314,6.455015953037363,6.471353375282602,371356000
2018-06-07,6.507741451263428,6.571605789892061,6.417390121099107,6.559723942673039,369448000
2018-06-08,6.492396354675293,6.534972437803603,6.416154868712767,6.43496772130634,360456000
2018-06-11,6.4513044357299805,6.521357115279061,6.438432510227722,6.479771112335918,265372000
2018-06-12,6.499821662902832,6.511950914178766,6.427540956934155,6.477791184359182,319160000
2018-06-13,6.495366096496582,6.57631055349467,6.486207071745903,6.5013070217214795,338208000
2018-06-14,6.607003211975098,6.663689148856311,6.5255635063348665,6.540416050873598,430016000
2018-06-15,6.566159725189209,6.62111291495302,6.518880208815591,6.549822303155073,432260000
2018-06-18,6.561953544616699,6.579528446757594,6.4948710912000145,6.5220998194765984,356268000
2018-06-19,6.440164566040039,6.526059860406424,6.312683273213872,6.458729541578607,594932000
2018-06-20,6.493137359619141,6.546109931009988,6.442887141291563,6.481255511337796,369780000
2018-06-21,6.364418029785156,6.543387009489068,6.356744355888867,6.525069435739338,359516000
2018-06-22,6.211934566497803,6.398577676227888,6.1965876921605,6.3852104802199605,434160000
2018-06-25,5.919100284576416,6.109208465259689,5.830482156875028,6.105495564243447,665816000
2018-06-26,5.990142345428467,6.080741085711662,5.938654650262679,6.03247148952847,478884000
2018-06-27,5.834936141967773,6.100047778173687,5.829490020204329,6.033708018931398,453892000
2018-06-28,5.96217155456543,5.974053404221776,5.817362279104554,5.82503595400182,338012000
2018-06-29,5.864146709442139,6.039897604379081,5.862908761089648,6.027273552873015,392300000
2018-07-02,5.996331691741943,6.000044592668702,5.774043467145295,5.794589066932784,357572000
2018-07-03,5.862662315368652,6.036928361667056,5.85424596490085,6.030987436168551,222732000
2018-07-05,6.008461952209473,6.013412330231056,5.879000006129163,5.9178631883981705,306216000
2018-07-06,6.122328281402588,6.130744631709441,5.962666914978974,5.9839551915965945,296352000
2018-07-09,6.169854164123535,6.206242384941266,6.0911377423904,6.196588559883071,303880000
2018-07-10,6.268869876861572,6.290900354471012,6.141883372975349,6.182231899282654,360016000
2018-07-11,6.1272783279418945,6.210698201105286,6.11663395495908,6.176043201019297,367508000
2018-07-12,6.218866348266602,6.26688854420968,6.162675676509351,6.172577374375072,345508000
2018-07-13,6.171586513519287,6.237431478994067,6.129505244004502,6.237431478994067,246988000
2018-07-16,6.143862247467041,6.196835287335185,6.131485598443854,6.143862247467041,197036000
2018-07-17,6.279760360717773,6.294860308062987,6.069106605259504,6.094603051902498,362136000
2018-07-18,6.230501651763916,6.286197529560713,6.1795092227410064,6.272335528356,277640000
2018-07-19,6.2386698722839355,6.272335270556275,6.196589068721484,6.211688545639296,235752000
2018-07-20,6.210451602935791,6.275058635219856,6.199559827727253,6.236195455509406,222352000
2018-07-23,6.173815727233887,6.185697577504424,6.022075443652956,6.183964827345763,301584000
2018-07-24,6.156487464904785,6.308475130545054,6.138912092510818,6.221837161178626,354620000
2018-07-25,6.234708786010742,6.24733330877444,6.107969701056329,6.165893593151828,319112000
2018-07-26,6.308228492736816,6.345111522551983,6.197827276288319,6.2146599774105855,325124000
2018-07-27,6.238421440124512,6.351793323305382,6.184458323617384,6.344862324133724,295420000
2018-07-30,6.043115615844727,6.258472828574286,6.008212743750892,6.2525319041298255,340340000
2018-07-31,6.061185359954834,6.135941475759892,5.993855517213203,6.032718688086741,283988000
2018-08-01,6.101038932800293,6.147823652968639,6.03717458630776,6.092623056111181,283556000
2018-08-02,6.203768253326416,6.207728555642838,5.970836094370968,6.029749604509632,269668000
2018-08-03,6.2404022216796875,6.264165919607523,6.211440745986463,6.228272971902883,214288000
2018-08-06,6.288176536560059,6.291642036230769,6.1812408483559205,6.22777769311657,207508000
2018-08-07,6.3604583740234375,6.3790238239694235,6.310208619744628,6.336942546612326,258132000
2018-08-08,6.39684534072876,6.441897311165495,6.326792668784326,6.36169554042197,262100000
2018-08-09,6.348328113555908,6.417390707637706,6.340654439531383,6.414667882430087,204280000
2018-08-10,6.306989669799805,6.339417116553359,6.255254573188358,6.266393747226047,256396000
2018-08-13,6.339911937713623,6.4607101025868205,6.31392068892518,6.31565343884441,375208000
2018-08-14,6.4713544845581055,6.48546435790696,6.362190759382864,6.445363233835185,466220000
2018-08-15,6.413183212280273,6.526059830539484,6.334466318825714,6.492147034403031,591136000
2018-08-16,6.372588157653809,6.485465271794612,6.312436699139501,6.48298984678566,801260000
2018-08-17,6.060196399688721,6.261939036378466,6.033214599757653,6.261196361721583,1143188000
2018-08-20,6.134952068328857,6.267631617628296,5.909198347296482,6.019600019258192,854388000
2018-08-21,6.27060079574585,6.275056370133156,6.131485081724465,6.151288001776048,673988000
2018-08-22,6.505762100219727,6.510712949551802,6.234462072339854,6.237927572444511,749856000
2018-08-23,6.6052703857421875,6.670620070110538,6.453282747791223,6.467144744822224,720684000
2018-08-24,6.738446235656738,6.753050909411109,6.609232195513568,6.613687770666964,531512000
2018-08-27,6.829538345336914,6.903799174686154,6.7367120725809455,6.768148965002329,505776000
2018-08-28,6.791914939880371,6.846373340370309,6.6718594356791865,6.823599715841663,475384000
2018-08-29,6.897422790527344,6.922437639205942,6.763432050074536,6.7842364225521194,420108000
2018-08-30,6.880581855773926,6.977421877255754,6.843678654077614,6.8662167274391654,346608000
2018-08-31,6.951662540435791,6.964541504384259,6.850612062564064,6.860519175938501,306592000
2018-09-04,7.026459217071533,7.064105017900618,6.910053002353439,6.938535243376741,391720000
2018-09-05,6.895689487457275,7.0442929090346285,6.814700757330836,7.008875869664056,393156000
2018-09-06,6.7545166015625,6.881820107081899,6.721576340026129,6.879343328202863,322796000
2018-09-07,6.733215808868408,6.858785591335433,6.617552667541865,6.662381269786257,295420000
2018-09-10,6.804298400878906,6.8340192734155085,6.711916868456028,6.75575486019924,220140000
2018-09-11,6.75649881362915,6.845660497959241,6.73718012588614,6.757984503149918,243112000
2018-09-12,6.642568111419678,6.736188264207356,6.487029910654714,6.716622043892023,419092000
2018-09-13,6.720337390899658,6.810985219630127,6.6911120649443445,6.708449042647122,305536000
2018-09-14,6.846403121948242,6.912531654120937,6.773835342555874,6.810738545076135,386936000
2018-09-17,6.784483909606934,6.869931113660633,6.765165698845258,6.820892033576541,205528000
2018-09-18,6.712409973144531,6.8912292834625495,6.705723192131493,6.788445593880359,299520000
2018-09-19,6.736187934875488,6.754020456533981,6.643806412106326,6.693836109284113,224860000
2018-09-20,6.595016002655029,6.656438513516968,6.54102335613122,6.614086680638897,430584000
2018-09-21,6.5249247550964355,6.652476275281125,6.491736955804356,6.606904581001687,435128000
2018-09-24,6.580649375915527,6.584116771123281,6.406783598502202,6.493964023324514,293912000
2018-09-25,6.647769451141357,6.672784301880277,6.56108408628115,6.646778834141386,280388000
2018-09-26,6.610865592956543,6.69309293692581,6.595014777741767,6.6527223457164295,268548000
2018-09-27,6.622753620147705,6.667334685328497,6.59129952736597,6.646034769591449,214428000
2018-09-28,6.960082530975342,6.982373062104729,6.726775507204507,6.754762675363718,709396000
2018-10-01,7.16664457321167,7.233515723025287,6.999217981479771,7.037854887264055,622060000
2018-10-02,7.095312118530273,7.250849824693952,7.073021586648799,7.139150101577554,383964000
2018-10-03,7.101504802703857,7.173081956175866,6.997482463778114,7.165651620396451,320552000
2018-10-04,6.917236328125,7.089615948818672,6.8402100782823405,7.06534418169296,391220000
2018-10-05,6.683681488037109,6.954634819894774,6.626221455154507,6.892469238547144,426636000
2018-10-08,6.58238410949707,6.715879318403089,6.441458564377645,6.600464169125509,408612000
2018-10-09,6.576687812805176,6.656437913549567,6.508825588409752,6.561827140673811,273500000
2018-10-10,6.085057735443115,6.516502808426627,6.082828493127352,6.470683115869924,684940000
2018-10-11,5.823516845703125,6.131373412989649,5.801969389698521,5.997877727828555,725436000
2018-10-12,6.106109142303467,6.18041107223223,5.935463231605909,6.080599224013442,608236000
2018-10-15,5.829708576202393,6.092736534440553,5.8287179591547496,6.092736534440553,449760000
2018-10-16,6.088525295257568,6.099670562343093,5.893112053262091,5.942398670090558,408712000
2018-10-17,6.019920349121094,6.18883306305501,5.9708812655397425,6.150691238671365,329668000
2018-10-18,5.932491779327393,6.127657492536262,5.8720598931390695,6.089268605216968,524020000
2018-10-19,5.6759033203125,6.007288535617203,5.6394956684714606,5.987722788582661,613608000
2018-10-22,5.726677417755127,5.8282229974540645,5.623893684722091,5.728163579673887,368844000
2018-10-23,5.475042343139648,5.5525636803262675,5.367304586824653,5.459438588836769,626436000
2018-10-24,4.9388322830200195,5.483215871621535,4.9249626976285565,5.436653557122391,884288000
2018-10-25,5.147617816925049,5.194923191526612,4.79691397864822,4.841247503005438,951720000
2018-10-26,4.9110918045043945,5.073316781065452,4.783045237529511,4.911586876766648,664784000
2018-10-29,4.597289085388184,5.055730050774415,4.359276113725178,5.052262656870374,758016000
2018-10-30,5.027745246887207,5.037652361196186,4.597291239462398,4.620324855073283,807192000
2018-10-31,5.2216715812683105,5.265262023695887,5.052758912109638,5.192446262262898,745772000
2018-11-01,5.401978015899658,5.411389585008951,5.131519762566331,5.2580801646965245,566528000
2018-11-02,5.322972297668457,5.498324301192538,5.206318498192609,5.392568235984562,452960000
2018-11-05,5.2449541091918945,5.3331256339925455,5.084214812320023,5.309844009169884,379332000
2018-11-06,5.227370262145996,5.32123796466394,5.190219050063657,5.237029369432599,299012000
2018-11-07,5.294983386993408,5.3846405939087765,5.230341028321325,5.293992770092266,483812000
2018-11-08,5.101800441741943,5.236533815970145,5.048302866495386,5.235790735042061,511352000
2018-11-09,5.093873023986816,5.184273303021091,4.979200979808544,5.012884313207969,413240000
2018-11-12,4.694377899169922,5.024524909985202,4.672582440769583,5.0024819154930995,617116000
2018-11-13,4.93635368347168,5.057712983290463,4.7860165977763,4.7922087795974075,644712000
2018-11-14,4.883848667144775,5.123843023893442,4.775863843235358,5.109477894730352,526580000
2018-11-15,5.012638568878174,5.0847112817657685,4.841992126374174,4.877904714722588,840708000
2018-11-16,4.07247257232666,4.226772091675713,4.0026286691583834,4.044980953870245,1963520000
2018-11-19,3.5838167667388916,4.007831306534742,3.5820830689134033,4.00708869809287,1697820000
2018-11-20,3.6922965049743652,3.8205905950425256,3.301717597552509,3.3202929620390345,1692032000
2018-11-21,3.584063768386841,3.846348590406735,3.5568199157351574,3.829506923156681,1025496000
2018-11-23,3.5912466049194336,3.704928044678346,3.536511123131653,3.5493900878109654,411968000
2018-11-26,3.7906227111816406,3.8010248971738907,3.629883428153442,3.712358307718153,814832000
2018-11-27,3.807464361190796,3.8887008511493266,3.7287046496562755,3.7646169920100623,738060000
2018-11-28,3.9644882678985596,3.9696893605970573,3.792603727943556,3.9251082960972727,804524000
2018-11-29,3.9012696743011475,4.003908458780381,3.871023494431321,3.9667205482148544,549172000
2018-11-30,4.051755428314209,4.062415803485919,3.860608952784249,3.9109367144819394,729564000
2018-12-03,4.215632438659668,4.330667515339227,4.1486939119831145,4.27910009978425,890804000
2018-12-04,3.895070791244507,4.175963975872411,3.8799474686671274,4.171005462941813,812112000
2018-12-06,3.924325942993164,3.929284220231112,3.7388817401689804,3.754500632655693,692308000
2018-12-07,3.6595473289489746,3.938705371196474,3.6102113925964496,3.928540559604419,681676000
2018-12-10,3.7649130821228027,3.7897051766590972,3.610954690480573,3.6146735755914983,629472000
2018-12-11,3.673926830291748,3.8648251224018226,3.59484028352681,3.8566437636480346,671912000
2018-12-12,3.691528558731079,3.7877213948459665,3.5903772095658275,3.679628316558138,654136000
2018-12-13,3.6912810802459717,3.802597255640552,3.6553328010946387,3.7383860153980013,471384000
2018-12-14,3.630788564682007,3.733427336423378,3.6072360981481406,3.64963030147416,471820000
2018-12-17,3.559635639190674,3.672935034789407,3.5016223027691153,3.6007904537781372,662868000
2018-12-18,3.6429362297058105,3.7269810401161405,3.5762457421556,3.6035168547122054,564372000
2018-12-19,3.4339399337768555,3.662770180692982,3.382372527549566,3.6092193217512043,745364000
2018-12-20,3.3493993282318115,3.515505750691875,3.2896505634525437,3.4255108095773554,749588000
2018-12-21,3.212299108505249,3.4088997064269937,3.184779975743349,3.375926256584158,863740000
2018-12-24,3.1505675315856934,3.22246432500799,3.08660407634126,3.1359402472168654,463840000
2018-12-26,3.2998158931732178,3.300807501474037,3.0856128954877486,3.1966810639687377,695100000
2018-12-27,3.251966953277588,3.2819653488986655,3.1034628604134817,3.2475044797285704,637044000
2018-12-28,3.313450574874878,3.4061727863495057,3.2306453898738328,3.27254378641105,628728000
2018-12-31,3.309732675552368,3.3893147976762203,3.2789904539694676,3.3568373797895843,465140000
2019-01-02,3.3771657943725586,3.4331956664336545,3.2241992643265656,3.238826546457952,508752000
2019-01-03,3.1731276512145996,3.350886272052419,3.16569011829728,3.3169212152689522,705552000
2019-01-04,3.376422166824341,3.4146016756137247,3.215522065273659,3.2462640411921755,585620000
2019-01-07,3.5551724433898926,3.5921125609040048,3.3823720977241196,3.433691713612336,709160000
2019-01-08,3.466665029525757,3.6389695763201972,3.394024420567132,3.6367381035703574,786016000
2019-01-09,3.5348434448242188,3.5821961609359905,3.467409127423472,3.51798468814783,617260000
2019-01-10,3.6005423069000244,3.609219469565768,3.4550132850732562,3.515505876340789,523156000
2019-01-11,3.689793586730957,3.712602229451064,3.5504624735758616,3.578229393529933,874764000
2019-01-14,3.729707956314087,3.754995851950746,3.6139293281542297,3.6374817915626334,730168000
2019-01-15,3.715576648712158,3.8018526910244255,3.6972304823143647,3.7624333180428455,617012000
2019-01-16,3.6900413036346436,3.7758215552106362,3.6845872224196863,3.7428483383631446,470104000
2019-01-17,3.7614426612854004,3.801357848355411,3.6297970918985385,3.65706844639474,493436000
2019-01-18,3.890608072280884,3.916639792229535,3.759706357617704,3.8112737570752984,651336000
2019-01-22,3.6883058547973633,3.872014620828446,3.6580596786916066,3.8603623976914765,661552000
2019-01-23,3.701197862625122,3.8323476199523814,3.6699600770627745,3.743592304161815,591020000
2019-01-24,3.9131696224212646,3.930771731673405,3.7810282560710893,3.785738749605239,708972000
2019-01-25,3.9704389572143555,3.9885371072718394,3.751029919855189,3.8536686981251767,1154572000
2019-01-28,3.421543598175049,3.5115385312422687,3.247751873479626,3.385347303336906,2511528000
2019-01-29,3.2626266479492188,3.423774764411695,3.2479993664716593,3.3754302112555026,1153932000
2019-01-30,3.40617299079895,3.42055225446587,3.2591563273056403,3.3387386726274992,974228000
2019-01-31,3.563850164413452,3.599550659300803,3.3811330006037914,3.4029500353779913,842852000
2019-02-01,3.5881457328796387,3.6392173296415167,3.5348431362564363,3.582443632025934,625048000
2019-02-04,3.6984705924987793,3.7356584977000353,3.5819481270012767,3.6040129444490905,528592000
2019-02-05,3.7175605297088623,3.754252632633249,3.676653737426789,3.710370779418393,542424000
2019-02-06,3.7931764125823975,3.857635675534422,3.745327887695496,3.750781969336465,702464000
2019-02-07,3.654836416244507,3.7490460412380697,3.6119464109925055,3.746814804822117,637120000
2019-02-08,3.6734306812286377,3.6840910594863083,3.5732709327499834,3.5876501960683105,461604000
2019-02-11,3.630788564682007,3.6835953627593336,3.5824440032246034,3.629300916040426,495180000
2019-02-12,3.7478063106536865,3.7634254380090555,3.6548363165244897,3.669215815585946,591060000
2019-02-13,3.79020094871521,3.8633373669012747,3.763673421971473,3.777309097494787,605372000
2019-02-14,3.8311080932617188,3.8593710550368208,3.7460714241024835,3.789209691136838,827264000
2019-02-15,3.900773286819458,4.062664778284348,3.8779646451867205,4.039856373086544,1516748000
2019-02-19,3.8834190368652344,3.9639932315440696,3.8710232251622934,3.8901129832475814,551892000
2019-02-20,3.9307711124420166,3.997957403350524,3.901516784095004,3.9126729655131918,540988000
2019-02-21,3.861849069595337,3.967958685876486,3.847221788415164,3.9434148523532047,448548000
2019-02-22,3.9466378688812256,3.9654798393133603,3.9000289832311283,3.9136646570598947,401740000
2019-02-25,3.934242010116577,4.097621128048248,3.9255646127854056,4.030187056834436,656020000
2019-02-26,3.8948233127593994,3.9855620786700827,3.861354055127313,3.9295321987965566,488464000
2019-02-27,3.8529253005981445,3.906971733173809,3.7959035704030306,3.8804444392283792,500256000
2019-02-28,3.828355312347412,3.8690562226778793,3.806019715350334,3.846720389002192,324944000
2019-03-01,3.8827059268951416,3.9248955454090013,3.819917459146095,3.878238618181043,357188000
2019-03-04,3.8908956050872803,3.9440050996638467,3.8343114319756366,3.921172951744745,409992000
2019-03-05,3.8844430446624756,3.9226619051650116,3.820909987702736,3.8752603882977406,362924000
2019-03-06,3.773508310317993,3.883946327742124,3.770778459449249,3.875508499293919,403524000
2019-03-07,3.7042675018310547,3.7596107701403376,3.6581068900495652,3.7499317985772644,450104000
2019-03-08,3.738515615463257,3.749187216448156,3.5935809834350056,3.614924185404804,422416000
2019-03-11,3.9991002082824707,4.02193212019245,3.7149391385250428,3.7620926175007154,859728000
2019-03-12,4.033348560333252,4.079756975177056,3.9507058339743053,4.0268957547605755,579576000
2019-03-13,4.1847357749938965,4.214020495872586,4.063377858129775,4.070823294632877,768900000
2019-03-14,4.108794689178467,4.205831522907976,4.101101212402681,4.193919012199835,519384000
2019-03-15,4.214270114898682,4.256956064661453,4.148503258580661,4.151977701856205,661484000
2019-03-18,4.192925453186035,4.2996410007207375,4.165874034161741,4.245786675218304,486992000
2019-03-19,4.360691547393799,4.405115174456572,4.270604097388697,4.287479755137556,854972000
2019-03-20,4.328181266784668,4.44308637144721,4.293436371576382,4.389728595971831,719148000
2019-03-21,4.564939975738525,4.591246802463729,4.346297702344163,4.35126132600661,824312000
2019-03-22,4.40511417388916,4.586282136167349,4.391216409479557,4.537639960733736,747644000
2019-03-25,4.312794208526611,4.4286919404417375,4.246531296109056,4.364414761621294,525212000
2019-03-26,4.389480113983154,4.510589499851069,4.333143980399348,4.4545018787963055,703508000
2019-03-27,4.380296230316162,4.461449512346448,4.31080741309491,4.415041112283854,474372000
2019-03-28,4.398909568786621,4.464675905923956,4.345799852844499,4.40635452869979,480264000
2019-03-29,4.456238746643066,4.480560310915573,4.415290038744782,4.465669441355142,456896000
2019-04-01,4.523743152618408,4.554020499105094,4.4763416361193356,4.548064245476559,483824000
2019-04-02,4.541611671447754,4.586035300073622,4.504881991117906,4.547816437921497,440920000
2019-04-03,4.68108606338501,4.740152047019069,4.586283031911772,4.591246655415244,783504000
2019-04-04,4.672152519226074,4.714590416904225,4.609364046586918,4.665699713172194,457376000
2019-04-05,4.738910675048828,4.75628335646995,4.678852537650183,4.715334174584486,481744000
2019-04-08,4.759757995605469,4.784823678760386,4.6843124336172295,4.708385486749751,424192000
2019-04-09,4.696969509124756,4.737422140827427,4.654779656551858,4.726254224753506,439972000
2019-04-10,4.767451286315918,4.793261561895307,4.691758153919017,4.696225225969831,444772000
2019-04-11,4.753554344177246,4.801452422506862,4.704167557143568,4.769933926780318,374600000
2019-04-12,4.715581893920898,4.796239109727124,4.706895790478029,4.792268116714469,471708000
2019-04-15,4.58380126953125,4.712852641868364,4.544093227790168,4.7078890183114295,440092000
2019-04-16,4.670910358428955,4.689771747365335,4.590253613836357,4.623012768650671,394964000
2019-04-17,4.648078441619873,4.726749926194656,4.625742611252989,4.705903277414137,351004000
2019-04-18,4.623509407043457,4.688779685433278,4.595713871920384,4.654779857414121,380988000
2019-04-22,4.677363395690918,4.692998383081152,4.568414562275509,4.59993257621409,279936000
2019-04-23,4.731963157653809,4.763233614551977,4.680839148686751,4.690517885493593,346856000
2019-04-24,4.74437141418457,4.785072088397006,4.681582945174319,4.742385680628854,318204000
2019-04-25,4.638647079467773,4.726501206702965,4.558982976421546,4.704165379551165,499296000
2019-04-26,4.419758319854736,4.489247643416205,4.300882210132827,4.484780097311116,868988000
2019-04-29,4.450531005859375,4.47832653833318,4.355479467927879,4.427698623215064,391920000
2019-04-30,4.491976737976074,4.517538500697847,4.399158962721246,4.418268393307308,362920000
2019-05-01,4.478823184967041,4.58653134894412,4.478574672452426,4.544341497677258,354280000
2019-05-02,4.546326637268066,4.588019935758864,4.445319320073938,4.488501800184308,394684000
2019-05-03,4.541860103607178,4.564692015477626,4.480312305186082,4.554765241338322,336824000
2019-05-06,4.463436603546143,4.47559715026055,4.318253687149516,4.355479918183428,422176000
2019-05-07,4.296167850494385,4.4150439810334525,4.2480217253604335,4.4150439810334525,555220000
2019-05-08,4.316267490386963,4.396428149650471,4.256705438986166,4.2686179439377465,419168000
2019-05-09,4.223698616027832,4.256954326196563,4.104823002024501,4.247275591504085,660248000
2019-05-10,4.189698696136475,4.2584434142362335,4.070078020530973,4.192925098748698,569500000
2019-05-13,3.9323408603668213,4.080749939884971,3.9164575961922776,4.057669516159789,656912000
2019-05-14,4.021435260772705,4.056676225230183,3.9333328496290094,3.9720480186914613,524880000
2019-05-15,3.9603846073150635,3.996866246148692,3.906530522834444,3.965844309174504,502320000
2019-05-16,3.97552227973938,4.018208676450812,3.9124860245500166,3.9549239087830896,781088000
2019-05-17,3.8846919536590576,4.062882105382223,3.845232178415604,3.9335826632314643,1022068000
2019-05-20,3.766063928604126,3.841012954273963,3.7412462795256283,3.785917953195467,572064000
2019-05-21,3.8482096195220947,3.864092885462268,3.7881512346758224,3.8268666510277507,361848000
2019-05-22,3.777231454849243,3.8355526164462623,3.7663115767827158,3.809494300630132,325868000
2019-05-23,3.656121253967285,3.714938721475612,3.5963109198118848,3.714938721475612,591844000
2019-05-24,3.6022675037384033,3.7102237147782917,3.5955666591393607,3.6749827441966216,357584000
2019-05-28,3.5570998191833496,3.6526474524105756,3.555114322219888,3.619888290924512,428356000
2019-05-29,3.4828951358795166,3.5444424604204987,3.4481504799727127,3.5094497653355536,559800000
2019-05-30,3.456310272216797,3.5219033772699504,3.4180475486195356,3.486125298427434,394300000
2019-05-31,3.3656225204467773,3.4746959572244664,3.3638833165670223,3.4073636505096556,389720000
2019-06-03,3.3238818645477295,3.4155630321221095,3.294563718797367,3.3768034255081956,478644000
2019-06-04,3.5529613494873047,3.558178962218824,3.3658717843044004,3.387984557825907,641836000
2019-06-05,3.510226011276245,3.632219326384705,3.473951049012242,3.626753155033698,511616000
2019-06-06,3.572340488433838,3.596937902553327,3.5119649958724777,3.514449640599399,408140000
2019-06-07,3.6150755882263184,3.6493627870032497,3.5591722634338714,3.5783037445811052,348856000
2019-06-10,3.6878740787506104,3.756448713385929,3.671227242439449,3.671227242439449,402780000
2019-06-11,3.745516061782837,3.785517987924492,3.706011254133817,3.747752147204667,383872000
2019-06-12,3.632467746734619,3.708247759044303,3.617311791662439,3.702036146671256,358892000
2019-06-13,3.683650255203247,3.7020360587135506,3.63693983167312,3.6545804312753907,308080000
2019-06-14,3.59370756149292,3.614826566272586,3.5489851443320792,3.5904777131365866,394428000
2019-06-17,3.6033971309661865,3.6404175245212533,3.569109703906237,3.5919679096299646,276040000
2019-06-18,3.7984371185302734,3.853843309572058,3.6538341915858807,3.6647662942753962,581920000
2019-06-19,3.804401159286499,3.8451482919579565,3.778312862447239,3.83371930484844,331644000
2019-06-20,3.828749895095825,3.909002072454372,3.814339382029556,3.895088440949179,350168000
2019-06-21,3.7706098556518555,3.863036682041209,3.764149922542619,3.8138418615051917,434428000
2019-06-24,3.792970895767212,3.822537592489138,3.744769841808989,3.7919771328862306,282948000
2019-06-25,3.763653516769409,3.8729755119662834,3.760920549821552,3.797940949509374,311868000
2019-06-26,3.956954002380371,4.018075164463512,3.8781927181282776,3.891112584629068,584072000
2019-06-27,4.055591106414795,4.074722341765815,4.0066446203303245,4.042671243413189,445440000
2019-06-28,4.080439567565918,4.108763954627241,4.03372937440414,4.099570814628201,397668000
2019-07-01,4.1286396980285645,4.321940598852988,4.091122179552119,4.287653165839552,709756000
2019-07-02,4.03074836730957,4.133113590495989,4.01758017157202,4.111994338937924,400228000
2019-07-03,4.043666839599609,4.0598167941486585,3.983788462677283,4.05410206361352,246636000
2019-07-05,3.9810545444488525,3.9897505623829805,3.9176973007602807,3.98527839228792,396552000
2019-07-08,3.906019926071167,3.940307354778821,3.875956582334014,3.921424436762938,329788000
2019-07-09,3.9085049629211426,3.9365807835488655,3.851110999361085,3.863782307750123,342860000
2019-07-10,3.9768314361572266,4.034225165195638,3.9380718316297507,3.95198546291179,452076000
2019-07-11,4.131373405456543,4.1721205428015145,4.012609927908385,4.049878656869001,682560000
2019-07-12,4.164417743682861,4.235477257878733,4.15920013178468,4.15920013178468,506392000
2019-07-15,4.155970096588135,4.201686518778212,4.127646188167227,4.185537038267442,289840000
2019-07-16,4.151248455047607,4.178330270515237,4.095593468953256,4.141061556255157,341444000
2019-07-17,4.2165937423706055,4.2235505572545105,4.123670030538481,4.152988171519929,348204000
2019-07-18,4.228270530700684,4.2911306531086675,4.170379696570208,4.227028445580013,442192000
2019-07-19,4.185041427612305,4.2729958957080925,4.179078372665326,4.266536195955866,344896000
2019-07-22,4.25659704208374,4.269516913752792,4.198954501260461,4.206408437418716,315940000
2019-07-23,4.3644280433654785,4.3664155700496154,4.280200320981503,4.295853633786398,428176000
2019-07-24,4.43896484375,4.444679574485205,4.331630836479247,4.407659170612291,366236000
2019-07-25,4.3077778816223145,4.4101430552782395,4.284422791957234,4.397471510474665,392700000
2019-07-26,4.349767684936523,4.396477865521099,4.334860291406818,4.334860291406818,274160000
2019-07-29,4.343555450439453,4.35970540000584,4.255352718164589,4.342561687587236,248160000
2019-07-30,4.359209060668945,4.371383487104763,4.2826836206034615,4.297094369279475,197772000
2019-07-31,4.191996097564697,4.328648698706648,4.1497580897786355,4.327654461810294,359416000
2019-08-01,4.09758186340332,4.29287026719242,4.045405279294063,4.202431202261178,421212000
2019-08-02,4.004907131195068,4.074227441107557,3.957451742759622,4.004907131195068,428348000
2019-08-05,3.7465102672576904,3.822538597461443,3.6995515230292635,3.8212962750592467,589156000
2019-08-06,3.785268783569336,3.866763266595488,3.7375648462044326,3.821295414271328,361272000
2019-08-07,3.8235318660736084,3.8354579700331706,3.707004741035037,3.7243967785187824,372560000
2019-08-08,3.9321091175079346,3.933351439972002,3.823781110298362,3.8811750812250887,309300000
2019-08-09,3.8307371139526367,3.8945910059783975,3.780299969964513,3.8911125985963704,341816000
2019-08-12,3.762908697128296,3.8307378917995485,3.7410442484667956,3.7785615335257896,279200000
2019-08-13,3.877199172973633,3.923164151825202,3.7224095529757264,3.7614174793234634,351956000
2019-08-14,3.728621244430542,3.800177406144371,3.684892584249326,3.7889967410672867,419880000
2019-08-15,3.6963205337524414,3.7673797939242863,3.66203334423936,3.7475031142459496,477200000
2019-08-16,3.9644083976745605,4.013602988071271,3.8978212945052966,3.9591907860120497,1007960000
2019-08-19,4.243178844451904,4.259080475618772,4.061555725655108,4.077705679120632,815112000
2019-08-20,4.1708784103393555,4.238210728393089,4.1497591640304305,4.237713609816223,463188000
2019-08-21,4.254359245300293,4.309517121630065,4.215351321436691,4.236967207520183,427244000
2019-08-22,4.260572910308838,4.3065376688842685,4.221316173525033,4.264051319348084,303488000
2019-08-23,4.0359649658203125,4.238459037947564,4.016088279064714,4.184046590182954,568056000
2019-08-26,4.110750198364258,4.13882625430878,4.0724877161807695,4.114725724287434,318208000
2019-08-27,4.0200629234313965,4.151745766566678,3.9907447813609203,4.149012799746123,290968000
2019-08-28,4.009616851806641,4.062342218261588,3.954404381587168,3.993699956953522,255612000
2019-08-29,4.15336799621582,4.185699393173666,4.0976579210932895,4.101139771140542,357976000
2019-08-30,4.166052341461182,4.249368663599318,4.147896909535147,4.199627533275065,290616000
2019-09-03,4.082985877990723,4.12626045181507,4.060105276036855,4.093182863925962,296140000
2019-09-04,4.197140216827393,4.204601528308248,4.143668670464305,4.143668670464305,227728000
2019-09-05,4.470218658447266,4.47643618128141,4.297617530169217,4.299358455537441,695676000
2019-09-06,4.443110942840576,4.503794781567796,4.40505914096025,4.446841362831437,376976000
2019-09-09,4.4891204833984375,4.575670103266216,4.472705973928685,4.474198331435024,417524000
2019-09-10,4.555773735046387,4.582384755788009,4.446592082100578,4.456291457142539,352812000
2019-09-11,4.584373950958252,4.632622724271211,4.54134795366165,4.5704465482479675,361512000
2019-09-12,4.582882881164551,4.685597979374989,4.5749244308610075,4.63088309987558,327840000
2019-09-13,4.524933815002441,4.553286233268547,4.481161635519684,4.51622918760056,324592000
2019-09-16,4.481906414031982,4.516476344732918,4.439378037102252,4.449823586721258,231832000
2019-09-17,4.503297805786133,4.507525836630991,4.44211635417437,4.488624219101065,223048000
2019-09-18,4.476186752319336,4.512000477687467,4.389637627562837,4.496332150726364,258152000
2019-09-19,4.400581359863281,4.500560763185718,4.389886764733637,4.482156287610649,245476000
2019-09-20,4.294882774353027,4.42321463133954,4.284686261299443,4.399587847172998,350244000
2019-09-23,4.348352909088135,4.393866010859159,4.291399508443675,4.295130401616108,249712000
2019-09-24,4.290903091430664,4.409286510001265,4.255338399669958,4.37969077395028,317268000
2019-09-25,4.432664394378662,4.452312185704765,4.245638236161754,4.290405163490444,308432000
2019-09-26,4.4105305671691895,4.431670721024697,4.359546104109924,4.422966091309706,234564000
2019-09-27,4.271752834320068,4.419483418218341,4.211068531397219,4.368747532759342,362056000
2019-09-30,4.329203128814697,4.339400113814063,4.266280767666534,4.297617901367833,186184000
2019-10-01,4.327463150024414,4.501556688703775,4.32273798302591,4.352333723316713,366008000
2019-10-02,4.303586959838867,4.317514364321629,4.231213790658827,4.305576453517365,293372000
2019-10-03,4.509264945983887,4.5154824684744215,4.2777209360731545,4.3080628442948745,450588000
2019-10-04,4.525681972503662,4.555029150395117,4.446345070037201,4.511505519988773,265524000
2019-10-07,4.584373950958252,4.684104305808644,4.581886846993333,4.590591473687261,480984000
2019-10-08,4.407793998718262,4.492602216350679,4.389638564091479,4.492602216350679,444436000
2019-10-09,4.494343280792236,4.543835851922609,4.455794348513797,4.484643905690134,292412000
2019-10-10,4.552042007446289,4.603026452067715,4.4868815922346394,4.492104368174887,309124000
2019-10-11,4.6256585121154785,4.708974351090295,4.617202454441852,4.636104062994715,446404000
2019-10-14,4.6390886306762695,4.6599797339112445,4.585865651549163,4.616953738324988,200040000
2019-10-15,4.883815765380859,4.956437993192664,4.715442610460611,4.7293704924067645,664124000
2019-10-16,4.830094337463379,4.954695742202176,4.818654037777898,4.849742128344207,428944000
2019-10-17,4.8320841789245605,4.919628061305716,4.777617405465998,4.874612568063043,263436000
2019-10-18,4.737576484680176,4.865162136271647,4.663213821403918,4.832581686678378,307440000
2019-10-21,4.874861240386963,4.8882915079634115,4.780104611767795,4.799006223870478,261868000
2019-10-22,4.8649139404296875,5.037017491288982,4.8572040588339185,4.931815295939197,328720000
2019-10-23,4.851979732513428,4.866155701752452,4.751005599593208,4.782839862732736,279916000
2019-10-24,4.89600133895874,4.929576058826617,4.859192861915762,4.8932651923567185,232020000
2019-10-25,5.087006092071533,5.107897195960004,4.968871263754706,4.976581143670677,423092000
2019-10-28,5.142966270446777,5.195442613818393,5.101432144067433,5.1307793151969205,330792000
2019-10-29,5.046716690063477,5.135504372192702,5.027317939867172,5.1290378058828265,211236000
2019-10-30,5.0487060546875,5.07929701107862,4.980560913880429,5.073576623671343,205960000
2019-10-31,4.999463081359863,5.048706614170909,4.919629063134394,5.027815504681381,209732000
2019-11-01,5.038508415222168,5.07083981560393,4.939026161565736,4.964145293047688,283640000
2019-11-04,5.235235214233398,5.247670737342684,5.096458286647373,5.119587458333909,376716000
2019-11-05,5.213098526000977,5.261098248697957,5.165098328937499,5.234984373057126,300868000
2019-11-06,5.16385555267334,5.214590952245611,5.076311206589392,5.188974684389315,269012000
2019-11-07,5.181513786315918,5.265078678110565,5.136746863055693,5.25040509656934,280340000
2019-11-08,5.167587757110596,5.199173464499117,5.127048852436635,5.164603516137686,189100000
2019-11-11,5.177535533905029,5.200664703086255,5.080540361625758,5.166840937752793,243436000
2019-11-12,5.213098526000977,5.269057169778827,5.180766654321998,5.215834197587183,283504000
2019-11-13,5.187233924865723,5.209368342980656,5.120829721787799,5.181762106581593,300188000
2019-11-14,5.2175774574279785,5.219815993927408,5.136251080116039,5.196188736889149,518080000
2019-11-15,5.078301906585693,5.26706851096581,4.990011369192455,5.215337882919801,1053628000
2019-11-18,5.27950382232666,5.306114839612018,5.067856152691539,5.070840392945064,574588000
2019-11-19,5.172810077667236,5.27204331534341,5.114613351719055,5.248416534703051,414564000
2019-11-20,5.252145290374756,5.335958738585234,5.137243758048921,5.149927844370341,472588000
2019-11-21,5.22727632522583,5.303379917672177,5.205639038635529,5.247670296792932,288388000
2019-11-22,5.24493408203125,5.29641566752283,5.22130682973307,5.2499078159765284,224100000
2019-11-25,5.5015974044799805,5.5065716129280124,5.360084352389863,5.37301700973477,506476000
2019-11-26,5.396892547607422,5.488664459135034,5.390425982090966,5.483938819047379,385244000
2019-11-27,5.431736946105957,5.476785657980302,5.405355042614716,5.442439433136044,215784000
2019-11-29,5.394404411315918,5.429248617855762,5.370510969850476,5.400875749511438,141556000
2019-12-02,5.2079854011535645,5.40087413615053,5.192803490574967,5.3874339606619195,372036000
2019-12-03,5.1684136390686035,5.172395562482075,4.986974080154775,5.024307223097743,465232000
2019-12-04,5.212216854095459,5.2744389077986815,5.1835947663579685,5.252038930488194,273424000
2019-12-05,5.195292949676514,5.249799436817116,5.164679424539357,5.234119546988307,184884000
2019-12-06,5.280661582946777,5.313515297936631,5.254528431528692,5.264484189049856,232236000
2019-12-09,5.280661582946777,5.335417299879885,5.24905304972204,5.257764100194735,211880000
2019-12-10,5.325710773468018,5.377479573305453,5.258012856525484,5.310777137172616,256388000
2019-12-11,5.409336566925049,5.414812423158617,5.333674807577428,5.336163746826029,233796000
2019-12-12,5.576839447021484,5.595008279610874,5.371506906020866,5.380466709179545,404348000
2019-12-13,5.5748467445373535,5.69904209107216,5.520837766742798,5.579824622389826,454704000
2019-12-16,5.603718280792236,5.6761448460180475,5.594260501579074,5.622385087709869,320976000
2019-12-17,5.681869983673096,5.70451871570871,5.612927832005348,5.622385612100623,321196000
2019-12-18,5.7122344970703125,5.772714351725524,5.708252098829291,5.716714398393536,343548000
2019-12-19,5.860321521759033,5.873761697420779,5.741850778670564,5.746828656672438,445360000
2019-12-20,5.957636833190918,5.983023250762696,5.907610252482404,5.9267745600795525,603044000
2019-12-23,5.943948268890381,6.018365791078846,5.933246258070049,5.986259283901261,355060000
2019-12-24,5.938971519470215,5.9561448701186555,5.894171556859793,5.928518258156674,138864000
2019-12-26,5.953158378601074,5.981282493413734,5.923540330405871,5.94245589111793,182852000
2019-12-27,5.895415782928467,5.981780032204895,5.869033405539953,5.968339854631822,254644000
2019-12-30,5.78217077255249,5.8787395160607945,5.75081099594718,5.8735128866265764,258056000
2019-12-31,5.856339931488037,5.865797710341713,5.7276646736081585,5.7468289828147485,231004000
2020-01-02,5.9710774421691895,5.9710774421691895,5.8916825092904785,5.94220660064208,237536000
2020-01-03,5.8755035400390625,5.919308009228002,5.826472441689784,5.851361355427058,205384000
2020-01-06,5.900144100189209,5.905370730122537,5.756038175046519,5.78217132471316,262636000
2020-01-07,5.971574783325195,6.017370217404022,5.883468334889304,5.928517039782527,314856000
2020-01-08,5.9827752113342285,6.024090748052185,5.927273243197032,5.967344072941984,277108000
2020-01-09,6.048482894897461,6.120909474360893,5.994723126021184,6.069140667378785,255112000
2020-01-10,6.080836772918701,6.18611657317149,6.06665034190896,6.155752274996009,316296000
2020-01-13,6.271485805511475,6.296623475757499,6.141317078631593,6.163966284249934,319840000
2020-01-14,6.154508590698242,6.254063792280203,6.141317164517189,6.2286768954430665,359088000
2020-01-15,6.111948490142822,6.189601691642836,6.086064089642818,6.167201711413345,263104000
2020-01-16,6.19557523727417,6.2015485971623985,6.142064224533097,6.165459686296713,284192000
2020-01-17,6.204286098480225,6.2222061775969015,6.156748447081117,6.2147393592857885,253792000
2020-01-21,6.170935153961182,6.2045351231948365,6.1368372069696315,6.167699485326466,217916000
2020-01-22,6.224943161010742,6.311556154821581,6.197316553531429,6.216232111329572,239240000
2020-01-23,6.293386459350586,6.301848756365674,6.176160432052887,6.265013601278232,244516000
2020-01-24,6.234151840209961,6.458649107377965,6.179894109000155,6.408871276508742,373512000
2020-01-27,5.978294849395752,6.029316912870455,5.779930728037973,5.929512498753077,470536000
2020-01-28,6.1716814041137695,6.2040366637991715,5.990988123671654,6.044250377382685,310976000
2020-01-29,6.111201286315918,6.193334376160934,6.071378736202756,6.1572454719838525,258848000
2020-01-30,6.117920398712158,6.131360573548575,5.958383358696446,6.0133873406747975,290504000
2020-01-31,5.884464263916016,6.084072633373489,5.842651224069046,6.072125914926748,370420000
2020-02-03,5.981531620025635,6.000944683491805,5.860073936086424,5.866296047468316,255564000
2020-02-04,6.150774002075195,6.169938784887105,6.073370040522834,6.123396622531818,271544000
2020-02-05,6.2411208152771,6.281938371636145,6.15774301796561,6.2717338638672375,208220000
2020-02-06,6.3279829025268555,6.3279829025268555,6.1943302377118075,6.275467851868339,218284000
2020-02-07,6.261779308319092,6.310063687484115,6.2363924116993505,6.287912459501199,189752000
2020-02-10,6.545015811920166,6.545762066661073,6.279451662976737,6.284429542883321,529608000
2020-02-11,6.667466163635254,6.782203738856207,6.591306431955307,6.653279733113141,638556000
2020-02-12,6.783199310302734,6.789670646919822,6.681403932064141,6.720230527616881,374644000
2020-02-13,6.739396095275879,6.806596039520202,6.697831801359208,6.725209661914307,528016000
2020-02-14,7.2125325202941895,7.3414565446723685,7.118203946999055,7.149563729349154,1041924000
2020-02-18,7.381277084350586,7.399695137355073,7.089829126218019,7.109242185127382,620164000
2020-02-19,7.8325114250183105,7.850182749130811,7.503730327929483,7.503730327929483,694332000
2020-02-20,7.68317985534668,7.872832469799487,7.375802739932594,7.784477262238204,810052000
2020-02-21,7.319056510925293,7.596069343806653,7.234185718205437,7.570931672861622,768180000
2020-02-24,6.801616191864014,7.015411434312729,6.670203258779613,6.724709737855913,856916000
2020-02-25,6.522116184234619,6.938755036778845,6.420320797299767,6.876781729497486,1055496000
2020-02-26,6.661492347717285,6.855625309562703,6.5208708601730585,6.52236384374054,747732000
2020-02-27,6.290678024291992,6.649291628111661,6.1982851759293744,6.347956450769954,906416000
2020-02-28,6.72574520111084,6.785265150014575,6.021468476636293,6.038153822353874,1133252000
2020-03-02,6.884131908416748,6.913020490869271,6.49986787674665,6.895836871565735,890744000
2020-03-03,6.621646404266357,6.999684564875959,6.536226592135736,6.939915728910058,652792000
2020-03-04,7.085354328155518,7.094817764212099,6.654270899500302,6.7289823117891885,597408000
2020-03-05,6.805934429168701,7.052729979909677,6.761356579362536,6.885875118485237,540328000
2020-03-06,6.625383377075195,6.683907250630591,6.425157325422228,6.626379453327108,515412000
2020-03-09,6.112366676330566,6.460022441611554,5.931565785360691,5.974399911526816,614160000
2020-03-10,6.501861095428467,6.501861095428467,6.126064361631653,6.388798124872372,580648000
2020-03-11,6.138016223907471,6.390290885877348,6.040891923050568,6.36190058139597,499964000
2020-03-12,5.386920928955078,5.8802631082003245,5.374219890329719,5.614789598406931,816540000
2020-03-13,5.997809886932373,6.002292467677353,5.469104284331,5.7403054069086545,634836000
2020-03-16,4.891088962554932,5.630729524713613,4.8313201098048415,5.289797356213266,726972000
2020-03-17,5.410829067230225,5.500233677807778,4.756608858076544,5.003404438318646,833632000
2020-03-18,5.050970554351807,5.228284949788543,4.499602693892896,4.983232620140205,874268000
2020-03-19,5.3037428855896,5.397380690382684,4.816128239884334,5.029552628734446,765512000
2020-03-20,5.12393856048584,5.7358224271216045,5.108498191771292,5.453912435431713,804636000
2020-03-23,5.296771049499512,5.391156534472838,4.943885444865308,5.122943125921744,643876000
2020-03-24,6.20550537109375,6.292170637864776,5.679290313877494,5.702948663929641,1101644000
2020-03-25,6.11685037612915,6.520290281878685,6.068038833889912,6.320562481748163,793432000
2020-03-26,6.406230926513672,6.5302512073855095,6.225927824904156,6.324048223224364,696108000
2020-03-27,6.293915271759033,6.552664727569734,6.193055067809449,6.225927959837381,638828000
2020-03-30,6.614177703857422,6.623392241853914,6.315332932356762,6.359412519528086,602252000
2020-03-31,6.564618110656738,6.85848196477575,6.418931160097484,6.65427114369263,949960000
2020-04-01,6.053343296051025,6.513065851422506,6.0087659268955615,6.366632231374816,656912000
2020-04-02,6.362150192260742,6.375349031455613,6.0344174147960805,6.082481291487029,675764000
2020-04-03,6.0742645263671875,6.366135773824001,5.936796025943674,6.324546620752095,663212000
2020-04-06,6.6841559410095215,6.72101361117626,6.298895318897043,6.356423114393711,727884000
2020-04-07,6.450808048248291,6.929457580587798,6.407724545831599,6.905798751803751,784520000
2020-04-08,6.648046493530273,6.672950302969552,6.489907849841609,6.55988732161566,542444000
2020-04-09,6.5484299659729,6.796719867417018,6.485423520821996,6.773808691907886,525564000
2020-04-13,6.7202653884887695,6.7289816478123194,6.400252796179829,6.488660840747557,398408000
2020-04-14,7.071408271789551,7.1055261364577325,6.820876830501493,6.848519962641627,530948000
2020-04-15,6.993957042694092,7.076886433315747,6.857982919107444,6.903307468636154,366148000
2020-04-16,7.339123249053955,7.4462092792659,7.136158352257488,7.149357193306703,745620000
2020-04-17,7.279853343963623,7.442723456928721,7.145871343771936,7.421306153923963,539120000
2020-04-20,7.148609161376953,7.3092381874601005,7.104280687783636,7.15334111656417,449388000
2020-04-21,6.711799144744873,7.091829539403619,6.652030295879827,7.0305668136923725,735160000
2020-04-22,7.126195907592773,7.169030505274513,6.858481334583749,6.904054785314269,483356000
2020-04-23,7.072901725769043,7.300272601538495,7.047749023027894,7.1682832559662195,424160000
2020-04-24,7.2118659019470215,7.213858054516523,6.987981488178347,7.062692909541992,352328000
2020-04-27,7.398394584655762,7.558276460300396,7.321691013396195,7.346345919337004,479388000
2020-04-28,7.255946159362793,7.575709951569203,7.250467501786271,7.545825285241224,442904000
2020-04-29,7.432762145996094,7.485557989512816,7.315465493772328,7.3906747163764015,379160000
2020-04-30,7.2788567543029785,7.432761694690941,7.26491073705107,7.378720402839211,375916000
2020-05-01,7.042272090911865,7.194682696316542,6.993958825799791,7.0813708186054525,342096000
2020-05-04,7.254201889038086,7.267899006058061,6.994954166898053,6.994954166898053,317556000
2020-05-05,7.315216541290283,7.477837751175259,7.254202237542955,7.358300046895456,368896000
2020-05-06,7.41607666015625,7.520921650968237,7.356806080552942,7.394659831392394,323464000
2020-05-07,7.5923943519592285,7.6556497065405225,7.503986290733421,7.5552877802756075,373732000
2020-05-08,7.78240966796875,7.788635500703007,7.630247978940607,7.664116946015508,339216000
2020-05-11,8.034435272216797,8.081254179162244,7.748789399788098,7.777428609621731,469060000
2020-05-12,7.7724480628967285,8.141022875859981,7.762735725697156,8.09221181454888,493060000
2020-05-13,7.750034332275391,8.047384199025768,7.5654975701834575,7.887004539698094,625852000
2020-05-14,7.999570369720459,8.005049026479924,7.657891048162896,7.811547087740847,602312000
2020-05-15,8.458048820495605,8.467760683896127,7.843673947775357,7.859363219423562,987660000
2020-05-18,8.716547012329102,8.882156904458133,8.64706583172189,8.726757624174741,774460000
2020-05-19,8.771585464477539,9.052498925226844,8.728999759788941,8.756393994968642,717320000
2020-05-20,8.935452461242676,9.008171257365323,8.854515204256534,8.956371488894293,587536000
2020-05-21,8.741449356079102,9.017630765345775,8.703844520777375,9.016635164411149,761068000
2020-05-22,8.991483688354492,9.057977113329207,8.679689536790752,8.79125766258948,1038764000
2020-05-26,8.684172630310059,9.14638620409018,8.638599173736333,9.121481923174644,770780000
2020-05-27,8.492415428161621,8.59950051785167,7.965950391400026,8.591780807781486,1175892000
2020-05-28,8.454310417175293,8.72675644648104,8.346974557136903,8.379847440837468,734896000
2020-05-29,8.841314315795898,8.841314315795898,8.452318320725862,8.52155059993802,745256000
2020-06-01,8.772330284118652,8.806697520882684,8.656030209707732,8.799226712890857,389876000
2020-06-02,8.791255950927734,8.803209812078899,8.624650495509748,8.762368323979896,391320000
2020-06-03,8.735724449157715,8.832102079332936,8.666492155647125,8.788271870132402,365440000
2020-06-04,8.736720085144043,8.912868885632555,8.64802172457108,8.698350089058458,424280000
2020-06-05,8.889701843261719,8.966439965667842,8.67842204223823,8.764628398176802,481748000
2020-06-08,8.775090217590332,8.859551551083284,8.656245006553949,8.847094202962607,387736000
2020-06-09,9.01526927947998,9.078802979895228,8.721521314930497,8.770105629826103,468488000
2020-06-10,9.334930419921875,9.46772799834327,9.12240468175973,9.136607026501476,632180000
2020-06-11,8.766368865966797,9.229788430093894,8.756153594691645,9.118916430156073,583652000
2020-06-12,8.9021577835083,9.156042694305949,8.67368655031409,9.131377008933855,570908000
2020-06-15,9.142586708068848,9.151057932425964,8.714047113327261,8.785305003482147,400004000
2020-06-16,9.037691116333008,9.235268368789065,8.808721966246233,9.193660251847058,535716000
2020-06-17,9.204625129699707,9.2674108433434,9.039437684911618,9.082790811495686,408304000
2020-06-18,9.186686515808105,9.250967262401565,9.08353774425731,9.1956557675876,254408000
2020-06-19,9.229791641235352,9.412917645420517,9.1959076848775,9.211106090142945,524160000
2020-06-22,9.49438762664795,9.498872728106782,9.241748771132274,9.26840846511835,398468000
2020-06-23,9.417899131774902,9.609745343124262,9.375543956112791,9.518555877885476,375108000
2020-06-24,9.204129219055176,9.524038946174473,9.11343777249672,9.44406080156849,449372000
2020-06-25,9.457762718200684,9.47271210611004,9.151058380419418,9.323969070455242,376072000
2020-06-26,9.123899459838867,9.467727733110355,9.094001638382315,9.467727733110355,592084000
2020-06-29,9.168747901916504,9.17323300343453,8.869766795785965,9.138601062533104,342248000
2020-06-30,9.465484619140625,9.493887403842274,9.235020409436098,9.282358700750349,367892000
2020-07-01,9.497624397277832,9.543219591160486,9.381022242501066,9.48840613314034,326648000
2020-07-02,9.579598426818848,9.70442282760441,9.54571352620814,9.606257171832585,364056000
2020-07-06,9.805825233459473,9.875089108391597,9.679505816564967,9.708656597453645,315892000
2020-07-07,9.838214874267578,10.035791223092337,9.817286303933148,9.912461876354557,357800000
2020-07-08,10.181295394897461,10.190265597048889,9.931646628346138,9.959800403312192,365480000
2020-07-09,10.47330379486084,10.534096466263422,10.19873929205778,10.344991273402588,494548000
2020-07-10,10.443652153015137,10.619053927193539,10.343493443043974,10.552780115287433,497676000
2020-07-13,10.01810359954834,10.755589678607524,9.990945875656424,10.559010299091566,457076000
2020-07-14,10.341750144958496,10.36741283425982,9.752259134498587,10.040775965444766,542676000
2020-07-15,10.192508697509766,10.397559289542265,10.021591068209313,10.37887374260071,403984000
2020-07-16,10.100322723388672,10.17207769152356,9.861885270696039,9.980979490097369,344964000
2020-07-17,10.16684627532959,10.21368655172987,10.05348316903242,10.190764916562662,266284000
2020-07-20,10.47504711151123,10.495477660003521,10.122249480410371,10.239350662892603,284852000
2020-07-21,10.293413162231445,10.524127364124078,10.251805035504514,10.477286144387909,277036000
2020-07-22,10.403290748596191,10.566484200079644,10.256540769041845,10.332282816609865,367292000
2020-07-23,10.09533977508545,10.511172069225427,9.997174125900164,10.414501453841453,411660000
2020-07-24,10.159868240356445,10.329539823365863,9.743786985539828,9.841453644009734,473292000
2020-07-27,10.386100769042969,10.406281353366168,10.183042252607084,10.197493615327108,292132000
2020-07-28,10.18079662322998,10.346731094386874,10.17456842547589,10.33900786305012,271636000
2020-07-29,10.429950714111328,10.480528106234312,10.311853477699913,10.355454677805932,284508000
2020-07-30,10.5779447555542,10.586914007838889,10.260277163298035,10.339756314835071,308880000
2020-07-31,10.578690528869629,10.729925581420863,10.39755765547587,10.527365160235048,386080000
2020-08-03,10.972850799560547,11.061050208187492,10.67885277080406,10.69604423734189,412720000
2020-08-04,11.189607620239258,11.189607620239258,10.868950960809508,11.012461826306753,310336000
2020-08-05,11.248409271240234,11.333120568178716,11.12831899195888,11.205805084089427,249924000
2020-08-06,11.296993255615234,11.31941686149948,11.14077600653465,11.31119465090716,244316000
2020-08-07,11.161456108093262,11.465669360906174,11.000006708128012,11.274072170779698,342516000
2020-08-10,11.127074241638184,11.369497853821477,10.819621877894193,11.295749813064376,427796000
2020-08-11,10.813143730163574,11.09891950188312,10.759077298686691,11.036132831528473,354512000
2020-08-12,11.401388168334961,11.428046911514224,10.92102515984254,10.953415024322775,464412000
2020-08-13,11.404128074645996,11.681931581652819,11.317174705404247,11.506777872851407,374460000
2020-08-14,11.5247163772583,11.664988170804342,11.401636045031081,11.490831482358997,366436000
2020-08-17,12.295092582702637,12.367595550910881,11.777108468542542,11.81099241956231,621300000
2020-08-18,12.219099998474121,12.453551324655562,12.045193262326693,12.407707107828923,503448000
2020-08-19,12.09726619720459,12.273166002432632,12.056903135448286,12.254729469703312,622624000
2020-08-20,12.099759101867676,12.332964453185477,11.83839996900331,11.934323558104943,921388000
2020-08-21,12.640414237976074,12.765238624874097,12.153822101047279,12.160300263755312,999868000
2020-08-24,12.677041053771973,12.868638255826683,12.465013305133034,12.839985497737981,490564000
2020-08-25,12.706689834594727,12.717901163534192,12.53103807773133,12.587844615488446,289076000
2020-08-26,12.729609489440918,12.82478506539273,12.634682927368807,12.75577020332935,321244000
2020-08-27,12.58535385131836,12.80635085836099,12.523813196214713,12.73808302554578,317604000
2020-08-28,13.1030855178833,13.103334531742645,12.599551931684427,12.631941791656287,537160000
2020-08-31,13.32906436920166,13.528882765993243,12.993458347225326,13.137965258423453,500840000
2020-09-01,13.77817440032959,13.950388638667718,13.394865308601656,13.438230466425214,511316000
2020-09-02,14.302043914794922,14.681115585297444,13.856926739094181,14.658186142029646,874012000
2020-09-03,12.975168228149414,13.841474893223765,12.838841762272093,13.785897755272424,945128000
2020-09-04,12.583385467529297,13.134173137133722,11.668479059045653,12.744134944953624,1463684000
2020-09-08,11.876084327697754,12.511110487825011,11.667981426416873,11.698137285184876,795728000
2020-09-09,12.675597190856934,12.769554842405869,12.193844135233684,12.361572823047036,736200000
2020-09-10,12.273600578308105,13.024765728591726,12.129298514979132,12.949001013205102,698684000
2020-09-11,12.12680435180664,12.613292032426472,11.858886975902417,12.446809721859445,636928000
2020-09-14,12.832362174987793,13.273740196264075,12.592109741002641,13.040466040853438,1201744000
2020-09-15,12.950742721557617,13.2575387925387,12.787998642925388,13.238846706255323,727556000
2020-09-16,12.475720405578613,13.052178487115969,12.47497314034895,12.91709841286544,556384000
2020-09-17,12.424880027770996,12.550739089705951,11.997458534924247,12.094656264662824,792512000
2020-09-18,12.15147590637207,12.593351992533476,11.951597713247807,12.554722381742781,698460000
2020-09-21,12.478460311889648,12.483694019829388,11.867609111725981,11.888045766743714,721044000
2020-09-22,12.598590850830078,12.608809181862796,12.117835868975869,12.536035422351228,646452000
2020-09-23,12.086179733276367,12.687560838178767,12.041818234122381,12.53652961819629,647012000
2020-09-24,12.309735298156738,12.530549304190643,11.97677067037228,12.034840589809768,731240000
2020-09-25,12.833855628967285,12.843575780040306,12.207802412776056,12.408927017578229,588016000
2020-09-28,12.994606018066406,13.011304446570705,12.710489349429492,12.999839726157738,573808000
2020-09-29,13.18476390838623,13.401091441820128,12.893170810331622,12.897407213832448,621460000
2020-09-30,13.488572120666504,13.580287038831065,13.109500461527388,13.116727827913346,689184000
2020-10-01,13.572310447692871,13.720100667181514,13.41903648100408,13.715366086554479,525004000
2020-10-02,13.021772384643555,13.477605085052133,13.01055675215891,13.184018292696402,552496000
2020-10-05,13.600223541259766,13.601968110625267,13.18177408047984,13.194983370269625,479820000
2020-10-06,13.69393253326416,14.098176363229637,13.622654275454853,13.787142928368265,784420000
2020-10-07,13.920726776123047,14.075496220253884,13.820538108612384,13.956366378512186,418084000
2020-10-08,13.795865058898926,14.040853931484282,13.715365781402312,14.031382869002927,378900000
2020-10-09,13.720101356506348,13.781411326549797,13.618418151320464,13.724338711308537,346892000
2020-10-12,14.181917190551758,14.302542532312062,13.869389192426144,13.946150254972267,434744000
2020-10-13,14.20409870147705,14.304038298400052,13.97531003975401,14.25219938609199,344604000
2020-10-14,14.051572799682617,14.298305332384826,13.916741811219875,14.246217332131712,276100000
2020-10-15,13.92671012878418,13.962348784110764,13.725086380494536,13.767953352964803,267224000
2020-10-16,13.768698692321777,14.077738441600156,13.749757518796747,13.993250901187118,242392000
2020-10-19,13.45592212677002,13.940166083947265,13.365203571296206,13.859915895125678,298068000
2020-10-20,13.603216171264648,13.756988333381303,13.465145135362771,13.541408020040002,229212000
2020-10-21,13.482840538024902,13.748764292958706,13.435737157219936,13.582780136172405,219596000
2020-10-22,13.319596290588379,13.569568842575757,13.190746292496502,13.480595803068136,290480000
2020-10-23,13.548134803771973,13.551125765582382,13.25006159631915,13.408319223122215,233484000
2020-10-26,13.100526809692383,13.650318109771362,12.998095392130589,13.385391699339385,336896000
2020-10-27,13.355236053466797,13.400345770075305,13.150621352779737,13.264766581144487,250520000
2020-10-28,12.587872505187988,13.218911397491217,12.569928631745872,13.157103243405235,376520000
2020-10-29,12.983641624450684,13.151868514765228,12.710490523520622,12.798716304089377,320080000
2020-10-30,12.495158195495605,12.89641007077862,12.261883143706681,12.810178913074825,416820000
2020-11-02,12.541764259338379,12.796970513139906,12.356589868250463,12.618525311108584,299652000
2020-11-03,12.979154586791992,13.064389401209851,12.563696069043367,12.669118451633498,272900000
2020-11-04,13.75150203704834,13.78464980363339,13.295669383040554,13.347757372361434,410228000
2020-11-05,14.116118431091309,14.294563616566396,13.947642484087634,14.118611216068617,319028000
2020-11-06,14.516876220703125,14.543542941145084,13.851943272038088,14.066027152955076,383348000
2020-11-09,13.588510513305664,14.64597345153763,13.568572984005263,14.507404247847195,582976000
2020-11-10,12.730425834655762,13.564332712105788,12.58911478760057,13.564332712105788,644068000
2020-11-11,13.376421928405762,13.39336944833699,12.908127137369895,13.0133004455934,404744000
2020-11-12,13.415050506591797,13.723342089437354,13.274736727303337,13.437231733831181,365812000
2020-11-13,13.255793571472168,13.626391425687618,13.018780286834454,13.585019939663628,346312000
2020-11-16,13.473369598388672,13.607203277120108,13.115232761882497,13.131681153069124,413776000
2020-11-17,13.380656242370605,13.554116829342814,13.262523699593226,13.51050259421604,312028000
2020-11-18,13.387136459350586,13.563588009896126,13.1441421824514,13.423523328788992,510924000
2020-11-19,13.398602485656738,13.445705864591876,13.059406818491132,13.171807488212886,565936000
2020-11-20,13.047196388244629,13.452685748223358,13.02451603014665,13.412311554421091,341088000
2020-11-23,13.09928035736084,13.341028219522052,12.975165900762292,13.130433515692037,361356000
2020-11-24,12.917596817016602,13.121213270629385,12.845072163597615,13.101773917836427,346500000
2020-11-25,13.19373607635498,13.228378372920385,12.97965223577936,12.992113308864676,259916000
2020-11-27,13.220157623291016,13.36595516884803,13.129689084018645,13.333555608644337,167276000
2020-11-30,13.359971046447754,13.370937590814925,12.932051446429709,13.223894627264986,286952000
2020-12-01,13.348505973815918,13.486826076488711,13.187256431069839,13.450439209421589,296948000
2020-12-02,13.502530097961426,13.631130077502323,13.19324118615636,13.3091310010847,283360000
2020-12-03,13.35843276977539,13.621692359204236,13.29162122454906,13.549395446698242,199520000
2020-12-04,13.520227432250977,13.521972516912324,13.35120243105214,13.410784471489588,202244000
2020-12-07,13.568591117858887,13.692742247164368,13.462140948888017,13.563106701684722,223244000
2020-12-08,13.3125638961792,13.560616077431042,13.244255468660604,13.546904559527674,271920000
2020-12-09,12.894489288330078,13.376383816602837,12.83216455177747,13.263202452599305,401300000
2020-12-10,12.935869216918945,13.032098977594943,12.813463188675579,12.832909231153964,207764000
2020-12-11,12.976758003234863,12.983489181090265,12.787041115310338,12.930886519220268,209264000
2020-12-14,13.271428108215332,13.351203686233916,13.040826798286616,13.051297307239059,270156000
2020-12-15,13.323034286499023,13.426243461845102,13.14977159927555,13.402061434232618,193016000
2020-12-16,13.205363273620605,13.399566952819773,13.175446720365391,13.384857838152648,223116000
2020-12-17,13.303837776184082,13.341980481922512,13.141543929806868,13.329265612676407,231384000
2020-12-18,13.234782218933105,13.367408674603341,13.03384733749289,13.341481562449765,342064000
2020-12-21,13.294862747192383,13.332507130400108,12.93113568684749,13.0380851445966,302332000
2020-12-22,13.241015434265137,13.29985000417647,13.017394426398772,13.281900828983206,185580000
2020-12-23,12.972768783569336,13.237773491477867,12.96853112758679,13.218826718555903,179144000
2020-12-24,12.957310676574707,13.095671649944181,12.902465562166906,13.000688634360822,97884000
2020-12-28,12.863823890686035,13.025868569074484,12.727458111823653,13.025868569074484,212564000
2020-12-29,12.906952857971191,13.03584092625599,12.806236260344338,12.888754523484122,170372000
2020-12-30,13.108882904052734,13.17669203887592,12.860581625612,12.953818591619038,225396000
2020-12-31,13.018390655517578,13.114121164807875,12.87878290992759,13.099662161368183,192424000
2021-01-04,13.076725006103516,13.61421397971434,12.926148437741286,13.067501258122682,560640000
2021-01-05,13.367159843444824,13.405800875139692,13.050300910946934,13.063014829846537,322760000
2021-01-06,12.579124450683594,13.20785614214832,12.550704770549924,13.185419202200734,580424000
2021-01-07,13.306580543518066,13.340236434139047,12.85036396210047,12.931136197590789,461480000
2021-01-08,13.239518165588379,13.38336356753175,13.005426670817448,13.325028278582424,292528000
2021-01-11,13.583304405212402,13.921852850230756,13.325030833765489,13.381122724549755,518344000
2021-01-12,13.44693660736084,13.715930782812478,13.307578958247403,13.713935584653367,291476000
2021-01-13,13.493802070617676,13.586790839609762,13.347464109941011,13.452169197546132,210028000
2021-01-14,13.16323184967041,13.561611414349295,13.143537592713157,13.536931064909215,283120000
2021-01-15,12.823436737060547,13.287880328629798,12.812467905007326,13.190903071841593,277780000
2021-01-19,12.988725662231445,13.05728230623109,12.807983344050413,12.979750123576885,226188000
2021-01-20,13.328267097473145,13.392835229598887,13.020133648911958,13.074978758976377,258572000
2021-01-21,13.82861328125,13.95999393650623,13.215836406734253,13.380872002336934,337780000
2021-01-22,13.674044609069824,13.802932668380102,13.589033781056596,13.701467640880516,246820000
2021-01-25,13.61496353149414,13.789722151701353,13.199382220355169,13.743103178778743,251112000
2021-01-26,13.397574424743652,13.606486294408791,13.349957856187535,13.542416475351589,163980000
2021-01-27,12.881524085998535,13.195640288057769,12.757871281264219,13.192897604485092,371272000
2021-01-28,13.014400482177734,13.3023413819018,12.924154394726525,12.959804528349476,228316000
2021-01-29,12.953322410583496,13.297355184274961,12.875291917591868,13.038333242858723,271552000
2021-02-01,13.199880599975586,13.2335355380806,12.866567471839382,13.01664572884835,217204000
2021-02-02,13.518733978271484,13.533940468097438,13.248243904367374,13.3611770550748,220440000
2021-02-03,13.492557525634766,13.892682206778403,13.478596845978661,13.597760947043264,245408000
2021-02-04,13.625933647155762,13.635157396759686,13.300349265838179,13.49305706545569,201340000
2021-02-05,13.55288314819336,13.698723707483344,13.507760114336026,13.68650811631201,169152000
2021-02-08,14.398259162902832,14.433160858990226,13.688754280440907,13.688754280440907,434624000
2021-02-09,14.223251342773438,14.542353649548263,14.182615117513894,14.300533397758027,287560000
2021-02-10,14.722847938537598,14.863203179355986,14.301283892068875,14.422692359371814,485352000
2021-02-11,15.207982063293457,15.229422356874197,14.883146161796272,14.938241392149193,450828000
2021-02-12,14.919296264648438,15.248370809132116,14.733567858473906,15.007797279543665,374756000
2021-02-16,15.287259101867676,15.329391251477393,14.908075461379754,15.022005252212074,321960000
2021-02-17,14.864200592041016,15.180810369685322,14.738553519197914,15.128456867917356,274756000
2021-02-18,14.78741455078125,14.831539993564954,14.534126197463962,14.687694606829579,233868000
2021-02-19,14.884642601013184,15.134439861142546,14.80511617951891,14.982367357934063,271724000
2021-02-22,14.315492630004883,15.090812459281109,14.284828587536415,14.7333173121364,325884000
2021-02-23,14.102341651916504,14.198820593637908,13.35195136230545,14.035778314628121,391780000
2021-02-24,14.45833969116211,14.466068467380678,13.717423274073871,14.083145503096832,448320000
2021-02-25,13.270183563232422,14.334441077467913,13.179189975141817,14.00611401149152,824436000
2021-02-26,13.67603874206543,13.815645509869658,13.323529751360189,13.713931328326733,500932000
2021-03-01,13.802934646606445,13.885951239822205,13.515243835324203,13.836091261293221,353184000
2021-03-02,13.368653297424316,13.881460928666272,13.358431951392774,13.861018236603186,264116000
2021-03-03,12.768841743469238,13.413777543276217,12.762858052083374,13.388598869860433,377592000
2021-03-04,12.33556079864502,12.938615575725441,12.04986423160692,12.764853610702268,573344000
2021-03-05,12.426554679870605,12.514806524253467,11.646497921681421,12.514806524253467,542840000
2021-03-08,11.560738563537598,12.43627563829937,11.534063017322843,12.415085459306246,543112000
2021-03-09,12.489449501037598,12.5857115477266,12.029583156574535,12.100408589821392,521824000
2021-03-10,12.437576293945312,12.948066572746527,12.42685292339801,12.808910100942292,384376000
2021-03-11,12.96153450012207,13.014155316080448,12.703171840009764,12.918141567568973,299916000
2021-03-12,12.824371337890625,12.85704089501398,12.559025962321957,12.617132129280913,243964000
2021-03-15,13.158797264099121,13.174259200116992,12.735840584975177,12.833100567176805,221988000
2021-03-16,13.258552551269531,13.479257837675465,13.084481372803003,13.323641474792712,272128000
2021-03-17,13.308428764343262,13.4201527389685,12.957543753879627,13.00767018394586,243864000
2021-03-18,12.691202163696289,13.151567029011133,12.685715853663865,13.104184222736647,293896000
2021-03-19,12.8141508102417,12.88971482417496,12.581474912875496,12.718636488664039,299208000
2021-03-22,13.153810501098633,13.36154823506086,12.874998085903743,12.880983842945088,297804000
2021-03-23,13.038596153259277,13.311672080567098,12.989217459153739,13.221644080605948,222048000
2021-03-24,12.611897468566895,13.126878086028931,12.605663414562246,13.118897393362214,245840000
2021-03-25,12.504409790039062,12.683468752541286,12.241808053601774,12.468748307367942,295144000
2021-03-26,12.807662963867188,12.82462133897218,12.343059043552696,12.523613510506973,363968000
2021-03-29,12.916394233703613,13.030363335870426,12.668754976475395,12.788708883498062,273520000
2021-03-30,12.840084075927734,12.943329820806323,12.673744343397683,12.810407393306773,200204000
2021-03-31,13.315411567687988,13.437360417469511,12.950561058891067,12.98347986602582,314776000
2021-04-01,13.777771949768066,13.835878123071739,13.47801034601489,13.5388611010894,308276000
2021-04-05,13.953086853027344,13.97952140413328,13.699212609252072,13.833382202251482,255672000
2021-04-06,13.827399253845215,14.019675048728104,13.739616396250584,13.965309496536149,191744000
2021-04-07,14.108705520629883,14.208458937130143,13.677768135683046,13.84660129493534,251284000
2021-04-08,14.281778335571289,14.435898249089426,14.2139448346701,14.217686408200958,244416000
2021-04-09,14.36457347869873,14.372554170430043,14.140127582945142,14.17903119573097,195172000
2021-04-12,15.171584129333496,15.314731433707978,14.104465977801848,14.254596031105418,869324000
2021-04-13,15.640924453735352,15.661374201679184,15.088536767940864,15.194026682355068,676212000
2021-04-14,15.23941421508789,15.68182263219377,15.190035536363814,15.586557599754693,385500000
2021-04-15,16.097553253173828,16.17436349825913,15.59304674396962,15.623970620941911,598480000
2021-04-16,15.8733549118042,16.125982027135557,15.826220403097025,16.01350839262557,335208000
2021-04-19,15.323959350585938,15.768613030073256,15.19552623110338,15.498279788357147,404420000
2021-04-20,15.133926391601562,15.458874387907025,14.926188677668558,15.285551919658973,334132000
2021-04-21,15.322710037231445,15.324704972178079,15.065095154602076,15.081554081407855,216776000
2021-04-22,14.813716888427734,15.400519884321316,14.747130576116172,15.337175698398932,277788000
2021-04-23,15.227693557739258,15.29727178642217,14.863591784874108,14.897507580093755,227500000
2021-04-26,15.439921379089355,15.440919322295558,15.087790126519275,15.147642935688191,197796000
2021-04-27,15.343908309936523,15.63194762998392,15.316725060501184,15.540173958472135,164572000
2021-04-28,15.239164352416992,15.494036539422423,15.178065311648293,15.326698895636149,209416000
2021-04-29,15.287049293518066,15.39852402553531,15.034422195968673,15.362113842578646,173196000
2021-04-30,14.972575187683105,15.327200854865179,14.960106128775966,15.137170190038917,201912000
2021-05-03,14.800249099731445,15.209240277723236,14.75112061320419,15.087789925219155,203912000
2021-05-04,14.31594467163086,14.601490591862607,13.975783949931254,14.6012413438704,405324000
2021-05-05,14.422931671142578,14.77705885779142,14.35210623381281,14.672815161485438,292024000
2021-05-06,14.48727035522461,14.53540184870253,14.18302136153679,14.459588610408613,193380000
2021-05-07,14.775810241699219,14.933920031269896,14.63565581990065,14.771820371378341,229328000
2021-05-10,14.2306547164917,14.76957547077731,14.214943531610285,14.750871407443766,268904000
2021-05-11,14.271055221557617,14.319435968974824,13.716174016861329,13.790989321233113,285584000
2021-05-12,13.724652290344238,14.225167908494997,13.675523802229213,13.97503424774267,303408000
2021-05-13,13.631631851196289,14.046110316134385,13.42588905794775,13.999225058319066,285404000
2021-05-14,14.207959175109863,14.29275009480988,13.714675592058635,13.855827943364837,258616000
2021-05-17,14.130651473999023,14.134392096499555,13.819419695219413,14.122172285711322,216980000
2021-05-18,13.981267929077148,14.368812341882606,13.96954661609988,14.231900062055512,186256000
2021-05-19,14.031147956848145,14.04486420754391,13.50993328439384,13.533125715779056,344000000
2021-05-20,14.576552391052246,14.647627072883193,14.23539372799806,14.267314594726596,321592000
2021-05-21,14.954870223999023,15.184554169231506,14.832921353406686,15.126447037395607,672992000
2021-05-24,15.573593139648438,15.706265365867367,15.13866492809838,15.17507511104745,554816000
2021-05-25,15.6092529296875,15.779582511558072,15.444409656761364,15.727211901641097,435408000
2021-05-26,15.661375999450684,15.75489536364087,15.54790633225724,15.69554199926276,370440000
2021-05-27,15.449898719787598,15.711254271384014,15.42196772285293,15.661127835434264,581476000
2021-05-28,16.20453453063965,16.237454287840492,15.462864882329143,15.462864882329143,644536000
2021-06-01,16.2244873046875,16.347933551781875,15.864126093340143,16.229974565620903,472804000
2021-06-02,16.73697280883789,16.877128178251017,16.195558646312733,16.21226777374694,594168000
2021-06-03,16.928003311157227,17.21654307093119,16.54220545944608,16.659665958022718,580008000
2021-06-04,17.53500747680664,17.617552324507795,17.053445127711075,17.070401602049834,617120000
2021-06-07,17.575654983520508,17.76867947172536,17.150455047093143,17.528023884085115,575756000
2021-06-08,17.414058685302734,17.57815332039615,17.208564141055195,17.484135437637658,323848000
2021-06-09,17.319515228271484,17.535782653047317,17.21724494368834,17.47666498952007,381656000
2021-06-10,17.38611602783203,17.452967859710565,17.137673016665815,17.311284529275444,287772000
2021-06-11,17.785472869873047,17.899218794058417,17.404823958700685,17.440493617838474,416308000
2021-06-14,17.978538513183594,17.999242253062135,17.623333969257686,17.866041024862966,321376000
2021-06-15,17.748802185058594,17.976044703982375,17.688438006595494,17.87502096270632,243032000
2021-06-16,17.770509719848633,17.914688031036157,17.545263461195876,17.751054402065236,307124000
2021-06-17,18.615615844726562,18.7929688306479,17.716627352704926,17.73483614068346,809656000
2021-06-18,18.59715461730957,19.331761477324207,18.542526359488548,18.742080787588076,968856000
2021-06-21,18.38612937927246,18.495136607237573,17.782978507688828,18.394110948679845,672384000
2021-06-22,18.844600677490234,18.921430408685627,18.34496858666156,18.430278496257454,580144000
2021-06-23,19.014726638793945,19.110014493625204,18.86556032464318,18.965337575311207,332356000
2021-06-24,19.162643432617188,19.37666521172069,19.045654629248613,19.184844909364667,320924000
2021-06-25,18.98853302001953,19.302332029426786,18.852338209521378,19.237476542149953,278364000
2021-06-28,19.940401077270508,20.03394186005266,19.2758869909924,19.318042384046755,495436000
2021-06-29,19.982057571411133,20.053895490873828,19.61313175506694,19.838128621240415,367632000
2021-06-30,19.957866668701172,20.117509490168736,19.81942620130902,19.954623798999663,326568000
2021-07-01,20.166898727416992,20.41035374685743,19.974328596973308,20.080092966260256,480136000
2021-07-02,20.441282272338867,20.45949296291919,20.24247763436387,20.39463747913961,342764000
2021-07-06,20.65230941772461,20.795488562446426,20.30483712715848,20.691221944768234,446708000
2021-07-07,20.3262939453125,20.82842115434022,20.286633492945466,20.806969493155897,418428000
2021-07-08,19.85833740234375,20.088073010027667,19.656788496494755,19.81219121733982,503300000
2021-07-09,20.005504608154297,20.035438344735283,19.710165638972114,19.917950950252028,296624000
2021-07-12,20.46672821044922,20.486931440280244,20.142701974510995,20.194835290071577,321984000
2021-07-13,20.20480728149414,20.415586131085917,20.069111117742807,20.3549707500831,290708000
2021-07-14,19.797222137451172,20.37218628598519,19.708671252768255,20.312320711528482,380100000
2021-07-15,18.923927307128906,19.802712615853245,18.81641780631907,19.767541563589802,550564000
2021-07-16,18.12047004699707,19.11424759877164,18.032667088106123,18.988030726422647,688224000
2021-07-19,18.73784637451172,18.999510194615794,17.825635073987275,17.875275342534227,749060000
2021-07-20,18.570472717285156,18.795968302242148,18.12347233336527,18.688209468029523,434687000
2021-07-21,19.366687774658203,19.483427275787093,18.700179101263714,18.839866091952974,371017000
2021-07-22,19.550275802612305,19.84262124158665,19.232984628727042,19.59816902543563,323826000
2021-07-23,19.51435661315918,19.656039936097546,19.207043356145515,19.612137498497777,195672000
2021-07-26,19.250946044921875,19.39861459525191,18.871792949550414,19.267908307327364,203943000
2021-07-27,19.16514015197754,19.578215925957867,18.69918123958821,19.222012172569684,248863000
2021-07-28,19.459476470947266,19.60215699543012,18.95261072554939,19.27588707854818,202191000
2021-07-29,19.618127822875977,19.808701619528385,19.284871556554233,19.47544535320664,190781000
2021-07-30,19.455493927001953,19.586200251311706,19.220020434777116,19.374673377202352,183497000
2021-08-02,19.705930709838867,19.91646033514249,19.31779876840227,19.65604303889912,217444000
2021-08-03,19.77078628540039,20.176877713912567,19.17711272208886,19.695952875592035,301811000
2021-08-04,20.228757858276367,20.272660294584725,19.78375207608851,19.945391220735015,231309000
2021-08-05,20.590944290161133,20.686730720342474,20.29660255480396,20.454250895886414,211435000
2021-08-06,20.320552825927734,20.52409807521408,20.164900800366695,20.4782011954325,178497000
2021-08-09,20.249710083007812,20.46223410099579,20.098048857451968,20.400372185145788,146443000
2021-08-10,19.891515731811523,20.38441290505014,19.790739367084083,20.276654093629627,179238000
2021-08-11,19.655040740966797,20.004260090424093,19.386641917461688,19.998272961888595,185925000
2021-08-12,19.860586166381836,19.98430812711342,19.57622224617703,19.82566441499477,151652000
2021-08-13,20.1429500579834,20.168893013178696,19.806702182493282,19.860582533688213,183063000
2021-08-16,19.905481338500977,20.24172919957382,19.409588774585117,20.09006796888295,210876000
2021-08-17,19.414579391479492,19.72588343328819,19.224005625797794,19.641072122334368,204585000
2021-08-18,18.99751091003418,19.590185192021558,18.957599261263073,19.456483452348944,285913000
2021-08-19,19.753820419311523,20.449265542336242,18.720131086069024,19.45049795314663,766555000
2021-08-20,20.769550323486328,20.818440769765257,19.888521263811523,19.946390500496992,675741000
2021-08-23,21.90900230407715,21.947914836543376,20.903252170423478,20.92420521891241,575807000
2021-08-24,21.744369506835938,21.90999945326239,21.486945796783075,21.70445975402652,297299000
2021-08-25,22.16343116760254,22.419857643177572,21.67352760765165,21.688493526251065,347701000
2021-08-26,22.01875877380371,22.290151199940805,21.741379218284774,22.150464201648568,237940000
2021-08-27,22.585485458374023,22.67129398333885,22.117532210084512,22.134494471013152,304722000
2021-08-30,22.637367248535156,22.99157454349071,22.500673857239274,22.779050547135782,262580000
2021-08-31,22.3389892578125,22.648351539197673,22.07453455787261,22.648351539197673,259850000
2021-09-01,22.394872665405273,22.650346976918826,22.311045692279038,22.438782848035817,201767000
2021-09-02,22.349964141845703,22.546559703912333,22.2491719184046,22.47171310768264,187834000
2021-09-03,22.79604721069336,22.93875292763135,22.15436923092753,22.279112296634487,280532000
2021-09-07,22.61541748046875,22.851929824701582,22.475703964992363,22.786065507103327,198107000
2021-09-08,22.2930850982666,22.563527993240072,21.931827737265916,22.46672724531443,254434000
2021-09-09,22.13141441345215,22.491672425697235,22.08550944017978,22.266137144440457,196856000
2021-09-10,22.431798934936523,22.57949354520945,22.22422627932548,22.302065073465506,248376000
2021-09-13,22.106468200683594,22.91679945314238,21.813071877295915,22.637374292609916,297500000
2021-09-14,22.196285247802734,22.363939216302622,22.04060574701212,22.22921646157449,199755000
2021-09-15,22.295080184936523,22.321027719408647,21.920850955366735,22.263146368487078,166538000
2021-09-16,22.196285247802734,22.231213157906875,21.8819321534371,22.1374064988517,156033000
2021-09-17,21.854982376098633,22.275116504076188,21.785126571378843,22.25415976266025,294503000
2021-09-20,21.069602966308594,21.38894489978741,20.619529786404915,21.102534175277412,349440000
2021-09-21,21.20232582092285,21.380956807798107,20.906934767163182,21.372973831688537,204688000
2021-09-22,21.895896911621094,21.91485695580425,21.152427535281358,21.322078150480692,268726000
2021-09-23,22.43578338623047,22.48867392993623,21.844999420172584,22.094485487203986,248555000
2021-09-24,22.035608291625977,22.103469298400736,21.81606122261383,22.024631223689532,217655000
2021-09-27,21.615476608276367,21.754190825746935,21.28116613158087,21.66537306934412,245215000
2021-09-28,20.656452178955078,21.374973422098716,20.608550508955098,21.170394880020993,343069000
2021-09-29,20.474830627441406,20.973802953548656,20.42493225277366,20.896961550331532,218394000
2021-09-30,20.673419952392578,21.022700943326686,20.64547762539211,20.72531311731177,221009000
2021-10-01,20.699369430541992,20.816127635004285,20.161475778410324,20.707352409455197,240978000
2021-10-04,19.691442489624023,20.49977705360861,19.514806256090917,20.46185505357973,345635000
2021-10-05,20.408960342407227,20.605555884052407,19.813187437000426,19.908990765674343,279282000
2021-10-06,20.65744972229004,20.6774071635698,20.038723360348456,20.078642049763726,297202000
2021-10-07,21.031679153442383,21.27817116327567,20.928890239898514,21.048642502901718,256919000
2021-10-08,20.788179397583008,21.162408551642596,20.73229475421555,21.057624845328608,151258000
2021-10-11,20.652462005615234,21.019705627765678,20.468840194540014,20.532709726416876,163388000
2021-10-12,20.628509521484375,21.013715764405212,20.485803813514003,20.78518639102628,162134000
2021-10-13,20.89595603942871,20.9468517954333,20.670420782566904,20.874999299325843,180652000
2021-10-14,21.7012996673584,21.710280040317638,21.07858180049667,21.24424093983298,243589000
2021-10-15,21.817060470581055,21.88591887935075,21.61747272820035,21.765167314945042,226994000
2021-10-18,22.176319122314453,22.245177525031334,21.599506276756042,21.70429187848003,189494000
2021-10-19,22.244182586669922,22.332998439284385,21.99170238328711,22.23020952192543,161473000
2021-10-20,22.057567596435547,22.38688920042201,21.936816024402503,22.259152047447255,146276000
2021-10-21,22.64535903930664,22.664320992336002,22.03761150420353,22.051582668150076,187590000
2021-10-22,22.679283142089844,23.082451989687545,22.514623314038865,22.776083865908273,249384000
2021-10-25,23.11837387084961,23.306984487424167,22.72318809032709,22.925769863684945,230235000
2021-10-26,24.666189193725586,25.20707674420547,23.874820066677863,23.939686981437962,485898000
2021-10-27,24.40074348449707,25.03843001924272,24.23209022376297,24.423696925851313,245990000
2021-10-28,24.88973617553711,24.89871845350775,24.472596064958047,24.82686594002739,234204000
2021-10-29,25.51444435119629,25.65615265639552,24.948610430057254,24.949607826287217,292503000
2021-11-01,25.773916244506836,25.84077797291173,25.17514907140601,25.59628259859543,265740000
2021-11-02,26.346729278564453,26.62316030481337,25.74696485932054,25.768920900082524,294112000
2021-11-03,26.543325424194336,26.72894390976585,26.18107263291449,26.615177925392462,239910000
2021-11-04,29.7397403717041,31.30052452350246,27.06225509891964,27.17302698343725,1153631000
2021-11-05,29.69084358215332,31.335454820246646,29.34954562668809,30.124948877614052,851260000
2021-11-08,30.740684509277344,31.036075621512847,29.845526991670436,30.087030149356973,503101000
2021-11-09,30.593982696533203,32.243586659600666,29.9024083019337,32.215644336725056,646746000
2021-11-10,29.3984432220459,30.78658460535375,28.718843340660385,29.295656214442552,636206000
2021-11-11,30.327531814575195,30.527121469817228,29.715792890325954,30.405372503422235,332172000
2021-11-12,30.327531814575195,30.61693662433334,29.56909378945469,29.948313753728954,413054000
2021-11-15,29.963279724121094,30.581006779573574,29.186879115830916,30.48919684042176,384909000
2021-11-16,30.140913009643555,30.32752888145792,29.644934915209124,29.697827367892437,264484000
2021-11-17,29.200857162475586,30.44629314275207,28.74080425174663,30.355478674952344,428508000
2021-11-18,31.609888076782227,32.69265683604596,31.256615668173605,32.30046694089971,781711000
2021-11-19,32.917198181152344,33.01998709870693,31.839418254930216,32.17672282311157,533867000
2021-11-22,31.89030647277832,34.57577448854048,31.83442183728833,33.44809639734481,754335000
2021-11-23,31.68074607849121,32.29348431531338,30.816525023059096,31.470179349441892,532163000
2021-11-24,32.606842041015625,32.78746977215828,30.86443045905106,31.396335881375414,435162000
2021-11-26,31.438247680664062,32.642765590084494,31.28556228505544,32.53299107956863,283069000
2021-11-29,33.307395935058594,33.34332123751521,31.970150118608004,32.299473639315565,454964000
2021-11-30,32.60883331298828,33.28444369151057,31.79850400483013,33.100819984063634,622066000
2021-12-01,31.374221801757812,33.22463920028377,31.31932783633501,33.15477484562234,484368000
2021-12-02,32.06388854980469,32.41520919739524,30.96501733909854,31.153653016640646,472890000
2021-12-03,30.63365936279297,32.06688384228752,30.07174622980887,31.93813163483009,544325000
2021-12-06,29.97892951965332,30.18253369080409,27.983793678236385,29.82223155843537,658938000
2021-12-07,32.36430740356445,32.3862680389149,30.591741852503894,30.89715192628836,593053000
2021-12-08,31.764469146728516,32.22757276894839,31.36025147158854,31.937135010758553,475551000
2021-12-09,30.431053161621094,32.14273959159787,30.369172752689572,31.672647606673255,488507000
2021-12-10,30.139616012573242,31.24447612099294,29.80326766525303,31.089775108201945,488825000
2021-12-13,28.106557846069336,30.235435609351946,28.061644764894734,30.190522528177343,598344000
2021-12-14,28.28221321105957,28.62255352658214,27.1973149206465,27.645446231268327,667035000
2021-12-15,30.400110244750977,30.441031340908875,27.784177393279027,28.345091097360005,698297000
2021-12-16,28.33211898803711,31.0997587062086,28.038688652907197,31.091774751196695,707366000
2021-12-17,27.747251510620117,28.866084513821278,27.706330412496648,27.930895789317223,713758000
2021-12-20,27.665409088134766,28.08958664914624,27.092519430074276,27.25220994036055,461847000
2021-12-21,29.0187931060791,29.0637061884339,27.348027584677354,28.319148062823466,524385000
2021-12-22,29.34316062927246,29.497861653248666,28.393998983391853,28.8351458054204,395184000
2021-12-23,29.582693099975586,30.000883625325518,29.374097548298604,29.697470529314675,343022000
2021-12-27,30.885175704956055,31.02690138341364,29.582698273453072,29.602660065610202,403686000
2021-12-28,30.26338005065918,31.269430741139406,29.953977992076766,31.251465890177478,420591000
2021-12-29,29.942995071411133,30.488938376760974,29.309222561431618,30.214470446589925,343139000
2021-12-30,29.528797149658203,30.398113396990578,29.482886560839695,29.769330409557224,308864000
2021-12-31,29.354141235351562,29.971945955286603,29.274295969453476,29.616633284660274,266530000
2022-01-03,30.062763214111328,30.651622638194823,29.72741240751005,29.757355089698684,391547000
2022-01-04,29.233373641967773,30.409095675209777,28.29419292188651,30.218464956704405,527154000
2022-01-05,27.550634384155273,29.35913159128193,27.479772498450824,28.893033464225883,498064000
2022-01-06,28.12352180480957,28.38301936449731,27.012674649326257,27.586561835852063,454186000
2022-01-07,27.194324493408203,28.367054067504238,27.004691277778065,28.086597173535353,409939000
2022-01-10,27.34702491760254,27.415891757825346,25.594419420833177,26.52960811483407,594681000
2022-01-11,27.763219833374023,28.010741462593767,26.787111899859354,27.27017541907624,404089000
2022-01-12,27.944869995117188,28.539716512904818,27.55462517038909,28.01273741876915,383413000
2022-01-13,26.523622512817383,28.424938300544927,26.44676981062193,28.324133734411912,540171000
2022-01-14,26.889909744262695,27.144417793034062,26.15932464358932,26.249150789783805,395832000
2022-01-18,25.852920532226562,26.586500135365398,25.720178245364497,26.209230679570027,424270000
2022-01-19,25.018531799316406,26.491677750894784,25.00356141134251,26.028576108979475,488315000
2022-01-20,24.10331153869629,25.529549771779315,24.031450230407202,25.255081797321385,435181000
2022-01-21,23.32880973815918,24.775007677466373,23.218024282355426,23.461552019986037,718958000
2022-01-24,23.326810836791992,23.334794790372676,20.84761430587089,22.286825688304823,913982000
2022-01-25,22.280839920043945,22.898644579433583,21.957466910396736,22.502410844337714,664616000
2022-01-26,22.727970123291016,24.010485447475997,22.256882604649295,23.19506566521454,755959000
2022-01-27,21.901573181152344,23.948608321885434,21.63309226715212,23.52243384836739,573353000
2022-01-28,22.795841217041016,22.81380606550494,21.2548257675977,21.969441054751794,543774000
2022-01-31,24.438657760620117,24.461614007193518,23.007430303531233,23.137178118250812,564680000
2022-02-01,24.590368270874023,25.09638806614209,23.843813269742828,25.05546696522535,518925000
2022-02-02,25.193199157714844,25.767086343817308,24.505530149134337,25.744131998569852,543419000
2022-02-03,23.901700973510742,25.02851797372646,23.734026501108175,24.410715212297134,410178000
2022-02-04,24.271982192993164,24.58737122731306,23.58631015608026,23.925652956622258,354829000
2022-02-07,24.680191040039062,25.133311835992746,24.15520704406836,24.324878438884706,376868000
2022-02-08,25.059457778930664,25.18122165390177,23.933638315079907,24.311905294054206,410359000
2022-02-09,26.653369903564453,26.673331693511606,25.303984503910602,25.572463535153865,524282000
2022-02-10,25.774076461791992,26.87294784160419,25.55051047315788,25.944747316228323,513200000
2022-02-11,23.90269660949707,26.1014383680604,23.727038196145745,25.865894587572004,605472000
2022-02-14,24.220081329345703,24.82690559783672,23.709070216725344,23.887724983214174,440424000
2022-02-15,26.443775177001953,26.49367774510804,24.73608279745119,24.900762795130042,699869000
2022-02-16,26.459747314453125,26.530611104591138,25.502601665801084,26.208235589724197,732676000
2022-02-17,24.45961570739746,25.735144573729002,24.118277908301224,25.580443580769725,810595000
2022-02-18,23.596294403076172,24.937695983788053,23.055342404998548,24.620309963998448,761255000
2022-02-22,23.344778060913086,24.017474761924387,22.955532681143488,22.990464861191477,633422000
2022-02-23,22.34371566772461,24.108298935289074,22.257883403820344,23.755980792771823,566511000
2022-02-24,23.702085494995117,23.753985005383658,20.84961126769638,20.97436959630377,735801000
2022-02-25,24.110294342041016,24.1701778047602,23.33579559273523,23.675138387578873,528866000
2022-02-28,24.337854385375977,24.617313720025166,23.661165729918974,23.945614559981106,477319000
2022-03-01,23.43161392211914,24.32987557939702,23.087281555936872,24.244041391576477,412056000
2022-03-02,24.177291870117188,24.365959685395882,23.373712936549165,23.714111250736686,389642000
2022-03-03,23.672183990478516,24.28310431664372,23.42761517996613,24.219216091275733,365095000
2022-03-04,22.89555549621582,23.63824300925391,22.442355607308915,23.342765447634537,431415000
2022-03-07,21.314350128173828,22.99238774615269,21.29238955966222,22.776767102643568,450821000
2022-03-08,21.476062774658203,22.33354729257822,20.613586007361604,21.271424341879477,557467000
2022-03-09,22.97342300415039,23.179059172525935,22.207775135547767,22.34752768648399,492742000
2022-03-10,22.6180477142334,22.7478176453068,21.843415073164238,22.49127084816649,428066000
2022-03-11,22.061031341552734,23.104188764046526,22.00712570703421,22.981404553858948,367209000
2022-03-14,21.29238510131836,22.222740754896257,21.121687126936163,21.830434149076265,385354000
2022-03-15,22.932491302490234,22.997377221162406,21.284403438506185,21.48005697889036,491996000
2022-03-16,24.452808380126953,24.553630127058703,23.131143481350605,23.458564260775105,671422000
2022-03-17,24.72233009338379,24.798194389496683,23.86384594867932,24.077469296534115,471941000
2022-03-18,26.406354904174805,26.522151490123896,24.580581386606394,24.755272049910502,730719000
2022-03-21,26.686857223510742,27.104121306196102,25.921209533056214,26.46025822521899,591727000
2022-03-22,26.477231979370117,27.189973726396275,26.02602929912915,26.679873158121083,547007000
2022-03-23,25.58880043029785,26.56507466192013,25.529904449568786,26.079931563168326,502120000
2022-03-24,28.10036277770996,28.270063093192512,25.86131782488274,26.11986190750109,877379000
2022-03-25,27.643173217773438,28.307999299732625,27.222915992361493,27.836831402895648,579016000
2022-03-28,28.169239044189453,28.200184516498037,27.158024860655512,27.70705614407583,425494000
2022-03-29,28.60546875,28.894956380033225,27.930660200124343,28.644399536496515,488984000
2022-03-30,27.641178131103516,28.445756765832428,27.454507571237144,28.254095859610313,463487000
2022-03-31,27.237882614135742,28.19818609722304,27.22191198648288,27.733008247092833,523440000
2022-04-01,26.664897918701172,27.44751586683608,26.220682903584812,27.32672893992416,517235000
2022-04-04,27.311758041381836,27.509408871839586,26.566075449381483,26.680872446951916,397120000
2022-04-05,25.88527488708496,27.270827874661148,25.774470555611817,27.205941957892414,436615000
2022-04-06,24.36396598815918,25.25539113029446,23.96067897755885,24.890037225996842,703833000
2022-04-07,24.165313720703125,24.678407313051004,23.436601401606985,24.397902669017775,557992000
2022-04-08,23.078235626220703,23.880818851275105,23.021336921751427,23.874828912703954,524781000
2022-04-11,21.878355026245117,22.28064432124628,21.621808207745975,22.174832229313022,575207000
2022-04-12,21.466079711914062,22.684927279513232,21.244471063259667,22.497259071532707,662258000
2022-04-13,22.163850784301758,22.46032799731564,21.41717046528089,21.689689827546903,516943000
2022-04-14,21.22051239013672,22.736834742690494,21.125680601582754,22.46531313186641,569097000
2022-04-18,21.74458885192871,22.049049416277743,21.041829811732452,21.162616730014566,525701000
2022-04-19,22.158857345581055,22.33354799958623,21.276415360813395,21.681699582090733,512781000
2022-04-20,21.444120407104492,22.630025292014682,21.162618078582742,22.477295203987705,468974000
2022-04-21,20.147409439086914,22.35251367670244,19.964731581536245,21.670717529613366,656209000
2022-04-22,19.4805908203125,20.44987943712727,19.465617877374534,20.26720153654447,624713000
2022-04-25,19.866910934448242,19.909834389421725,19.062332247929696,19.16814435255604,641566000
2022-04-26,18.754873275756836,19.753110084844213,18.637081301820754,19.683233812845796,653143000
2022-04-27,18.382530212402344,19.133203133217663,18.25775062172566,18.56520619274725,499460000
2022-04-28,19.747116088867188,20.001667489116333,18.45739457929483,18.933552723499567,570327000
2022-04-29,18.51429557800293,20.092507058531055,18.484347793800964,19.367787435913748,500435000
2022-05-02,19.498559951782227,19.53948612130761,18.358573351962736,18.508308488040186,572049000
2022-05-03,19.56743812561035,19.790046421879733,19.09926517746787,19.365794615900857,475751000
2022-05-04,20.298141479492188,20.3640250760324,18.717932850721336,19.887866961396114,648855000
2022-05-05,18.810771942138672,19.889865173375625,18.467378659821374,19.83196878609108,626331000
2022-05-06,18.642065048217773,19.477588854998228,17.958273609193206,18.702958294535705,633297000
2022-05-09,16.920116424560547,18.222813995724024,16.797332187655584,18.002204871895295,644455000
2022-05-10,17.56397247314453,18.16590978890649,16.99497790989981,17.657806577427667,761474000
2022-05-11,16.600671768188477,17.721692428111286,16.538782736450106,17.316408281522722,670167000
2022-05-12,16.1464786529541,16.758398648288527,15.53955185958914,16.19040169441591,708728000
2022-05-13,17.674776077270508,17.896384717582276,16.56373981104597,16.758395637485194,670437000
2022-05-16,17.23356056213379,17.756636828299225,17.075840102694613,17.478129423094728,521446000
2022-05-17,18.144947052001953,18.338605199613887,17.602905299530796,18.042128040603696,585830000
2022-05-18,16.908132553100586,18.08605213605823,16.834263633079882,17.673780282023053,545161000
2022-05-19,17.093807220458984,17.65581425511469,16.704493580378365,16.907136667863853,621310000
2022-05-20,16.66456413269043,17.379301231839957,15.727219718341468,17.301439650730654,739105000
2022-05-23,16.868202209472656,16.885172429110426,16.150470255550008,16.245302043892696,639889000
2022-05-24,16.12550926208496,16.567728755393283,15.752169272348793,16.480882299919795,588550000
2022-05-25,16.945068359375,17.08082823067403,15.971787196303193,15.991752387255069,781132000
2022-05-26,17.819520950317383,18.060095188303276,15.99374578065661,16.007721031792844,996575000
2022-05-27,18.777830123901367,18.847706383566344,18.068083436188743,18.15393222834226,738379000
2022-05-31,18.639076232910156,19.166145079805915,18.317643518254673,18.946531790942434,664100000
2022-06-01,18.287694931030273,19.01940218977042,18.09004412210462,18.690983767171357,544514000
2022-06-02,19.557451248168945,19.584404063861257,18.165910274840577,18.259744381633755,648656000
2022-06-03,18.686992645263672,19.297914997640287,18.489341799961554,19.048355791835018,598779000
2022-06-06,18.75287437438965,19.302903402711614,18.53126570006665,19.10525257728722,422406000
2022-06-07,18.89263153076172,18.966500464844408,18.15593185501501,18.439431521150134,388914000
2022-06-08,18.619050979614258,19.150224674884743,18.50622553593558,18.76981563316662,363252000
2022-06-09,18.019987106323242,18.903613680842092,18.0129980018534,18.45231558845677,395574000
2022-06-10,16.947654724121094,17.669532092614485,16.842816252604898,17.572682529347194,465248000
2022-06-13,15.622710227966309,16.28667785741259,15.581773509889441,15.975161925630958,604153000
2022-06-14,15.811420440673828,16.041062986887717,15.38807781748765,15.70658292230231,469680000
2022-06-15,16.501344680786133,16.841814932140252,15.901276860613777,16.070014185322673,563936000
2022-06-16,15.576784133911133,15.91725539358905,15.377094762123194,15.835381941791066,545749000
2022-06-17,15.855350494384766,15.970171757905689,15.304207286851554,15.623710264368553,630334000
2022-06-21,16.540281295776367,16.98159452777169,16.381527746914113,16.449422969246076,483089000
2022-06-22,16.33460235595703,16.63613355859748,16.15488149414136,16.200809608671182,437135000
2022-06-23,16.19981575012207,16.559255659016674,15.828392479583755,16.493358120207393,463680000
2022-06-24,17.09941291809082,17.11339112344329,16.28467969796983,16.47438527374452,472153000
2022-06-27,16.842815399169922,17.30310027621306,16.600192553602746,17.285128566242904,427968000
2022-06-28,15.95719051361084,17.175295947359764,15.920247295866085,16.873764714738712,461149000
2022-06-29,15.517870903015137,15.795439186864778,15.14644869103441,15.789448936049359,482352000
2022-06-30,15.135469436645508,15.542836100215856,14.838930531324044,15.337155541620188,686070000
2022-07-01,14.500457763671875,15.039619559909022,14.369661530656511,14.87587455574691,577610000
2022-07-05,14.940770149230957,14.947759252201296,14.033181805676074,14.152995407536388,651397000
2022-07-06,15.106514930725098,15.295221689457538,14.766043683803519,14.986701312141356,529066000
2022-07-07,15.833383560180664,15.92024840415713,15.36511172210343,15.432008107054722,492903000
2022-07-08,15.813416481018066,16.012107950332496,15.365113062847506,15.406049788102415,467972000
2022-07-11,15.128480911254883,15.502898821877375,15.014657546488467,15.501899970385464,437321000
2022-07-12,15.058588027954102,15.40704625326835,14.853906325120404,15.244299171117744,458483000
2022-07-13,15.140460014343262,15.351132914368169,14.442545687722442,14.567351646375842,521918000
2022-07-14,15.348136901855469,15.448979946164094,14.705136566748275,15.08454678517,456235000
2022-07-15,15.737533569335938,15.757502029258568,15.42102524308435,15.634693763078548,385935000
2022-07-18,16.076007843017578,16.870771818679195,15.977162485969991,16.276696063894367,670517000
2022-07-19,16.96562385559082,17.083440714371143,16.146897048307313,16.46040880264038,702366000
2022-07-20,17.77936363220215,17.905169442413175,16.77492628040559,16.92069960427918,760538000
2022-07-21,18.021982192993164,18.11583614993519,17.517766887314608,17.857239294768945,557049000
2022-07-22,17.292116165161133,17.93910909409701,17.110397569443286,17.865224557589684,536671000
2022-07-25,16.997573852539062,17.097419003652497,16.623155964154584,16.992580547570068,480748000
2022-07-26,16.507339477539062,16.892740033046326,16.452424540325435,16.86278591155121,397865000
2022-07-27,17.762380599975586,17.908153832574943,16.886741401030946,17.005556126579947,569776000
2022-07-28,17.956077575683594,18.11183550963354,17.412923461343865,17.947092676340457,474646000
2022-07-29,18.13480567932129,18.21567931837126,17.664536142339635,17.785348603490437,435460000
2022-08-01,18.412376403808594,18.816748460231146,17.96207621952918,18.153777639044684,476469000
2022-08-02,18.497243881225586,18.90860504923339,18.063917500461706,18.09387162144665,489527000
2022-08-03,18.863672256469727,18.938556596561604,18.108845268842018,18.15577319490234,418146000
2022-08-04,19.18517303466797,19.24408146520657,18.73087939960465,18.819741947233144,409652000
2022-08-05,18.959529876708984,19.199157174309345,18.637031210168416,18.78080682697324,386068000
2022-08-08,17.765378952026367,18.2106876713627,17.215235587063688,17.474832214042483,981859000
2022-08-09,17.059478759765625,17.41991845975433,16.698041160487055,17.22522145250511,668263000
2022-08-10,18.068906784057617,18.089874092763363,17.290116951299066,17.670526014260716,597422000
2022-08-11,17.914152145385742,18.677966104646323,17.84825459742836,18.102859885311318,509327000
2022-08-12,18.679956436157227,18.68894324186174,17.925129506160957,18.131808897875185,478094000
2022-08-15,19.002458572387695,19.134253654667226,18.584110213938448,18.671972967328774,457666000
2022-08-16,18.84969711303711,19.112289391272842,18.472283557883394,18.890633841490313,451240000
2022-08-17,18.306537628173828,18.65899030543156,18.11683393671878,18.49424742554819,446799000
2022-08-18,18.743860244750977,18.835716492772463,18.15477592247858,18.27259278693306,415447000
2022-08-19,17.821292877197266,18.49125077215721,17.742415041253963,18.377427421122775,441588000
2022-08-22,17.00756072998047,17.530747560414262,16.939665485324408,17.4628523157582,409593000
2022-08-23,17.15433120727539,17.43789077526951,16.94365828212294,16.962629795617797,369986000
2022-08-24,17.195270538330078,17.378984974458614,16.868778397240728,16.985595480724132,522661000
2022-08-25,17.88519287109375,17.919140487325382,16.806869484666464,16.81785208888546,770691000
2022-08-26,16.234760284423828,17.89617686185633,16.21179527063193,17.82928142778485,769127000
2022-08-29,15.776471138000488,16.312637235028117,15.742524473597898,15.99513199090072,496132000
2022-08-30,15.443989753723145,16.014102549024937,15.158433454249854,15.935225659002597,530181000
2022-08-31,15.070570945739746,15.51587876326227,14.9357802643057,15.360120769453241,573710000
2022-09-01,13.915366172790527,14.357678353574007,13.249401725179203,14.186943313242518,1178865000
2022-09-02,13.625815391540527,14.149001175520134,13.56990161470963,14.078112245537563,743157000
2022-09-06,13.444099426269531,13.757612156734154,13.330276060121674,13.709686328420531,535751000
2022-09-07,13.696781158447266,13.820626019078334,13.329243169761526,13.545970723388965,512657000
2022-09-08,13.972433090209961,13.990411090298151,13.352213517895981,13.442099708429629,624873000
2022-09-09,14.368937492370605,14.455828158929025,14.108265492695345,14.139225757493556,486612000
2022-09-12,14.486786842346191,14.528733921971712,14.180172168334149,14.350957931422553,484159000
2022-09-13,13.11451244354248,13.904519639420537,13.082553033818995,13.784670424242124,714956000
2022-09-14,13.111517906188965,13.273314216178907,12.896787688730967,13.237359163133265,588507000
2022-09-15,12.91276741027832,13.21638563613665,12.773941987146994,12.998659878355168,523625000
2022-09-16,13.181427001953125,13.195409360957289,12.60115624585003,12.725999281231072,670751000
2022-09-19,13.365196228027344,13.446094844196699,12.99366360650288,12.995660950331773,569685000
2022-09-20,13.159456253051758,13.4660709531129,13.040606184015623,13.198407796353832,524818000
2022-09-21,13.24435043334961,14.013384151989733,13.0935399916861,13.196411314775915,807679000
2022-09-22,12.545228004455566,13.132489995982901,12.412395581267017,13.053588717680212,759162000
2022-09-23,12.500286102294922,12.595167097596889,12.241611449028817,12.404406911108035,663309000
2022-09-26,12.212647438049316,12.643107026349453,12.198665076002735,12.475317729313494,547343000
2022-09-27,12.397414207458496,12.720008599389836,12.24260909385547,12.491296042868766,553854000
2022-09-28,12.720009803771973,12.806900467165594,12.338489441525518,12.394418888771625,542414000
2022-09-29,12.204657554626465,12.48430573642893,11.931001405248,12.432370978846492,532763000
2022-09-30,12.123758316040039,12.617138488258727,12.059838544347494,12.071823561069651,565638000
2022-10-03,12.49629020690918,12.662082145584952,12.089800688912364,12.331497416498822,547478000
2022-10-04,13.150467872619629,13.203401777565151,12.862829366915662,12.862829366915662,584182000
2022-10-05,13.192413330078125,13.30427315849744,12.605152326426335,12.89478814053337,507131000
2022-10-06,13.11351490020752,13.638854510072967,13.086548373024156,13.203402054182803,644157000
2022-10-07,12.060840606689453,12.654094791629529,12.006908494647366,12.489301962479509,672478000
2022-10-10,11.655346870422363,12.10877633421103,11.393675761746923,12.02188568072584,698699000
2022-10-11,11.571453094482422,11.831125915365966,11.268833090820673,11.546483912922639,667482000
2022-10-12,11.48556137084961,11.720265977710053,11.330756245153442,11.564462656173577,492590000
2022-10-13,11.944982528686523,12.062834393103017,10.79942244062999,10.957224041163421,850103000
2022-10-14,11.212903022766113,12.095792850477494,11.189932138993667,12.0418607547837,713432000
2022-10-17,11.87307357788086,11.93299866407715,11.502540049196641,11.503538245021701,580774000
2022-10-18,11.951974868774414,12.47631532526222,11.603413077767147,12.328501382530158,659362000
2022-10-19,12.035868644714355,12.334493965352559,11.819141098000895,11.864084673089435,523131000
2022-10-20,12.178689002990723,12.752966821066378,12.089800053684597,12.097790381957378,652398000
2022-10-21,12.450345993041992,12.482306351508834,11.872073525922902,12.082808061772408,609494000
2022-10-24,12.583181381225586,12.69404207682602,12.048853249537009,12.492296031938748,517457000
2022-10-25,13.24435043334961,13.283301979197523,12.648099847684048,12.678062868329203,505482000
2022-10-26,12.87980842590332,13.371190325371368,12.692044742302587,12.852842851331863,532953000
2022-10-27,13.159456253051758,13.820625721091393,13.105524152883197,13.612886696752097,583113000
2022-10-28,13.816627502441406,13.832608157083346,13.044598438228228,13.08754466168456,521040000
2022-10-31,13.480053901672363,13.820626323430826,13.280305197439352,13.760701235922447,486341000
2022-11-01,13.525995254516602,13.907515574241362,13.502025221946392,13.793658395771288,432817000
2022-11-02,13.202402114868164,14.19215799265486,13.194412738756908,13.832610350772429,672628000
2022-11-03,13.40414810180664,13.7636966949046,12.939732756516582,13.02662341252142,500065000
2022-11-04,14.138225555419922,14.211133849312025,13.679801299085328,13.9684389349222,612576000
2022-11-07,14.283044815063477,14.39390551613281,13.936481302213952,14.210136511880672,410061000
2022-11-08,14.583664894104004,14.872301562559512,14.198148951568628,14.78241442076382,595292000
2022-11-09,13.758703231811523,14.193157476096932,13.741724378458798,14.14421826011374,454414000
2022-11-10,15.730224609375,15.753195494812513,14.528735003966306,14.781417601209665,700819000
2022-11-11,16.306499481201172,16.368421908305677,15.462561149104959,15.787152888563263,655487000
2022-11-14,16.2745418548584,16.519235097810885,15.902010008121769,16.19763886291601,527852000
2022-11-15,16.645076751708984,16.976658763192987,16.361432908123934,16.70100620171944,545876000
2022-11-16,15.890024185180664,16.34145634523152,15.853070937382359,16.14170859646812,649547000
2022-11-17,15.657316207885742,16.245577368149426,15.51549430312848,15.695268602256101,710894000
2022-11-18,15.389653205871582,15.98190906001259,15.101015557178844,15.945953056863983,492072000
2022-11-21,15.29776668548584,15.457565619562105,15.061063823839707,15.127980079910612,404739000
2022-11-22,16.017864227294922,16.037839574271395,15.103013909275052,15.308755601738653,472866000
2022-11-23,16.49825668334961,16.506247963835023,16.027849338465916,16.07778579296999,427241000
2022-11-25,16.249568939208984,16.46629549039378,16.1516924322223,16.29750899710752,167934000
2022-11-28,15.80712604522705,16.336461221543267,15.705254840670069,16.005875570911805,303741000
2022-11-29,15.619363784790039,15.911996118227389,15.500513718012343,15.807127459770173,298384000
2022-11-30,16.906076431274414,16.91306940041339,15.581402288704355,15.681301711729667,565298000
2022-12-01,17.11786460876465,17.247733765667537,16.618364626853012,16.98200093379881,470977000
2022-12-02,16.85912322998047,16.916067342010866,16.428554479527566,16.64234117792431,371389000
2022-12-05,16.5933895111084,16.97800471429634,16.455527032443175,16.662320750441012,352255000
2022-12-06,15.971012115478516,16.556425555356533,15.803179908628083,16.513469290675516,352694000
2022-12-07,16.103878021240234,16.169811994462453,15.6513300790908,15.7562255561555,372388000
2022-12-08,17.151830673217773,17.161820901316364,15.943039749464951,16.256726814348887,515456000
2022-12-09,16.983997344970703,17.565416038789124,16.95802427651782,17.142838730956267,465338000
2022-12-12,17.5174617767334,17.52045903534799,16.780200942536133,17.01996067185302,457328000
2022-12-13,18.05392837524414,18.77121078174227,17.693289316822757,18.512469006153694,656589000
2022-12-14,17.656326293945312,18.2337493318541,17.402580576281,17.969013028546826,496888000
2022-12-15,16.935043334960938,17.302675271457737,16.68329649685773,17.128849529308148,478542000
2022-12-16,16.554428100585938,17.02395931877001,16.39358980223308,16.84713627352837,478232000
2022-12-19,16.237747192382812,16.59239176744511,16.128856929377445,16.555430014041114,354039000
2022-12-20,16.06891632080078,16.293691733158465,15.836150439306303,16.0479374093435,403260000
2022-12-21,16.4844970703125,16.610372416442008,16.085895936024823,16.09788497158055,325025000
2022-12-22,15.32365894317627,16.121860588450037,14.867116217993509,16.0779039686439,565045000
2022-12-23,15.190793991088867,15.32366040889023,14.868117043970384,15.180803762657309,349326000
2022-12-27,14.106878280639648,15.084899302148365,14.041942751760569,15.058925281140848,464902000
2022-12-28,14.021964073181152,14.247737902630835,13.870115648293575,13.913072868778418,351066000
2022-12-29,14.588396072387695,14.668315992800219,14.212772636992952,14.387597820165574,354923000
2022-12-30,14.599385261535645,14.614369650707939,14.218765770853738,14.319664595858889,310490000
2023-01-03,14.300684928894043,14.981004654277776,14.081904060760499,14.836149193445959,401277000
2023-01-04,14.734248161315918,14.838144235609006,14.22675682442943,14.552430984023497,431324000
2023-01-05,14.250734329223633,14.549435094565505,14.13385075828424,14.476508145483907,389168000
2023-01-06,14.844141960144043,14.994990990675253,14.019967108804877,14.459526711945536,405044000
2023-01-09,15.612371444702148,16.039942919360875,15.125858005154026,15.268715599821135,504231000
2023-01-10,15.89309024810791,15.9460367412462,15.456527005264633,15.491491850303234,384101000
2023-01-11,15.984996795654297,16.011970219679487,15.547435115356448,15.824158513514837,353285000
2023-01-12,16.49448585510254,16.620359284778843,15.476504976085742,16.083897626620722,551409000
2023-01-13,16.882102966308594,16.905080685202577,16.148837635119033,16.261723610585914,447287000
2023-01-17,17.684297561645508,17.71027253708016,16.882101069354157,16.882101069354157,511102000
2023-01-18,17.359622955322266,17.8551253151724,17.264716740500983,17.64933195026429,439624000
2023-01-19,16.748231887817383,17.17980093611209,16.714267402001692,17.018960755905177,452932000
2023-01-20,17.821163177490234,17.838146377063,16.80817715454958,16.993990087651493,564967000
2023-01-23,19.17380714416504,19.22575518813864,17.80018219062393,18.045934566497856,655163000
2023-01-24,19.24573516845703,19.47550662588318,18.80118045535214,18.808173425147835,496204000
2023-01-25,19.303674697875977,19.350628576512324,18.561417754150824,18.894084898187952,449537000
2023-01-26,19.782196044921875,20.14583232825715,19.258719930188406,19.681297222805807,489535000
2023-01-27,20.344633102416992,20.607370568656833,19.385594095701595,19.442536298366885,542142000
2023-01-30,19.142837524414062,20.11985820147362,19.13084848856238,19.93004958460622,488611000
2023-01-31,19.5174617767334,19.667311381220713,18.931048939885837,19.150828232771158,498017000
2023-02-01,20.92205238342285,21.170801962436308,19.591383995767792,19.671303898887444,660477000
2023-02-02,21.68729019165039,21.927049958105407,20.679300340238534,20.978999571946993,564276000
2023-02-03,21.07889747619629,21.723252844703303,20.768207695861946,20.978997108875344,429366000
2023-02-06,21.067913055419922,21.548431080233986,20.765214633558085,20.78519509214831,452197000
2023-02-07,22.150829315185547,22.236743764926906,21.128851507395858,21.360619878712374,664150000
2023-02-08,22.182790756225586,22.85511796527084,21.985987290163227,22.364607929403398,559651000
2023-02-09,22.314661026000977,22.99697853291516,22.097878989240208,22.58339300958644,523876000
2023-02-10,21.243732452392578,22.05591910392087,20.790187926657033,21.668308556927258,550737000
2023-02-13,21.766212463378906,22.02595269628812,20.94103823644768,21.516462459286352,474919000
2023-02-14,22.94802474975586,23.025945848921754,21.3446286454517,21.556416493331337,675474000
2023-02-15,22.741235733032227,22.832144335876976,22.083894699328933,22.52645058254248,420575000
2023-02-16,21.979997634887695,22.52744803558797,21.905071876709787,22.110865240742353,412026000
2023-02-17,21.366609573364258,21.71825680895327,20.954022522936867,21.609366570739,465888000
2023-02-21,20.63434410095215,21.472503832330847,20.597380448319672,20.97899838851901,410015000
2023-02-22,20.733245849609375,21.082896233045748,20.400578664452947,20.686293870610594,513184000
2023-02-23,23.64033317565918,23.86411008296413,23.001972300962063,23.416558173795323,1117995000
2023-02-24,23.262712478637695,23.4505261030738,22.924052694816517,23.201774563076796,589716000
2023-02-27,23.477493286132812,23.856113913208368,23.430541317778875,23.646324873974233,452994000
2023-02-28,23.192781448364258,23.801173550334713,23.182791220639693,23.348625571073445,455963000
2023-03-01,22.675296783447266,23.232739220340004,22.48548629320765,23.168802152629414,460026000
2023-03-02,23.290685653686523,23.35661963979288,22.40956766613419,22.465513328824382,389415000
2023-03-03,23.86610984802246,23.876100076867033,23.10686960480691,23.296680141971127,412393000
2023-03-06,23.530445098876953,24.223749385629638,23.463510762437853,23.867107967065923,437429000
2023-03-07,23.26866340637207,24.104968314326598,23.221701547557327,23.580404618172988,515154000
2023-03-08,24.160919189453125,24.179904417575,23.4045478535388,23.467495262178186,513573000
2023-03-09,23.416536331176758,24.433690492678082,23.363578947056098,24.15492097788689,501257000
2023-03-10,22.94593048095703,23.607381425129905,22.70712862155447,23.389562036275382,474866000
2023-03-13,22.946928024291992,23.27865305444534,22.278484860419933,22.733106940046454,421890000
2023-03-14,24.043018341064453,24.198888939320003,23.440518418628685,23.476489729466003,474910000
2023-03-15,24.207883834838867,24.26583433506912,23.34060451539056,23.74127063015997,524486000
2023-03-16,25.519790649414062,25.56675059825911,23.874157083100002,24.007047963864338,583253000
2023-03-17,25.70363998413086,26.37708012413153,25.646686200323746,25.960426557252433,848547000
2023-03-20,25.878490447998047,26.00238801858856,25.109129452450585,25.593727284385547,432747000
2023-03-21,26.17724609375,26.370086636571166,25.35992640091997,26.15826276917553,547408000
2023-03-22,26.44602394104004,27.566093460595848,26.215214841606247,26.403058470135374,797295000
2023-03-23,27.168420791625977,27.476165594948146,26.66783736695665,27.092483687984217,564889000
2023-03-24,26.756763458251953,27.14444177136707,26.333115738961876,27.008555018771276,454920000
2023-03-27,26.50897216796875,26.97758263278237,26.34310962735661,26.814717860535694,361026000
2023-03-28,26.3880672454834,26.490982347841836,25.828532839951382,26.42503717383145,356104000
2023-03-29,26.961591720581055,27.055513525700643,26.57491395467883,26.80272526365729,393694000
2023-03-30,27.360261917114258,27.476166724602162,27.07949510855174,27.206390462009303,364516000
2023-03-31,27.753936767578125,27.81088864682582,27.08249385497251,27.11746464148687,433933000
2023-04-03,27.9417781829834,27.97674896673063,27.31330079051416,27.486157467758918,398716000
2023-04-04,27.430198669433594,27.97674525566726,27.284320017791455,27.942773097172072,368592000
2023-04-05,26.858680725097656,26.97558225141349,26.373084198934407,26.80672385592453,515015000
2023-04-06,27.01454734802246,27.057510906173512,26.405053322399837,26.561922527602437,397654000
2023-04-10,27.55609893798828,27.598063878336834,26.64685475224009,26.80072620018478,395279000
2023-04-11,27.146440505981445,27.766925140537275,27.103475037618352,27.700979959709233,314378000
2023-04-12,26.472997665405273,27.44518919596043,26.426035812990722,27.347271008432646,446259000
2023-04-13,26.44102668762207,26.86467442012051,26.30713907820163,26.71180158046341,353615000
2023-04-14,26.73577880859375,26.860675005002047,26.198225472529604,26.481990027168322,395660000
2023-04-17,26.97957992553711,26.983576314494652,26.41105214594061,26.542942510363897,321471000
2023-04-18,27.644027709960938,28.08666067670505,27.334285638782283,27.51014009932785,604812000
2023-04-19,27.90780258178711,27.97674552004222,27.209383707867453,27.338276281480006,358660000
2023-04-20,27.081493377685547,28.00672503718342,26.97757964609056,27.648021986147068,427713000
2023-04-21,27.09647560119629,27.160423528010348,26.699805972737582,26.929614487200407,345103000
2023-04-24,27.019542694091797,27.343273032566316,26.648850502655943,26.990567448071825,339282000
2023-04-25,26.219205856323242,27.224370883424804,26.203220303159572,27.05551061422272,378527000
2023-04-26,26.933610916137695,27.307300837175468,26.682819934472256,26.979574143711538,406337000
2023-04-27,27.203393936157227,27.47217159023553,26.60289311743897,27.340281221046943,377161000
2023-04-28,27.72595977783203,27.734951176667415,27.048521337557332,27.202394701984563,292216000
2023-05-01,28.885990142822266,29.033867945647167,27.75692944439326,27.816879080883538,570329000
2023-05-02,28.186573028564453,28.812054544580096,28.05967958921287,28.656183952378868,402730000
2023-05-03,27.778913497924805,28.34344486027376,27.449187603389927,27.81688204976608,383387000
2023-05-04,27.53911018371582,27.835862505345435,27.21737709983822,27.628035065257887,321850000
2023-05-05,28.656185150146484,28.731121728563178,27.707973770612693,27.802894198913098,361494000
2023-05-08,29.12679100036621,29.19573394414959,28.326457491586734,28.498313634929115,344979000
2023-05-09,28.54727554321289,28.94894217400301,28.426377630267304,28.875004213655114,314869000
2023-05-10,28.861013412475586,29.088824715990746,28.437365725975784,28.980912694288506,369350000
2023-05-11,28.554269790649414,28.925962552461296,28.22254663595356,28.87200653679025,322149000
2023-05-12,28.316463470458984,28.75609857922899,28.02270701560493,28.505305680587945,274222000
2023-05-15,28.928955078125,28.94494253797439,28.12862158025983,28.484324933585533,293926000
2023-05-16,29.188739776611328,29.845195673358166,28.808057560657943,28.81704895850863,449405000
2023-05-17,30.152938842773438,30.173921312310178,29.40556081091014,29.55943225417957,432535000
2023-05-18,31.65169906616211,31.801574148592422,30.294826734053963,30.384752164665166,748725000
2023-05-19,31.2380428314209,31.55378045544039,30.890332187222292,31.509816361590953,473908000
2023-05-22,31.15011215209961,31.49382635847514,30.654523739106693,30.875338986536004,372000000
2023-05-23,30.662517547607422,31.262019710995222,30.605565671093288,30.974258748799674,356253000
2023-05-24,30.51263999938965,30.58158294267241,29.781247533939762,30.184911363622657,721419000
2023-05-25,37.94845962524414,39.44721397289926,36.60457534049064,38.49100796728165,1543911000
2023-05-26,38.913665771484375,39.13747882860018,37.51882483669722,37.858542717618114,714397000
2023-05-30,40.07769012451172,41.903172568037185,39.915825906609996,40.56128934835457,923401000
2023-05-31,37.80258560180664,40.26154073982168,37.79059452881708,39.45521159457621,1002580000
2023-06-01,39.73698043823242,40.01674674166672,38.30816742592722,38.45704197696047,635873000
2023-06-02,39.294342041015625,40.46636830283073,39.025564415674026,40.063703080946816,482731000
2023-06-05,39.13848114013672,39.53215123073155,38.67486565787904,38.87669761933743,396094000
2023-06-06,38.62190628051758,39.12748668498753,38.116325876047625,38.79776265430803,388729000
2023-06-07,37.447750091552734,39.47028049803264,37.32883713586247,38.886705495226614,511998000
2023-06-08,38.48200225830078,38.835744998272645,37.47773561947334,37.69657436729438,417772000
2023-06-09,38.74181365966797,39.68212760699857,38.53896213031096,39.00861783598584,427717000
2023-06-12,39.45329666137695,39.501262102808724,38.58992633945342,39.17150398137998,388701000
2023-06-13,40.992183685302734,41.071128645039984,39.71111778820096,40.156792771911256,613208000
2023-06-14,42.96574020385742,42.968736375923285,40.5225143610938,40.79431977201554,740465000
2023-06-15,42.62199401855469,43.25753327513272,42.116361328067455,42.571032403423146,568622000
2023-06-16,42.66096115112305,43.689212322344694,42.6299816471878,43.41840945055139,655709000
2023-06-20,43.776153564453125,43.95802428329941,42.64297902478398,42.966744812657,451153000
2023-06-21,43.013702392578125,43.58329148223386,42.04940765326737,43.46937213953319,551603000
2023-06-22,42.993717193603516,43.394422782476106,42.20329197945321,42.22227535860052,417737000
2023-06-23,42.178314208984375,42.77787649157712,41.98445500064074,42.4331298944521,358140000
2023-06-26,40.60245895385742,42.73290887794561,40.070844243899195,42.43012776772855,594322000
2023-06-27,41.84555435180664,41.90950699852485,40.41859495947549,40.769337698334375,462175000
2023-06-28,41.08710861206055,41.81457999808646,40.488545059577945,40.63044011815251,582639000
2023-06-29,40.792320251464844,41.56975450915622,40.57048152757147,41.527785226902004,380514000
2023-06-30,42.271244049072266,42.51906484775984,41.470827697536826,41.649698416136715,501148000
2023-07-03,42.382164001464844,42.8668120169638,42.171318861986485,42.48608848507777,198209000
2023-07-05,42.28623962402344,43.14561125771648,42.05440601633571,42.10436890718979,323618000
2023-07-06,42.072391510009766,42.14833647102733,41.31594188398918,41.81358093287342,303582000
2023-07-07,42.472103118896484,43.18258864442645,42.14933985780963,42.291234930923494,355881000
2023-07-10,42.14934158325195,42.77988345650076,41.61872549978595,42.625996062988435,353908000
2023-07-11,42.374168395996094,42.72691238917329,42.0364166991454,42.45011335397041,298244000
2023-07-12,43.870079040527344,43.90305599140233,42.74589703423399,43.001711413643235,481277000
2023-07-13,45.94357681274414,46.12144500110187,44.459655768689124,44.485637843052004,478204000
2023-07-14,45.43594741821289,48.053042979669556,45.027244350268305,46.54913599395856,772075000
2023-07-17,46.42721939086914,46.46219379188679,45.22909361606182,46.25534736982459,510488000
2023-07-18,47.45947265625,47.86118084029625,45.70075380485252,46.66704987722195,569164000
2023-07-19,47.04277801513672,47.783240488874554,46.708022451305204,47.42949773035123,427502000
2023-07-20,45.48690414428711,47.052766164408155,45.029236960247545,46.47318603639003,537865000
2023-07-21,44.27678680419922,45.83265793125683,44.067939106833165,45.754711707343915,963769000
2023-07-24,44.579566955566406,45.076207287411634,44.00798419764258,44.69847992512501,382516000
2023-07-25,45.64579772949219,46.14942918660317,44.890346731901275,44.90833520333714,348081000
2023-07-26,45.4189567565918,46.01952157703273,44.59755574079193,45.98754334626847,364237000
2023-07-27,45.866634368896484,47.36054650639366,45.71674188711987,46.48518386639015,455976000
2023-07-28,46.71601867675781,46.99281775981019,46.34728741139936,46.634077548472725,331194000
2023-07-31,46.69502258300781,47.09573198444392,46.47218515731192,46.72000592982109,251055000
2023-08-01,46.47318649291992,46.86590231278374,45.99353594015361,46.42621978047181,237858000
2023-08-02,44.236820220947266,45.80667734864654,43.35546141010275,45.79768501941141,530142000
2023-08-03,44.482635498046875,45.08519773730657,43.76815517445485,43.76815517445485,324176000
2023-08-04,44.647518157958984,45.6088167758493,44.36072805590183,44.95229672936695,362666000
2023-08-07,45.38398742675781,45.50689911921515,44.53060808479913,45.078210093853784,322154000
2023-08-08,44.631534576416016,45.209113535751534,44.023974832392284,44.82039636629239,353843000
2023-08-09,42.523067474365234,44.27978896852582,42.1033707988195,44.24181457881286,586449000
2023-08-10,42.35718536376953,43.54232399177734,41.80458597956359,42.129350474246436,492705000
2023-08-11,40.82530212402344,41.987458754323995,40.60945953043557,41.720650731912684,533085000
2023-08-14,43.72119140625,43.768158123210526,40.28169609363209,40.456568112182865,690286000
2023-08-15,43.908058166503906,45.2350957564997,43.67822581342224,44.527610226384226,676512000
2023-08-16,43.454383850097656,44.642518572075744,43.374440183849174,44.487632483624076,527451000
2023-08-17,43.3124885559082,44.02996504043604,42.9697356160732,43.93803287430319,452395000
2023-08-18,43.26751708984375,43.54631355808522,41.6297088674994,42.603998420369834,583768000
2023-08-21,46.932857513427734,47.030785847728,44.18985399309083,44.46165562877054,692573000
2023-08-22,45.63479995727539,48.15196972371808,45.30004440741636,48.100005574504046,755293000
2023-08-23,47.081756591796875,47.16569517353296,45.17514240626009,45.8326651084508,779046000
2023-08-24,47.12871170043945,50.229456525679716,47.12471680402284,50.17949363700367,1156044000
2023-08-25,45.98454666137695,47.7702462695261,44.99126600172495,46.97782350910496,925341000
2023-08-28,46.80094909667969,46.945844136189635,44.85536600768865,46.44820509438741,685192000
2023-08-29,48.74853515625,49.04532012604733,46.357273276283756,46.632074880156104,701397000
2023-08-30,49.228187561035156,49.890703795125454,48.3897967692124,49.00834626983168,735206000
2023-08-31,49.31912612915039,49.707843325624495,48.922415326845325,49.34410948280614,528570000
2023-09-01,48.473731994628906,49.76379378137674,48.10699823052651,49.72582320725818,463830000
2023-09-05,48.5127067565918,48.81548788347983,47.82520719547016,48.18794226373671,382653000
2023-09-06,47.030662536621094,48.51770224742843,46.54997362392489,48.40977397493204,468670000
2023-09-07,46.21119689941406,46.31413115212792,45.122898103314355,45.49565878737646,433330000
2023-09-08,45.54261779785156,46.575951562479766,45.24181316746759,45.9123819993529,473069000
2023-09-11,45.14887237548828,46.13323408329751,44.28342961037863,46.118244364675505,473966000
2023-09-12,44.84107208251953,45.64355580633702,44.50228992802937,44.7091572109494,349256000
2023-09-13,45.4556770324707,45.90038984188142,44.474307858028645,44.571245445404095,398355000
2023-09-14,45.55162048339844,45.95735701328926,45.101909783891045,45.92038211332298,370097000
2023-09-15,43.871700286865234,45.56960248299807,43.77975673017383,45.31176938864075,506831000
2023-09-18,43.937660217285156,44.213483290506936,41.97292784828809,42.72044680408226,500271000
2023-09-19,43.491939544677734,43.937651117962965,42.97427198636258,43.80473745342954,373064000
2023-09-20,42.21177291870117,43.874701837692996,42.19578439055347,43.57189573593531,367108000
2023-09-21,40.99055862426758,42.07286070255986,40.95358372498065,41.5561956700247,450736000
2023-09-22,41.58317184448242,42.087847304445255,41.20441459488325,41.54519433277662,479236000
2023-09-25,42.19477844238281,42.50857517454085,41.15045020013546,41.564184746897794,419091000
2023-09-26,41.88398361206055,42.79239807025896,41.62814811031587,41.97392575085955,402282000
2023-09-27,42.44062042236328,42.844363114706354,41.60216441597511,42.30271271186717,444935000
2023-09-28,43.06121826171875,43.41798652388978,42.08784724239294,42.43262220486007,424663000
2023-09-29,43.4709587097168,44.11554336483788,43.27908114153103,43.7987463785024,397830000
2023-10-02,44.75313186645508,45.145876254159724,43.83272417445268,44.00161394425031,433298000
2023-10-03,43.48893737792969,45.100900048116756,43.21811221740107,44.77910527291115,470850000
2023-10-04,44.012611389160156,44.11454682903524,43.26409364811851,43.71380433905175,361821000
2023-10-05,44.6591911315918,44.87105626291606,43.859707622537925,44.021601937102886,393483000
2023-10-06,45.73249816894531,45.759481188953075,43.99761731119279,44.16450946291641,434436000
2023-10-09,45.24380874633789,45.57559541910592,44.33939347095082,44.813086880403254,409675000
2023-10-10,45.76847457885742,46.22917591041197,45.05893322747722,45.280790227106074,368582000
2023-10-11,46.77582550048828,46.82879273607268,46.02031234982247,46.16621813703432,378137000
2023-10-12,46.91473388671875,47.57830726462998,46.30013251687724,46.746842929581085,481325000
2023-10-13,45.43169021606445,47.0856258439627,45.25080714920821,46.92972437247631,474115000
2023-10-16,46.06528091430664,46.19519435043207,44.88304119745391,45.03394481432077,375099000
2023-10-17,43.90967559814453,44.72515146398081,42.452615298122,43.971635905037324,812333000
2023-10-18,42.168792724609375,43.19113575483381,41.79803354808787,42.563538500675094,627294000
2023-10-19,42.0738639831543,43.26909220321944,41.855003378817976,42.78340541148184,501233000
2023-10-20,41.360313415527344,42.442615246520695,41.051510746944686,41.862987418638,477266000
2023-10-23,42.947296142578125,43.22012278548461,40.91860593108143,41.20242325687503,478530000
2023-10-24,43.634849548339844,43.66882802570082,42.66347986731124,43.049228794577566,401463000
2023-10-25,41.75205612182617,43.62185171290423,41.52820155498422,43.37001151296987,398379000
2023-10-26,40.30000305175781,42.22875913409801,39.85429143072344,41.82601906009142,541001000
2023-10-27,40.47388458251953,41.17943061689449,39.98919671274618,41.103479410118545,416784000
2023-10-30,41.134464263916016,41.73907378443747,40.45490233078289,41.06051446991565,388028000
2023-10-31,40.75370407104492,40.85264307272008,39.20470426456185,40.42391883550711,517969000
2023-11-01,42.2977180480957,42.353681706486846,40.84265530544935,40.857645026484356,437593000
2023-11-02,43.47795486450195,43.85570954416318,42.86634987139054,43.300068207297876,409172000
2023-11-03,44.975982666015625,45.27978369407566,43.69480778178644,43.99161716605405,424610000
2023-11-06,45.72151184082031,45.905395169801956,44.8700597857138,45.25581258540271,400733000
2023-11-07,45.92538070678711,46.18820786112749,45.128893543055014,45.689532763842614,343165000
2023-11-08,46.543983459472656,46.83679388330466,45.93837123249172,46.0702861254177,346719000
2023-11-09,46.91973114013672,48.198904678121394,46.719859321767146,47.43639611181253,540496000
2023-11-10,48.30384063720703,48.440753359097926,47.25252065392858,47.46937982263058,421245000
2023-11-13,48.58864974975586,49.084332134936744,48.06798577140686,48.288843946075154,384136000
2023-11-14,49.62398910522461,49.80187576621573,49.00838887341186,49.64797570826254,416954000
2023-11-15,48.85648727416992,49.927794859868946,48.168931033577685,49.90281326221653,475497000
2023-11-16,49.44810485839844,49.49307783387502,48.29884843286255,48.647622492403215,339756000
2023-11-17,49.26622009277344,49.684948701072095,48.97540732164273,49.49207232670018,325205000
2023-11-20,50.376502990722656,50.515413319946866,49.14929401076898,49.28021007685078,414120000
2023-11-21,49.91179656982422,50.484425150048665,49.19026199029503,50.09367842406972,565747000
2023-11-22,48.684593200683594,50.302548939584284,47.659253670052365,49.819862426084605,899420000
2023-11-24,47.74520492553711,48.889467324614394,47.71422286454428,48.438757822338204,294645000
2023-11-27,48.210899353027344,48.49871188238506,47.62127956875629,47.769182964937485,395662000
2023-11-28,47.79016876220703,48.291847835176796,47.442393546125054,48.20490212503735,401491000
2023-11-29,48.10896301269531,48.73056364947179,47.82914475163215,48.347811153163846,382005000
2023-11-30,46.739845275878906,48.07898145694806,46.392070077516905,47.993034557521675,526247000
2023-12-01,46.7348518371582,47.169572782203616,46.15722533542331,46.495008690555146,369317000
2023-12-04,45.48065948486328,46.04729530005155,44.98098181883111,46.04729530005155,437543000
2023-12-05,46.54008102416992,46.57405868207462,45.24579990068304,45.440691049333466,371718000
2023-12-06,45.477657318115234,47.360610785418956,45.386708393351064,47.18870568926755,380590000
2023-12-07,46.57004928588867,46.603031852238765,45.578601195304635,45.67454839964707,350823000
2023-12-08,47.479549407958984,47.71441917110969,46.52408042310089,46.56905734985708,359224000
2023-12-11,46.60103988647461,47.50453592444969,45.8044865345936,47.46456109151934,509728000
2023-12-12,47.63046646118164,47.63946032153252,46.02036339199116,46.02036339199116,372387000
2023-12-13,48.061222076416016,48.56694081439652,47.58148983561275,47.60247804966215,447792000
2023-12-14,48.32307815551758,48.64289968086901,47.395597257027774,48.36305679932983,391232000
2023-12-15,48.86277770996094,49.37649145661912,48.09320598416868,48.16716609290554,479948000
2023-12-18,50.049110412597656,50.40491113993481,49.12262854480493,49.37248931296249,412587000
2023-12-19,49.576377868652344,49.67232508160953,48.867773044674685,49.396477797500886,464444000
2023-12-20,48.08421325683594,49.971162561409855,48.07122000684809,49.6273523215611,397894000
2023-12-21,48.96272277832031,49.06766385409553,48.39203776733346,48.783821596134075,300425000
2023-12-22,48.80281448364258,49.35550417725914,48.440013817586234,49.16760912555352,252507000
2023-12-26,49.251556396484375,49.572376781102484,48.93273380006729,48.9407287654443,244200000
2023-12-27,49.38948440551758,49.65233845498923,49.05766853127738,49.483433835302336,233648000
2023-12-28,49.49442672729492,49.85622468658464,49.38448736257904,49.615361553511725,246587000
2023-12-29,49.49442672729492,49.96916454651592,48.72385609264306,49.78526507165566,389293000
2024-01-02,48.141178131103516,49.267549491534815,47.56849914375037,49.21657920112469,411254000
2024-01-03,47.542518615722656,48.15717411062123,47.29365668483399,47.45856574446965,320896000
2024-01-04,47.97127914428711,48.47299856752152,47.481550264732384,47.740404942993884,306535000
2024-01-05,49.06966018676758,49.5194103643003,48.27910029347317,48.43501546755193,415039000
2024-01-08,52.223907470703125,52.24589839467499,49.45145358195024,49.48443615533453,642510000
2024-01-09,53.11041259765625,54.29475419696261,51.66121915258384,52.37182563719699,773100000
2024-01-10,54.31973648071289,54.569597281107285,53.45921582315341,53.58614782430592,533796000
2024-01-11,54.79147720336914,55.315187547624575,53.530182580044965,54.96838061309405,596759000
2024-01-12,54.67953109741211,54.93938843850723,54.29974546438518,54.58958106589039,352994000
2024-01-16,56.35060501098633,56.80335188433168,54.86943178251625,54.98736610755934,449580000
2024-01-17,56.02178955078125,56.439556064869315,54.709520939803106,56.31562456246964,474394000
2024-01-18,57.0752067565918,57.5679323320847,56.075763460461346,57.228121458897405,491650000
2024-01-19,59.4578742980957,59.46686815803494,57.1931334387279,57.95670795373914,543501000
2024-01-22,59.620784759521484,60.29740976678535,59.037110289114665,60.01556528618006,452955000
2024-01-23,59.839664459228516,59.876642607504685,58.55237959065836,59.536831763324194,294654000
2024-01-24,61.32783508300781,62.814006680232,59.90462813486255,60.27042548611156,560271000
2024-01-25,61.58269500732422,62.68408265284871,60.81611993386063,62.3152848013764,482777000
2024-01-26,60.99702072143555,61.74860477846685,60.53927933125107,60.92606110295733,390309000
2024-01-29,62.43022155761719,62.45420645662032,60.87309034622641,61.197906346142304,348733000
2024-01-30,62.739044189453125,63.457645602005435,62.225330458008614,62.86497729318725,410735000
2024-01-31,61.49274826049805,62.2343357675768,60.66620898805524,61.40579489398436,453795000
2024-02-01,62.99190139770508,63.15581153197272,61.61566933157976,62.06541568156925,369146000
2024-02-02,66.12315368652344,66.56290342904931,63.654524401126274,63.93836661455511,476578000
2024-02-05,69.29340362548828,69.45831268504848,67.16758882386114,68.1870176350593,680078000
2024-02-06,68.18501281738281,69.71515858330277,66.26308702618283,69.59122707783612,683111000
2024-02-07,70.0599594116211,70.18089422020962,67.56235060844563,68.28095195120673,495575000
2024-02-08,69.60221099853516,70.75456869186667,69.41631758373076,70.03496848915448,414422000
2024-02-09,72.09284973144531,72.14481511205457,70.17291382776136,70.49373428612587,436637000
2024-02-12,72.20777130126953,74.56945447682682,71.21032591879988,72.55957267433736,613710000
2024-02-13,72.08784484863281,73.40910749101484,69.58124543898839,70.36080999462226,602580000
2024-02-14,73.85887145996094,74.19468299049453,71.89796545118229,73.16126189353365,504917000
2024-02-15,72.61753845214844,73.93380643951798,72.35968650824275,73.82787028335872,420122000
2024-02-16,72.57255554199219,74.36056058278803,72.46061841088577,74.05872683634956,495327000
2024-02-20,69.41332244873047,71.91592565937303,67.696276964279,71.90692798783778,704833000
2024-02-21,67.43443298339844,68.84964494727922,66.21111545956025,67.96813224619191,673755000
2024-02-22,78.4942855834961,78.53125992517153,74.17868830906747,74.98324052874167,865100000
2024-02-23,78.77311706542969,82.34812129044985,77.52680973171769,80.7450180977802,829388000
2024-02-26,79.04796600341797,80.60110162092384,78.46128722131758,79.65562156391138,503973000
2024-02-27,78.65717315673828,79.43574633865495,77.11903628247967,79.3367948159067,391705000
2024-02-28,77.6197509765625,78.88904035012949,77.0820485792693,77.57677565555984,393110000
2024-02-29,79.06794738769531,79.94545684182245,78.30637065695909,79.04995966772168,507289000
2024-03-01,82.23318481445312,82.25417684232451,79.39076663879457,79.9554544760787,479135000
2024-03-04,85.18954467773438,87.64617639419636,83.67239206586414,84.08315873170044,615616000
2024-03-05,85.920166015625,86.05310143549691,83.37446759481172,85.22651962468665,520639000
2024-03-06,88.6547622680664,89.67824212896674,86.98561575454009,87.9771142527572,582520000
2024-03-07,92.62174224853516,92.71969184649807,89.55630492024456,90.11202114454544,608119000
2024-03-08,87.4833755493164,97.35034416273697,86.46189342253078,95.08949635927887,1142269000
2024-03-11,85.73026275634766,88.75171621511622,84.1230810265849,86.38492752767289,678364000
2024-03-12,91.86614227294922,91.91311538288066,86.10607991861596,88.00411383105026,668075000
2024-03-13,90.8416519165039,91.45733510152752,88.38989990202793,91.00856657140831,635713000
2024-03-14,87.8991470336914,90.59977243652932,86.55583073162953,89.53131740403234,602318000
2024-03-15,87.7922134399414,89.500341723681,86.21302481365912,86.88567820084742,642086000
2024-03-18,88.4098892211914,92.35787164603076,87.04058518466691,90.34190203688856,668976000
2024-03-19,89.35242462158203,90.49783644933297,84.96666127835144,86.65579447616338,672171000
2024-03-20,90.32592010498047,90.36390274155225,88.17801382637771,89.75120872764549,479063000
2024-03-21,91.38836669921875,92.60075314567852,90.35889320815413,92.25293104894116,480372000
2024-03-22,94.24091339111328,94.72966241146648,90.78767363601877,91.09451627074266,586719000
2024-03-25,94.95355224609375,96.71665262612369,93.46231633076846,93.89309629655145,552136000
2024-03-26,92.51380157470703,96.32585986372577,92.4548335490284,95.8021249691622,513648000
2024-03-27,90.2039794921875,93.19245268869888,89.07755527294492,93.06451960589087,586067000
2024-03-28,90.30992126464844,91.25344006885744,89.14751238127785,89.95410001839039,435212000
2024-04-01,90.3169174194336,92.17796738530402,89.15851187965868,90.25295469319977,452441000
2024-04-02,89.40637969970703,90.04805054821496,87.57531335437362,88.4028863469108,433064000
2024-04-03,88.91864013671875,90.32792493292138,88.35493231864154,88.43888912667452,370067000
2024-04-04,85.8611831665039,90.58777505707383,85.83619439258581,90.35988689456467,434965000
2024-04-05,87.96311950683594,88.43587785170828,85.88218058642197,86.82169600485652,399678000
2024-04-08,87.08856201171875,88.7846950725735,86.68776556126254,88.65475649731144,283220000
2024-04-09,85.31045532226562,87.59029759028141,82.97965182031417,87.39739525078261,501700000
2024-04-10,86.99461364746094,87.35542960706438,83.66631003801581,83.88320224037439,431929000
2024-04-11,90.56979370117188,90.69273208355851,86.8816803570947,87.37542414329695,431637000
2024-04-12,88.14102935791016,90.1290211698629,87.48536563341473,89.65325833959419,426805000
2024-04-15,85.95714569091797,90.56679344486741,85.88518380835967,89.05256658600005,443077000
2024-04-16,87.37042999267578,88.07306685163755,86.02012091101756,86.38892843501489,370453000
2024-04-17,83.99214935302734,88.72973001771733,83.90718598900048,88.29494666403578,495400000
2024-04-18,84.62782287597656,86.14605313921993,82.35998267211264,84.9266740115763,447260000
2024-04-19,76.16114807128906,84.28100677926233,75.56745676539116,83.10760934336838,875198000
2024-04-22,79.47745513916016,80.0321724749778,76.36104864748893,78.06417460921173,596341000
2024-04-23,82.38097381591797,82.72679808163171,80.22307798101387,80.72781776562408,438559000
2024-04-24,79.63636779785156,84.0391200894545,79.14261643671647,83.90718362535628,512208000
2024-04-25,82.5898666381836,83.28050853708768,78.18311074273281,78.82777847791279,424641000
2024-04-26,87.69027709960938,88.28597395561746,83.3444939490843,83.7752739998992,551011000
2024-04-29,87.71224212646484,87.94711524604415,85.22250775369248,87.5503221946072,388971000
2024-04-30,86.35794067382812,88.77370796814891,86.2559953107839,87.19551078274068,363709000
2024-05-01,82.99864959716797,85.95614014617317,81.21355734292688,85.03361435183398,559863000
2024-05-02,85.77323913574219,86.19302312746696,83.15756927733226,84.40593290133356,377898000
2024-05-03,88.74372100830078,89.23546686580507,86.99561241116382,87.7442309865165,398341000
2024-05-06,92.093017578125,92.17297861657092,89.00959152215785,89.3444197919577,376203000
2024-05-07,90.50782012939453,91.73419176081896,88.96560776051032,91.05154141921548,437342000
2024-05-08,90.36589050292969,91.14748934800362,89.37439205191707,89.43736345879935,325721000
2024-05-09,88.7017593383789,91.02557102706608,88.18602354895383,90.48284857493528,378013000
2024-05-10,89.83216857910156,91.3543946079418,89.18149955504683,90.25895279926722,335325000
2024-05-13,90.35292053222656,90.95161421159385,88.48387103302493,90.43187501505936,289680000
2024-05-14,91.3094253540039,91.60427311943869,88.8886555026712,89.55331737042562,296507000
2024-05-15,94.58174133300781,94.81362528334245,91.55228873986127,92.42484465754981,417735000
2024-05-16,94.3108901977539,95.77014487035822,94.05501639356171,94.8616117597436,323952000
2024-05-17,92.43184661865234,94.69169545244071,91.75919321941595,94.32089003310901,359691000
2024-05-20,94.73168182373047,95.1514658859747,93.39236858928308,93.70220811729594,318764000
2024-05-21,95.33736419677734,95.35135699716334,93.1324877566636,93.55127282718048,328946000
2024-05-22,94.90157318115234,95.9710271843739,93.20144427728806,95.4103162792502,548648000
2024-05-23,103.74607849121094,106.26578917767765,101.46823355489357,101.97597776870575,835065000
2024-05-24,106.41470336914062,106.42069701496759,102.94747076428304,104.39572928386976,429494000
2024-05-28,113.84291076660156,114.88038339336015,109.82696222842502,110.18777817721215,652728000
2024-05-29,114.76643371582031,115.4330933483792,110.84443906697294,112.99234510462112,557442000
2024-05-30,110.44364929199219,115.75993705260656,109.60707814261482,114.59153447828542,484553000
2024-05-31,109.57710266113281,112.65952979992652,106.88547499697964,112.46262402548862,613263000
2024-06-03,114.94135284423828,114.94135284423828,111.94587959300615,113.56305829627723,438392000
2024-06-04,116.37763214111328,116.54055105021374,113.98685338816156,115.65700669071254,403324000
2024-06-05,122.37757110595703,122.38656157559062,117.40810617337777,118.31064561773049,528402000
2024-06-06,120.9363021850586,125.52295906565588,118.25966633915728,123.98474236351488,664696000
2024-06-07,120.82635498046875,121.62994584355768,117.9618191498612,119.70892124903274,412386000
2024-06-10,121.72789764404297,123.0372272074531,116.95033628620642,120.30862356189567,313434100
2024-06-11,120.8582763671875,122.81743693170633,118.6891989331394,121.71790142895497,222551200
2024-06-12,125.14643859863281,126.82572022932071,122.51756641163499,123.00735466296415,299595000
2024-06-13,129.55455017089844,129.74447132445016,127.10560139337456,129.33464307228707,260704500
2024-06-14,131.82357788085938,132.7831585880022,128.26510352503902,129.90440121431337,309320400
2024-06-17,130.92396545410156,133.67278906643185,129.52457044327446,132.9331153831068,288504400
2024-06-18,135.52198791503906,136.27166699428068,130.63408092847425,131.08388532556722,294335100
2024-06-20,130.7240447998047,140.69977060471427,129.46458937927747,139.74018988019657,517768400
2024-06-21,126.51585388183594,130.57412222632124,124.24682832839595,127.06562164590744,649445800
2024-06-24,118.05946350097656,124.40674492687346,117.98949375774167,123.18726572238242,476060900
2024-06-25,126.03604888916016,126.44587713171062,119.26894878077069,121.14814167969276,414192600
2024-06-26,126.3459243774414,128.0651821115694,122.54754706402704,126.07603561970313,362975900
2024-06-27,123.93695068359375,126.35592112032522,122.86740877139376,124.04690423190566,252571700
2024-06-28,123.48714447021484,127.65535851030685,122.69748155565787,124.52670042256338,315516700
2024-07-01,124.24681854248047,124.78658078052614,118.7791577829481,123.4171718460919,284885500
2024-07-02,122.61751556396484,123.35720445635805,120.97821782460922,121.07817351581278,218374000
2024-07-03,128.22511291503906,128.22511291503906,121.30807553564613,121.60795022813568,215749000
2024-07-05,125.77617645263672,128.79488887998582,125.62623909181207,127.32550884480895,214176700
2024-07-08,128.1451416015625,130.7140492483546,126.98564191819271,127.43544631776729,237677300
2024-07-09,131.3238067626953,133.76276548705792,128.59496354527897,130.29424856790877,285366600
2024-07-10,134.85227966308594,135.04220080806905,132.36333956960132,133.97265130832633,248978600
2024-07-11,127.34549713134766,136.09174607157163,126.99564839391957,135.69192330087128,374782700
2024-07-12,129.18470764160156,131.86355363035963,127.16556766728102,128.20511597204649,252680500
2024-07-15,128.38504028320312,131.3337748661706,127.12557732818904,130.50412821022553,208326200
2024-07-16,126.30593872070312,128.9847847878456,124.52670149646414,128.38505064333017,214769500
2024-07-17,117.93950653076172,121.7978553351996,116.6700533559942,121.29806929966236,390086200
2024-07-18,121.03819274902344,122.34763750285344,116.51013195140489,121.79786974825338,320979500
2024-07-19,117.87954711914062,121.54797517785201,117.31978914047505,120.29850995680886,217223800
2024-07-22,123.48714447021484,124.01691649015211,119.80871864887781,120.2985068676328,258068900
2024-07-23,122.53755950927734,124.63666735303748,122.04777123792785,122.72748067875479,173911000
2024-07-24,114.20112609863281,119.8986847003661,113.39147504105252,119.11901958919532,327776900
2024-07-25,112.2319564819336,116.580093681362,106.25451947131738,112.99163342891377,460067000
2024-07-26,113.0116195678711,116.1502753623964,111.53225712550028,116.14028513217615,293399100
2024-07-29,111.54225158691406,116.23024736996389,111.2523823769322,113.64135918454429,248152100
2024-07-30,103.68561553955078,111.94207545546908,102.49612232025332,111.47227535621278,486833300
2024-07-31,116.96992492675781,118.28935980657482,110.83255278301941,112.85169271533529,473174200
2024-08-01,109.16327667236328,120.10859659996095,106.76430191931924,117.47971689042026,523462300
2024-08-02,107.2240982055664,108.67348235860572,101.32662878479363,103.71560554704351,482027500
2024-08-05,100.40702056884766,103.36576087778293,90.65120176374947,92.020610744235,552842400
2024-08-06,104.20539855957031,107.66391734722711,100.50698458680512,103.79557030996848,409012100
2024-08-07,98.86768341064453,108.75345120343057,98.64777632103673,107.76386930019544,411440400
2024-08-08,104.92508697509766,105.45485898012505,97.47827008281362,101.95635654950479,391910000
2024-08-09,104.70519256591797,106.55439969221393,103.38575750879603,105.59481125304626,290844200
2024-08-12,108.97335052490234,111.02247644689008,106.21453693013632,106.27450881772207,325559900
2024-08-13,116.0903091430664,116.18027460234957,111.53226256952769,112.3918952304853,312646700
2024-08-14,118.02948760986328,118.5492618001431,114.02120093884069,118.47929205094907,339246400
2024-08-15,122.80743408203125,123.18726875091167,117.4197408420992,118.70918982152592,318086700
2024-08-16,124.5267105102539,124.94652901748123,121.12816339575224,121.88784042749518,302589900
2024-08-19,129.94439697265625,129.94439697265625,123.36720951099952,124.22684228567836,318333600
2024-08-20,127.19556427001953,129.82444407435935,125.83614544847738,128.345066215563,300087400
2024-08-21,128.4450225830078,129.29466502006431,126.60581346882094,127.26552712895132,257883600
2024-08-22,123.68705749511719,130.69406050330699,123.04733191995243,129.96437709388331,376189100
2024-08-23,129.31463623046875,129.54454879248973,125.16641816339359,125.80614369005178,323230300
2024-08-26,126.4058837890625,131.20382517716885,124.31678181120705,129.51456118098446,331964700
2024-08-27,128.2451171875,129.14472607274774,123.8270022374259,124.99650751528328,303134600
2024-08-28,125.55626678466797,128.27510443502842,122.58753608006307,128.06518755846798,448101100
2024-08-29,117.53968811035156,124.37676573622443,116.66006734390899,121.30807947152184,453023300
2024-08-30,119.31893157958984,121.69791057687668,117.169849908653,119.47885915972935,333751600
2024-09-03,107.95378875732422,116.1602749319815,107.24409346859224,115.96036355880885,477155100
2024-09-04,106.16455841064453,113.22153543398687,104.07545625261184,105.36490525672457,372470300
2024-09-05,107.16413879394531,109.60309749669094,104.71518985962717,104.94508720389065,306850700
2024-09-06,102.78600311279297,108.10372649561138,100.90680264312543,107.9937729521253,413638100
2024-09-09,106.42444610595703,106.50441370678206,103.64563679939363,104.83512245061276,273912000
2024-09-10,108.05374145507812,109.35318822314704,104.90508784485718,107.76386463370491,268283700
2024-09-11,116.85997772216797,117.13985668962943,107.37403301447969,109.34319126914343,441422400
2024-09-12,119.0992202758789,120.74865704096976,115.34050510922769,116.80000446674823,366052700
2024-09-13,119.0592269897461,119.91893319621943,117.5597404845181,119.03923719212747,238358300
2024-09-16,116.74002075195312,118.13954300655384,114.32085103611607,116.75001946408975,248772300
2024-09-17,115.55043029785156,118.75933823796504,114.79069593440207,118.12954900355818,231925900
2024-09-18,113.33119201660156,117.65970390167261,113.18124184177299,115.85032597194726,310318900
2024-09-19,117.82964324951172,119.61903125645314,117.20985279612093,117.30981703007888,293506400
2024-09-20,115.96029663085938,118.57940262799143,115.35050480567513,117.0199313836397,382462400
2024-09-23,116.22020721435547,116.94995306986277,114.82068489843978,116.51010886475667,206228500
2024-09-24,120.82862091064453,121.75830281490052,115.34049501127092,116.4801041033547,354966800
2024-09-25,123.46772003173828,124.8972307941946,121.56836894761845,121.9782246233193,284692900
2024-09-26,123.9975357055664,127.62629022604027,121.75830470715397,126.75659295249227,302582900
2024-09-27,121.35844421386719,123.9875411739155,119.21917738287792,123.9275641535197,271009200
2024-09-30,121.39842987060547,121.45840689022769,118.10955522149155,118.26949648274505,226553700
2024-10-01,116.9599380493164,122.39807778038482,115.75035328043049,121.72830139861978,302094500
2024-10-02,118.809326171875,119.33914357741656,115.1005967063004,116.40015487696674,221845900
2024-10-03,122.80794525146484,124.31743049345978,120.2988023230489,120.87860561160097,277118000
2024-10-04,124.87723541259766,124.99719707970252,121.78829684578011,124.89723283717322,243678100
2024-10-07,127.67628479003906,130.5952834922112,124.90722864393703,124.94721586781675,346250200
2024-10-08,132.84449768066406,133.43429200303964,129.3756845929013,130.2153933149511,285722500
2024-10-09,132.60459899902344,134.47396942827422,131.33504459540586,134.06410607581472,246191600
2024-10-10,134.76385498046875,134.9537923881041,130.95516150253064,131.86485368985453,242311300
2024-10-11,134.7538604736328,135.73352074472976,133.61425131031754,133.9641223517835,170209500
2024-10-14,138.0227508544922,139.5522259694365,136.25335239175735,136.42329237635488,232347700
2024-10-15,131.55496215820312,138.52257769243778,128.6959404665834,137.82280508502743,377831000
2024-10-16,135.67355346679688,136.57323935639468,131.53497091822635,133.93414345953184,264879700
2024-10-17,136.88311767578125,140.8417687676179,136.82314065604464,139.29229632563835,306435900
2024-10-18,137.9527587890625,138.85244459278235,137.23300404466042,138.62252759913224,176090200
2024-10-21,143.6608123779297,143.6608123779297,137.95276029474488,138.0827206747143,264554500
2024-10-22,143.5408477783203,144.37056551302095,141.73146975294682,142.86108785315807,226311600
2024-10-23,139.51222229003906,142.38123492807873,137.41295033058282,141.9813779606296,285930000
2024-10-24,140.3619384765625,141.30161913611144,138.41260905173522,140.7718017861216,172354900
2024-10-25,141.49154663085938,144.08067171203157,140.75180968215267,140.8817548130095,205122100
2024-10-28,140.47189331054688,143.09099139897359,140.0020530079347,142.95103994204007,173586700
2024-10-29,141.20164489746094,142.21129364579818,138.8524432880062,140.2419668294209,157593600
2024-10-30,139.29229736328125,140.28196395700422,136.76316465511044,139.49222584841445,179418100
2024-10-31,132.7145538330078,137.56289989167158,132.06478241439225,137.55290880572403,270039600
2024-11-01,135.35365295410156,137.26300291330367,134.52395044654537,134.65389558133728,207127800
2024-11-04,136.00343322753906,138.91244079735898,135.52360180221356,137.16303982117785,187528200
2024-11-05,139.8621063232422,140.3219403030432,137.28298774012364,137.40294177771256,160537400
2024-11-06,145.56016540527344,146.43986910531262,141.91142072377156,142.9110784725191,242043900
2024-11-07,148.8290557861328,148.87902647248674,146.11997647950326,146.33990241230273,207323300
2024-11-08,147.57943725585938,149.7187036326565,146.2098961488073,148.719046162124,175665800
2024-11-11,145.21026611328125,148.79904870323992,143.52085748188875,148.62909347800425,182325600
2024-11-12,148.2392120361328,149.59874692031187,145.95999403229789,146.7297346202135,198634700
2024-11-13,146.21994018554688,149.27889039349282,145.85005645366056,149.01898487542564,191903300
2024-11-14,146.7097625732422,148.94900137376933,145.50018526515709,147.58946625444327,194463300
2024-11-15,141.93138122558594,145.1902747512061,140.03203789439084,144.8203910682193,250132900
2024-11-18,140.1020050048828,141.50153478170088,137.10303223771245,139.45223367342163,221205300
2024-11-19,146.9596710205078,147.0796403153284,140.94174272954967,141.27163159656618,227834900
2024-11-20,145.84005737304688,147.50948385732136,142.68113546401185,147.35954130772643,309871700
2024-11-21,146.6197967529297,152.83766902515802,140.65183891204953,149.29888738883682,400946600
2024-11-22,141.90139770507812,147.10962067545384,141.05169787065546,145.88003080645086,236406200
2024-11-25,135.9734344482422,142.00136870780395,135.7735059739188,141.9413916908634,344941900
2024-11-26,136.87313842773438,139.25232877348597,135.6235662299349,137.6528702588759,190287700
2024-11-27,135.2936553955078,137.17301655731904,131.7548742168772,134.96376655836661,226370900
2024-11-29,138.2026824951172,139.30231211006736,136.0034385187834,136.7331843976686,141863200
2024-12-02,138.58255004882812,140.40191910756175,137.77282976281836,138.7824785355422,171682800
2024-12-03,140.2119903564453,140.49189330582607,137.90278339727084,138.21267485883047,164414000
2024-12-04,145.09033203125,145.740103497805,140.24198561488052,141.95140715914127,231224300
2024-12-05,145.0203399658203,146.49993108099994,143.9106428157812,145.07032934736787,172621200
2024-12-06,142.40106201171875,145.66016529709515,141.27136605108353,144.5604751692698,188505600
2024-12-09,138.77203369140625,139.91172129670065,137.0925004855475,138.93199359328304,189308600
2024-12-10,135.03306579589844,141.7812196768295,133.7534018405272,138.97197539548316,210020900
2024-12-11,139.2718963623047,140.13166176303284,135.173026862483,137.32243273699547,184905200
2024-12-12,137.30242919921875,138.40213441382414,135.76285715338648,137.0425058096826,159211400
2024-12-13,134.21328735351562,139.56183041879834,132.50374826625531,138.9020072444441,231514900
2024-12-16,131.96388244628906,134.36321966164874,130.3843129319086,134.14327863720246,237951100
2024-12-17,130.35433959960938,131.5540083659402,126.82530622422306,129.0546920799943,259410300
2024-12-18,128.874755859375,136.6626191312432,128.2449232385065,133.82339933223892,277444500
2024-12-19,130.6442413330078,133.99333094415113,129.51456085077075,131.72394769790225,209719200
2024-12-20,134.6631622314453,135.24300545668208,128.1849385069714,129.7745000485284,306528600
2024-12-23,139.63180541992188,139.75176772445488,135.08304656610844,136.24273302531586,176053500
2024-12-24,140.18165588378906,141.86118913948326,138.61207790245493,139.9617148258363,105157000
2024-12-26,139.89173889160156,140.8115008078877,137.69234337416663,139.66180603983884,116205600
2024-12-27,136.9725341796875,138.9819943823141,134.67317523350815,138.5121216661011,170582600
2024-12-30,137.452392578125,140.2316308377207,133.98334063995796,134.79311660884966,167734700
2024-12-31,134.25328063964844,138.0322612848829,133.79341493856927,137.99226367763055,155659200
2025-01-02,138.2721710205078,138.84202245285945,134.5931847895647,135.96280522543205,198247200
2025-01-03,144.4304962158203,144.86037131104774,139.69178686675932,139.9717090810043,229322500
2025-01-06,149.38912963867188,152.11839407781596,147.77958455274808,148.54936300568127,265377400
2025-01-07,140.10166931152344,153.08812187242287,139.97169998670535,152.98814312185272,351782200
2025-01-08,140.0717010498047,143.9106477112154,137.5223950503333,142.5410270870028,227349900
2025-01-10,135.8728485107422,139.88174676307978,134.18330808313058,137.41242079266553,207602500
2025-01-13,133.19357299804688,133.4535116815908,129.4745887600242,129.95446851982027,204808900
2025-01-14,131.72396850585938,136.3427156721725,130.0144445990235,136.0128040706775,195590500
2025-01-15,136.2027587890625,136.4126928345012,131.25409986764885,133.61345527658474,185217300
2025-01-16,133.53347778320312,138.7120538029648,133.4534978315376,138.60208327625168,209235600
2025-01-17,137.67234802246094,138.46212527408701,135.4229633158422,136.65262268416788,201188800
2025-01-21,140.79148864746094,141.7912151745994,137.05250594430132,139.12194717769367,197749000
2025-01-22,147.02980041503906,147.74958954273308,143.6307207753195,144.62045561465226,237651400
2025-01-23,147.17974853515625,147.1897403093082,143.6807055002306,145.01034368405638,155915500
2025-01-24,142.58099365234375,148.92926325643236,141.84120577881646,148.32942123311412,234657600
2025-01-27,118.38761901855469,128.3648859520762,116.668088091544,124.7658794397831,818830900
2025-01-28,128.95472717285156,128.96471894622445,116.21820602712087,121.77668294561497,579666400
2025-01-29,123.66616821289062,126.85529827150769,120.01717249490751,126.46540553655986,467120600
2025-01-30,124.61592102050781,124.96582380169083,118.06770880237578,123.06634175444341,392925500
2025-01-31,120.03717041015625,127.81504199868698,119.15741376372098,123.74615511454752,388161100
2025-02-03,116.62810516357422,118.53757894355685,112.97910166242248,114.71862375628316,371235700
2025-02-04,118.6175537109375,121.16685177317855,116.66808241089754,116.92801344303115,256550000
2025-02-05,124.79586029052734,124.96581196424484,120.72697375806385,121.7267002537778,262230800
2025-02-06,128.64480590820312,128.7347928917548,125.17576116570511,127.38515593926263,251483600
2025-02-07,129.80447387695312,130.3343276557766,124.96580169637689,129.18464838201572,228186300
2025-02-10,133.53347778320312,134.96307937585763,129.92446445785666,130.05441853152416,216989100
2025-02-11,132.76370239257812,134.4432358451655,130.9841901729766,132.54376130884148,178902400
2025-02-12,131.10414123535156,132.203846559633,129.04470695043977,129.98445236307722,160278600
2025-02-13,135.25299072265625,136.46266649297655,131.13412244698262,131.52401516963508,197430000
2025-02-14,138.81202697753906,139.21191146517995,135.46293718873886,136.44266486168982,195479600
2025-02-18,139.36187744140625,143.40078131766987,137.89227816645598,141.23137649622348,219176600
2025-02-19,139.1919403076172,141.32136300101118,137.18249518803503,139.4718625554808,167536000
2025-02-20,140.0717010498047,140.62155375629743,136.75260126124348,139.99172108753137,143903600
2025-02-21,134.3932342529297,141.42132600995674,133.99334973043614,140.0017008694862,228217600
2025-02-24,130.244384765625,138.55211066034528,130.04444248958205,136.52266681200447,251381100
2025-02-25,126.59537506103516,130.16439867421266,124.40597902043103,129.94445760453814,271428700
2025-02-26,131.24411010742188,133.69343728770713,128.4548795357506,129.95446947322534,322553800
2025-02-27,120.11714935302734,134.9730792207777,119.97718824289691,134.96308744670299,443175800
2025-02-28,124.8858413696289,125.05579305607802,116.36817434407594,117.98772650698133,389091100
2025-03-03,114.02880859375,123.66617198823369,112.2492965435478,123.47622912906817,411381400
2025-03-04,115.95829010009766,119.27738221868555,110.07990024013375,110.61975353757568,398163300
2025-03-05,117.26792907714844,118.24765683915241,114.47869104666965,117.54785129486386,284337900
2025-03-06,110.53976440429688,115.31845609620828,110.18986163701831,113.49895407905146,321181900
2025-03-07,112.65919494628906,113.44897988924723,107.53059251797079,111.21958617661252,341755500
2025-03-10,106.95075225830078,111.81941579292103,105.43116359430405,109.86995202425706,366487400
2025-03-11,108.73025512695312,112.20929903890595,104.74134094243277,106.960734969355,354865700
2025-03-12,115.71900177001953,116.73882100614277,112.85951998498375,114.09930053195751,323857500
2025-03-13,115.55902862548828,117.73863334670654,113.76935252443205,117.00876245655117,299033100
2025-03-14,121.64791870117188,121.85787967708788,118.12856083227834,118.58847644066721,277593500
2025-03-17,119.50830841064453,122.86769930249316,118.00858060635532,122.71772499646224,255501500
2025-03-18,115.4090576171875,118.99840261510599,114.51921970184797,117.97859103200136,299686900
2025-03-19,117.49867248535156,120.42814113812437,115.65901001721268,117.24871784817985,273426200
2025-03-20,118.50848388671875,120.17817892707569,116.44886024718888,116.5288475567653,248829700
2025-03-21,117.67863464355469,117.96858292451893,115.39904967929496,116.91877807414131,266498500
2025-03-24,121.38796997070312,122.19782052957932,119.31833831489072,119.85824123014483,228452500
2025-03-25,120.66809844970703,121.26798803028822,118.89841541478116,120.52812446850508,167447200
2025-03-26,113.7393569946289,118.81842927999459,112.68954449720724,118.70845626054094,293463300
2025-03-27,111.40977478027344,114.42922326739314,110.63991789836862,111.32978747025457,236902100
2025-03-28,109.65009307861328,112.84951685583745,109.0502035041368,111.46976244373079,229872500
2025-03-31,108.3603286743164,110.93986229194257,103.63119133667838,105.11091847763528,299212700
2025-04-01,110.13001251220703,110.17999886185885,106.45068001979016,108.50030342775528,222614000
2025-04-02,110.39995574951172,111.95967777974947,106.77061737970816,107.2705266243207,220601200
2025-04-03,101.78153228759766,105.61083156865355,101.58156399912866,103.49122110695384,338769400
2025-04-04,94.29288482666016,100.11182847125419,92.09328707213024,98.89205625014841,532273800
2025-04-07,97.62227630615234,101.73153089146867,86.60427995314998,87.444123819458,611041300
2025-04-08,96.28252410888672,105.83078615825814,94.44285411172834,103.79115551332612,476243400
2025-04-09,114.30925750732422,115.07911444025873,97.51230269046886,98.87205653888144,612918300
2025-04-10,107.55047607421875,110.83987986480561,99.13200610877084,109.35015243101728,437812400
2025-04-11,110.90986633300781,111.52975654810143,107.46049556472005,108.4803070767672,313417300
2025-04-14,110.68990325927734,114.26925525660798,109.05020155855789,114.08928762467488,264705000
2025-04-15,112.17963409423828,113.59938217981927,110.4799456735416,110.94986159507806,228966900
2025-04-16,104.47103881835938,106.77062454919468,100.4317709352981,104.53103311878802,397016900
2025-04-17,101.47157287597656,104.45103522860795,100.0318394876262,104.43103458781992,292517500
2025-04-21,96.89241790771484,99.42195758129023,95.02275450080649,98.75207336541831,288501100
2025-04-22,98.8720474243164,99.7918785816798,97.26233908492571,98.76206678289148,241004800
2025-04-23,102.69136047363281,104.78098517141211,102.00148324580945,104.5010295750129,247526000
2025-04-24,106.41067504882812,106.52065568558213,103.09127819009328,103.46121375263034,220815000
2025-04-25,110.98986053466797,111.89969145813895,105.71081975581805,106.83061166162848,251064700
2025-04-28,108.71026611328125,110.3499678015911,106.00075133412535,109.67009093365705,207708500
2025-04-29,109.00021362304688,110.1799998026459,107.42050613077843,107.65046012276234,170444300
2025-04-30,108.90023040771484,108.90023040771484,104.06111247501677,104.45104108413872,235044600
2025-05-01,111.5897445678711,114.9191420385801,111.27980327057723,113.05947899879722,236121500
2025-05-02,114.4792251586914,115.37906338859757,113.34943293159324,114.15928352450368,190194800
2025-05-05,113.79934692382812,114.64919116473993,112.63956137373921,112.88951601094917,133163200
2025-05-06,113.51940155029297,114.71918078517231,110.79989381468877,111.45977773347964,158525600
2025-05-07,117.03875732421875,117.65864757290291,112.25962586336117,113.02949042053457,206758800
2025-05-08,117.34870910644531,118.658469001105,115.82898059800607,118.22854670795566,198428100
2025-05-09,116.62882995605469,118.20854502226882,115.18908887008638,117.32869985728382,132972200
2025-05-12,122.9776840209961,122.9776840209961,120.25817629208265,121.94787211512306,225023300
2025-05-13,129.9064178466797,131.19619232916256,124.44741706637032,124.95732666651305,330430100
2025-05-14,135.3154296875,135.4154176381041,131.65609038206884,133.17581874633882,281180800
2025-05-15,134.80552673339844,136.2752611112406,132.6359224746836,134.2656162138544,226632600
2025-05-16,135.37542724609375,136.32526708518697,133.43579205010155,136.19528579014883,226542500
2025-05-19,135.54539489746094,135.84532822832756,132.36596428610483,132.36596428610483,193154600
2025-05-20,134.35562133789062,134.55558199625042,132.59593092987555,134.26562607401144,161514200
2025-05-21,131.7760772705078,137.3750515435132,130.56629021032253,133.0358430493297,270608700
2025-05-22,132.80589294433594,134.22563338103308,131.52612648714359,132.20599574301846,187344000
2025-05-23,131.26617431640625,132.65592152877483,129.13657112060253,129.97641506418768,198821300
2025-05-27,135.47540283203125,135.63537744884945,133.2857979393918,134.1256417936587,192953600
2025-05-28,134.78553771972656,137.22509744866613,134.76553707682788,136.00531758419635,304021100
2025-05-29,139.1647491455078,143.46397204605128,137.88498259688382,142.22419152756274,369241900
2025-05-30,135.10548400878906,139.59465948344436,132.8958783257386,138.6948289010735,333170900
2025-06-02,137.35507202148438,138.09492795630163,135.37542038395227,135.46541564458173,197663100
2025-06-03,141.19436645507812,141.97422364617418,137.9249557656252,138.75480693174418,225578800
2025-06-04,141.8942413330078,142.36415725393297,139.5146683935161,142.1641966028205,167120800
2025-06-05,139.964599609375,143.97386636815438,138.80480646885346,142.14419665233672,231397900
2025-06-06,141.69427490234375,143.24399658328852,141.4843063108272,142.4841247816278,153986200
2025-06-09,142.6041259765625,144.97369107987248,141.91424872977086,143.16402192873528,185114500
2025-06-10,143.9338836669922,144.26381035974757,141.50431668274294,142.66410985007164,155881900
2025-06-11,142.81399536132812,144.97375695921582,141.85409623212945,144.59379466225064,167694000
2025-06-12,144.98374938964844,144.98374938964844,141.83410852298076,141.9540901919345,162365000
2025-06-13,141.95408630371094,143.5639064320885,140.83421673860605,142.4640236398758,180820600
2025-06-16,144.6737823486328,146.16360555156524,143.18394388862185,143.33393622751285,183133700
2025-06-17,144.1038360595703,145.20371882793046,143.7638778428329,144.4738049491523,139108000
2025-06-18,145.46368408203125,145.63366319028128,143.10394808189747,143.9938476821936,161494100
2025-06-20,143.83387756347656,146.1836049259659,142.63399990245927,145.43368901636921,242956200
2025-06-23,144.15383911132812,144.76377135076248,142.01407957999888,142.48402812138661,154308900
2025-06-24,147.88340759277344,147.94341367999496,145.4836828445603,145.54367367470394,187566100
2025-06-25,154.29270935058594,154.43269305532343,149.24327207878133,149.25328072295656,269146500
2025-06-26,155.00262451171875,156.70243086817015,153.98273459501658,155.9625083392563,198145700
2025-06-27,157.73231506347656,158.69221415352254,155.24258871826237,156.02250005395288,263234500
2025-06-30,157.97230529785156,158.6422284044636,155.94253394670602,158.38224776867892,194580300
2025-07-01,153.2828369140625,157.18239409932116,151.47304203431221,156.27249233706732,213143600
2025-07-02,157.2323760986328,157.58234297497486,152.95285700312823,152.962850389823,171224100
2025-07-03,159.3221435546875,160.96195919540767,157.7523273944205,158.35225101493015,143716100
2025-07-07,158.22227478027344,159.29214695363126,157.3223664705724,158.18227071828886,140139000
2025-07-08,159.98207092285156,160.20204749093682,158.3722507239072,159.31214783171163,138133000
2025-07-09,162.86175537109375,164.40157611225678,161.14194686393122,161.20193770023792,183656400
2025-07-10,164.0816192626953,164.48156834124046,161.5918927660757,164.30159583301895,167704100
2025-07-11,164.90151977539062,167.87118822352508,163.4516852914618,163.70165728031435,193633300
2025-07-14,164.05162048339844,165.4714595173457,162.00184716942397,165.35146259057728,136975800
2025-07-15,170.6808624267578,172.38066881478494,169.18103056842588,171.17081299302788,230627400
2025-07-16,171.35079956054688,171.73076187811773,168.88107501049606,171.04083672550954,158831500
2025-07-17,172.98062133789062,174.1404950617398,170.81086624213197,172.00073538495315,160841100
2025-07-18,172.39068603515625,174.23047621121117,171.24080573231237,173.62054394819432,146456400
2025-07-21,171.36080932617188,173.36058531454748,170.9808470061149,172.73065099594356,123126100
2025-07-22,167.01129150390625,171.37080379639445,164.5615689540832,171.32080634495316,193114300
2025-07-23,170.7608642578125,171.24080620570157,167.95118153678195,169.511004310231,154082200
2025-07-24,173.7205352783203,173.81052153075,171.28080627636527,172.42067791171223,128984600
2025-07-25,173.48056030273438,174.70042482917586,172.9406275198062,173.59054858813744,122316800
2025-07-28,176.73019409179688,176.98016607778243,173.9505068282037,174.00050427681666,140023500
2025-07-29,175.49032592773438,179.35990260986108,175.00039060425894,177.94006357342778,154077500
2025-07-30,179.2499237060547,179.869849375745,176.0202745228646,176.49022309733303,174312200
2025-07-31,177.85006713867188,183.2794667127293,175.9102820488597,182.87950237318685,221685400
2025-08-01,173.70053100585938,176.52020701181988,170.8708463561498,174.07048465468185,204529000
2025-08-04,179.97982788085938,180.17980241597786,174.500446281802,175.14037394842856,148174600
2025-08-05,178.24002075195312,180.23979665506658,175.8802845759961,179.59986897635343,156407600
2025-08-06,179.39988708496094,179.87982901005608,176.23024423927978,176.31023710297544,137192300
2025-08-07,180.749755859375,183.85940811228025,178.7799753024853,181.54966930117607,151878400
2025-08-08,182.6795196533203,183.27945850723472,180.3797743894202,181.52965464990967,123396700
2025-08-11,182.0395965576172,183.8193958765311,180.22980182096376,182.02960317073044,138323200
2025-08-12,183.1394805908203,184.4593247511904,179.43989822709233,182.9395060522284,145485700
2025-08-13,181.5696563720703,183.9493946696141,179.329917039869,182.59953978080497,179871700
2025-08-14,181.99960327148438,182.99949119039164,179.43989264021437,179.7298534235828,129554000
2025-08-15,180.42977905273438,181.87961354108583,178.02004541114613,181.85962676701382,156602200
2025-08-18,181.98959350585938,182.91949719839158,180.56975450061333,180.57976314427117,132008000
2025-08-19,175.6203155517578,182.47954736718557,175.47033846497254,182.4095478886331,185229200
2025-08-20,175.38034057617188,175.9802794498554,168.7810892510499,175.1503706193276,215142700
2025-08-21,174.96038818359375,176.88017120538285,173.79052111986658,174.83041312567687,140040900
2025-08-22,177.97006225585938,178.56998587344157,171.18081451068767,172.59066018618677,172789400
2025-08-25,179.78985595703125,181.88962682620624,176.5502286534902,178.33002804439553,163012800
2025-08-26,181.7496337890625,182.36955942503778,178.78995879531527,180.0398187111229,168688200
2025-08-27,181.57965087890625,182.46955051009175,179.07993109949993,181.95959791056248,235518900
2025-08-28,180.14981079101562,184.44933204343067,176.39023757757423,180.79974711518173,281787800
2025-08-29,174.1604766845703,178.130033086625,173.13059331145078,178.09004428153852,243257900
2025-09-02,170.7608642578125,172.36069109354864,167.20126556823303,169.980952871088,231164900
2025-09-03,170.60089111328125,172.3906992342715,168.86109570238054,171.0408442884315,164424900
2025-09-04,171.64077758789062,171.8407521362954,169.39102958990665,170.55090333056648,141670100
2025-09-05,167.0012969970703,169.0110663720669,164.05163046676552,168.01117837826322,224441400
2025-09-08,168.2911376953125,170.940849905597,167.33125381142952,167.53122834914853,163769100
2025-09-09,170.74085998535156,170.96083655380463,166.7213214317911,169.0710489481518,157548400
2025-09-10,177.3101348876953,179.26990675759993,175.45034266016896,176.62020974984335,226852000
2025-09-11,177.16014099121094,180.26996857097555,176.4701769393558,179.66999584989978,151159300
2025-09-12,177.8101043701172,178.59005971058946,176.44017029123495,177.76010410307373,124911000
2025-09-15,177.74009704589844,178.84004186496986,174.50027206258352,175.66021109761542,147061600
2025-09-16,174.87026977539062,177.49011904437822,174.37029760906842,176.99014687805604,140737800
2025-09-17,170.280517578125,173.1903593144249,168.40063256525568,172.63039291663662,211843800
2025-09-18,176.23019409179688,177.09014682532762,172.95037791227023,173.9703101424577,191763300
2025-09-19,176.66015625,178.07008136373162,175.17023376194967,175.7602124903078,237182100
2025-09-22,183.5997772216797,184.53972732383275,174.70027887607205,175.29024236301854,269637000
2025-09-23,178.42005920410156,182.409842567533,176.20019683221489,181.9598706713119,192559600
2025-09-24,176.96014404296875,179.76998508551358,175.39022416770254,179.75999113536878,143564100
2025-09-25,177.68011474609375,180.24996380236055,173.12037093203185,174.47028665549124,191586700
2025-09-26,178.18008422851562,179.75999811527313,174.920255917913,178.16008106951017,148573700
2025-09-29,181.8398895263672,183.98976381560166,180.30997586310093,180.4199550960203,193063500
2025-09-30,186.56961059570312,187.3395719841704,181.4698885277926,182.06986121505474,236981000
2025-10-01,187.22958374023438,188.12952754318238,183.88975804814035,185.22969505995906,173844900
2025-10-02,188.87948608398438,191.0393695238543,188.04953044946197,189.5894532800495,136805800
2025-10-03,187.6095428466797,190.34939569471342,185.36967740169,189.1794627061203,137596900
2025-10-06,185.5296630859375,187.21957143407985,183.31979467524326,185.48967202648717,157678100
2025-10-07,185.02969360351562,189.0494741147918,183.9897582054133,186.21962980709273,140088000
2025-10-08,189.09947204589844,189.58945025835604,186.52960780500513,186.55962017208088,130168900
2025-10-09,192.5592803955078,195.28912405123697,191.04935474353755,192.21928773885006,182997200
2025-10-10,183.14981079101562,195.6091088464203,182.0398719523004,193.49922565779727,268774400
2025-10-13,188.3095245361328,190.09941818271824,185.94965529464977,187.9595379156231,153482800
2025-10-14,180.0199737548828,184.78971240822688,179.68999030007896,184.75971529942103,205641400
2025-10-15,179.8199920654297,184.85970481354866,177.2801249034248,184.7897166440438,214450500
2025-10-16,181.7998809814453,183.26980040587233,179.76000120804414,182.21985578014733,179723300
2025-10-17,183.20980834960938,184.08976427610557,179.74000017155936,180.16996892604442,173135200
2025-10-20,182.6298370361328,185.18969215276272,181.71988400794234,183.1198152646831,128544700
2025-10-21,181.14991760253906,182.77981647710283,179.78999271004406,182.77981647710283,124240200
2025-10-22,180.26995849609375,183.42978616900905,176.7501502622395,181.1299112106735,162249600
2025-10-23,182.1498565673828,183.01980322210497,179.7799782111653,180.40994799999942,111363700
2025-10-24,186.24961853027344,187.45955783835475,183.48977777431884,183.8297551720498,131296700
2025-10-27,191.47933959960938,191.98930570001696,188.41949722334647,189.979423148828,153452700
2025-10-28,201.01881408691406,203.1386912540773,191.89932637827522,193.03926234185508,297986200
2025-10-29,207.02847290039062,212.1781954922272,204.76860414707738,207.96842303697136,308829600
2025-10-30,202.8787078857422,206.1485301715792,201.39879452489242,205.1385766163601,178864400
2025-10-31,202.47872924804688,207.95841980607935,202.05875446792163,206.43850017947892,179802200
2025-11-03,206.8684844970703,211.32822759164594,205.5485506791992,208.06841462190084,180267300
2025-11-04,198.67893981933594,203.9586446199207,197.9189723693821,202.98869740675082,188919300
2025-11-05,195.1991424560547,202.90870481768462,194.63916080574026,198.75894188581304,171350300
2025-11-06,188.0695343017578,197.60899664277025,186.3696319662745,196.40906647995496,223029800
2025-11-07,188.1395263671875,188.3095303364016,178.90005019006267,184.8897071775586,264942300
2025-11-10,199.03892517089844,199.9288750287355,193.7792081445882,195.09914200543773,198897100
2025-11-11,193.1492462158203,195.40911485928362,191.28934919242405,195.14913483203398,176483300
2025-11-12,193.78921508789062,195.87909508520013,191.1193655455878,195.70910637927892,154935300
2025-11-13,186.84959411621094,191.42934088057365,183.8397672401686,191.03936321053533,207423100
2025-11-14,190.15940856933594,190.99935813210442,180.56994624954729,182.8498180673128,186591900
2025-11-17,186.58961486816406,188.98947511566342,184.30974305565786,185.95964506857126,173628900
2025-11-18,181.3498992919922,184.7897101334883,179.63998782140993,183.36979105504545,213598900
2025-11-19,186.50961303710938,187.8495347223247,182.8198161698128,184.7796984316032,247246400
2025-11-20,180.62994384765625,195.9890894251709,179.83999453744622,195.9390891568929,343504800
2025-11-21,178.8700408935547,184.54971718190046,172.92036011460985,181.22991004695137,346926200
2025-11-24,182.5398406982422,183.4897847612219,176.47017128450955,179.48001348627363,256618300
2025-11-25,177.8101043701172,178.15008177330986,169.54056066153746,174.90026276869568,320600300
2025-11-26,180.2499542236328,182.8998157763143,178.2300777211247,181.61988829154,183852000
2025-11-28,176.99014282226562,179.28000857805475,176.49017066740046,179.0000253919654,121332800
2025-12-01,179.9099884033203,180.28997214473748,173.67033006996684,174.75027181562072,188131000
2025-12-02,181.4499053955078,185.6496685428864,179.98997995570696,181.74987648908228,182632200
2025-12-03,179.5800018310547,182.43984327721986,179.1000328161426,181.06992440272873,165138000
2025-12-04,183.3800048828125,184.52000427246094,179.9600067138672,181.6199951171875,167364900
2025-12-05,182.41000366210938,184.66000366210938,180.91000366210938,183.88999938964844,143971100
2025-12-08,185.5500030517578,188.0,182.39999389648438,182.63999938964844,204378100
2025-12-09,184.97000122070312,185.72000122070312,183.32000732421875,185.55999755859375,144719700
2025-12-10,183.77999877929688,185.47999572753906,182.0399932861328,184.97000122070312,162785400
2025-12-11,180.92999267578125,181.32000732421875,176.6199951171875,180.27999877929688,182136600
2025-12-12,175.02000427246094,182.82000732421875,174.6199951171875,181.11000061035156,204274900
2025-12-15,176.2899932861328,178.4199981689453,175.02999877929688,177.94000244140625,164775600
2025-12-16,177.72000122070312,178.49000549316406,174.89999389648438,176.25999450683594,148588100
2025-12-17,170.94000244140625,176.1300048828125,170.30999755859375,176.10000610351562,222775500
2025-12-18,174.13999938964844,176.14999389648438,171.82000732421875,174.52999877929688,176096000
2025-12-19,180.99000549316406,181.4499969482422,176.33999633789062,176.6699981689453,324925900
2025-12-22,183.69000244140625,184.16000366210938,182.35000610351562,183.9199981689453,129064400
2025-12-23,189.2100067138672,189.3300018310547,182.89999389648438,182.97000122070312,174873600
2025-12-24,188.61000061035156,188.91000366210938,186.58999633789062,187.94000244140625,65528500
2025-12-26,190.52999877929688,192.69000244140625,188.0,189.9199981689453,139740300
2025-12-29,188.22000122070312,188.75999450683594,185.91000366210938,187.7100067138672,120006100
2025-12-30,187.5399932861328,188.99000549316406,186.92999267578125,188.24000549316406,97687300
2025-12-31,186.5,190.55999755859375,186.49000549316406,189.57000732421875,120100500
2026-01-02,188.85000610351562,192.92999267578125,188.25999450683594,189.83999633789062,148240500
2026-01-05,188.1199951171875,193.6300048828125,186.14999389648438,191.75999450683594,183529700
2026-01-06,187.24000549316406,192.1699981689453,186.82000732421875,190.52000427246094,176862600
2026-01-07,189.11000061035156,191.3699951171875,186.55999755859375,188.57000732421875,153543200
2026-01-08,185.0399932861328,189.5500030517578,183.7100067138672,189.11000061035156,172457000
2026-01-09,184.86000061035156,186.33999633789062,183.6699981689453,185.0800018310547,131327500
2026-01-12,184.94000244140625,187.1199951171875,183.02000427246094,183.22000122070312,137968500
2026-01-13,185.80999755859375,188.11000061035156,183.39999389648438,185.0,160128900
2026-01-14,183.13999938964844,184.4600067138672,180.8000030517578,184.32000732421875,159586100
2026-01-15,187.0500030517578,189.6999969482422,186.3300018310547,186.5,206188600
2026-01-16,186.22999572753906,190.44000244140625,186.0800018310547,189.0800018310547,187967200
2026-01-20,178.07000732421875,182.3800048828125,177.61000061035156,181.89999389648438,223345300
2026-01-21,183.32000732421875,185.3800048828125,178.39999389648438,179.0500030517578,200381000
2026-01-22,184.83999633789062,186.1699981689453,183.92999267578125,184.75,139636600
2026-01-23,187.6699981689453,189.60000610351562,186.82000732421875,187.5,142748100
2026-01-26,186.47000122070312,189.1199951171875,185.99000549316406,187.16000366210938,124799600
2026-01-27,188.52000427246094,190.0,185.6999969482422,187.24000549316406,143711600
2026-01-28,191.52000427246094,192.35000610351562,189.83999633789062,191.27000427246094,147338800
